1.72ms,633.52us,19.57ms,1532.69\nTransfer/sec:,511.84KB\n")
3.51ms,7.98ms,231.42ms,1527.19\nTransfer/sec:,510.01KB\n")
1.74ms,658.22us,21.39ms,1532.70\nTransfer/sec:,511.85KB\n")
3.68ms,7.36ms,228.86ms,1527.58\nTransfer/sec:,510.14KB\n")
1.73ms,632.70us,21.31ms,1532.71\nTransfer/sec:,511.85KB\n")
17.54ms,81.94ms,1.16s,1527.91\nTransfer/sec:,510.25KB\n")
1.77ms,1.06ms,36.93ms,1532.68\nTransfer/sec:,511.84KB\n")
4.28ms,8.91ms,234.75ms,1527.56\nTransfer/sec:,510.13KB\n")
1.74ms,626.03us,16.42ms,1532.71\nTransfer/sec:,511.85KB\n")
1.75ms,778.75us,26.16ms,1532.73\nTransfer/sec:,511.86KB\n")
3.27ms,7.53ms,224.38ms,1527.34\nTransfer/sec:,510.06KB\n")
1.76ms,740.74us,22.34ms,1533.68\nTransfer/sec:,512.17KB\n")
6.45ms,10.13ms,237.57ms,1531.27\nTransfer/sec:,511.37KB\n")
1.77ms,772.04us,21.95ms,1538.43\nTransfer/sec:,513.76KB\n")
1.84ms,782.46us,25.50ms,1542.48\nTransfer/sec:,515.12KB\n")
3.93ms,8.57ms,229.76ms,1540.96\nTransfer/sec:,514.61KB\n")
2.00ms,4.88ms,163.97ms,1549.33\nTransfer/sec:,517.40KB\n")
1.77ms,842.35us,28.08ms,1552.39\nTransfer/sec:,518.42KB\n")
1.77ms,690.59us,20.42ms,1555.24\nTransfer/sec:,519.38KB\n")
6.76ms,9.93ms,208.64ms,1552.61\nTransfer/sec:,518.50KB\n")
1.84ms,684.91us,21.28ms,1561.27\nTransfer/sec:,521.39KB\n")
1.80ms,754.09us,23.95ms,1567.13\nTransfer/sec:,523.35KB\n")
1.86ms,848.29us,32.80ms,1575.04\nTransfer/sec:,525.99KB\n")
1.76ms,790.14us,25.73ms,1580.95\nTransfer/sec:,527.96KB\n")
7.68ms,11.06ms,223.23ms,1583.01\nTransfer/sec:,528.65KB\n")
1.74ms,729.09us,22.46ms,1590.87\nTransfer/sec:,531.28KB\n")
1.78ms,0.95ms,39.07ms,1594.80\nTransfer/sec:,532.59KB\n")
5.43ms,8.62ms,193.54ms,1590.19\nTransfer/sec:,531.05KB\n")
1.75ms,704.49us,27.54ms,1598.80\nTransfer/sec:,533.93KB\n")
1.78ms,659.86us,22.43ms,1596.80\nTransfer/sec:,533.26KB\n")
1.72ms,701.33us,26.88ms,1598.75\nTransfer/sec:,533.91KB\n")
1.77ms,730.62us,22.21ms,1602.68\nTransfer/sec:,535.22KB\n")
1.82ms,770.81us,21.28ms,1604.64\nTransfer/sec:,535.88KB\n")
1.89ms,798.95us,26.88ms,1606.67\nTransfer/sec:,536.55KB\n")
1.78ms,733.13us,21.70ms,1608.66\nTransfer/sec:,537.22KB\n")
1.80ms,787.44us,21.46ms,1614.45\nTransfer/sec:,539.15KB\n")
10.64ms,14.09ms,211.97ms,1612.72\nTransfer/sec:,538.57KB\n")
1.76ms,1.04ms,38.72ms,1618.54\nTransfer/sec:,540.52KB\n")
1.74ms,770.06us,23.25ms,1619.53\nTransfer/sec:,540.85KB\n")
1.75ms,726.73us,24.59ms,1621.47\nTransfer/sec:,541.50KB\n")
1.76ms,673.62us,21.62ms,1621.44\nTransfer/sec:,541.49KB\n")
1.81ms,803.21us,25.17ms,1624.33\nTransfer/sec:,542.45KB\n")
1.77ms,834.07us,29.46ms,1623.37\nTransfer/sec:,542.13KB\n")
1.76ms,702.51us,23.66ms,1621.39\nTransfer/sec:,541.47KB\n")
1.76ms,779.61us,30.38ms,1618.51\nTransfer/sec:,540.51KB\n")
1.77ms,807.45us,26.03ms,1618.49\nTransfer/sec:,540.50KB\n")
5.75ms,8.43ms,211.33ms,1612.15\nTransfer/sec:,538.38KB\n")
1.92ms,2.50ms,101.31ms,1617.54\nTransfer/sec:,540.18KB\n")
1.72ms,633.48us,14.30ms,1615.64\nTransfer/sec:,539.55KB\n")
1.77ms,618.93us,12.01ms,1616.62\nTransfer/sec:,539.88KB\n")
1.74ms,609.32us,14.28ms,1616.55\nTransfer/sec:,539.85KB\n")
1.73ms,690.27us,21.84ms,1614.48\nTransfer/sec:,539.16KB\n")
1.75ms,719.08us,21.49ms,1610.55\nTransfer/sec:,537.85KB\n")
2.02ms,0.89ms,32.45ms,1605.73\nTransfer/sec:,536.24KB\n")
1.78ms,757.72us,22.77ms,1600.73\nTransfer/sec:,534.57KB\n")
1.77ms,820.97us,28.37ms,1598.80\nTransfer/sec:,533.93KB\n")
1.78ms,645.31us,17.92ms,1595.84\nTransfer/sec:,532.94KB\n")
1.76ms,0.97ms,40.54ms,1592.80\nTransfer/sec:,531.92KB\n")
6.70ms,11.01ms,219.39ms,1584.84\nTransfer/sec:,529.26KB\n")
1.77ms,762.87us,25.97ms,1593.80\nTransfer/sec:,532.25KB\n")
1.80ms,1.23ms,53.15ms,1592.83\nTransfer/sec:,531.93KB\n")
1.75ms,622.81us,13.77ms,1591.87\nTransfer/sec:,531.61KB\n")
1.76ms,726.95us,19.10ms,1591.80\nTransfer/sec:,531.59KB\n")
1.75ms,682.96us,23.09ms,1591.84\nTransfer/sec:,531.60KB\n")
1.75ms,743.19us,23.07ms,1588.86\nTransfer/sec:,530.61KB\n")
5.55ms,8.44ms,202.24ms,1580.98\nTransfer/sec:,527.97KB\n")
1.88ms,744.37us,20.67ms,1583.97\nTransfer/sec:,528.97KB\n")
4.89ms,8.82ms,239.49ms,1577.87\nTransfer/sec:,526.94KB\n")
1.83ms,1.03ms,35.42ms,1583.92\nTransfer/sec:,528.96KB\n")
1.73ms,634.28us,18.78ms,1581.94\nTransfer/sec:,528.30KB\n")
1.74ms,645.46us,16.50ms,1581.99\nTransfer/sec:,528.31KB\n")
1.74ms,667.94us,19.28ms,1581.93\nTransfer/sec:,528.29KB\n")
1.79ms,739.17us,20.16ms,1582.95\nTransfer/sec:,528.63KB\n")
1.82ms,779.29us,24.75ms,1585.88\nTransfer/sec:,529.61KB\n")
1.86ms,718.61us,22.13ms,1585.92\nTransfer/sec:,529.62KB\n")
1.97ms,723.66us,20.19ms,1584.91\nTransfer/sec:,529.29KB\n")
1.83ms,671.75us,19.34ms,1583.90\nTransfer/sec:,528.95KB\n")
1.73ms,698.01us,20.34ms,1580.97\nTransfer/sec:,527.97KB\n")
3.59ms,13.33ms,229.38ms,1578.98\nTransfer/sec:,527.31KB\n")
1.73ms,674.61us,22.24ms,1579.01\nTransfer/sec:,527.32KB\n")
8.09ms,12.35ms,266.75ms,1572.46\nTransfer/sec:,525.13KB\n")
1.75ms,646.04us,17.47ms,1576.00\nTransfer/sec:,526.31KB\n")
1.76ms,622.69us,15.92ms,1574.99\nTransfer/sec:,525.97KB\n")
1.80ms,757.07us,28.21ms,1575.03\nTransfer/sec:,525.99KB\n")
1.75ms,639.20us,22.54ms,1574.09\nTransfer/sec:,525.67KB\n")
1.76ms,779.68us,23.58ms,1574.09\nTransfer/sec:,525.67KB\n")
1.75ms,784.30us,23.65ms,1572.12\nTransfer/sec:,525.01KB\n")
1.75ms,753.32us,25.84ms,1570.11\nTransfer/sec:,524.34KB\n")
1.74ms,0.95ms,39.23ms,1570.14\nTransfer/sec:,524.35KB\n")
1.74ms,642.47us,15.46ms,1568.08\nTransfer/sec:,523.67KB\n")
3.49ms,6.31ms,191.49ms,1562.50\nTransfer/sec:,521.80KB\n")
1.87ms,793.81us,31.50ms,1565.12\nTransfer/sec:,522.68KB\n")
1.83ms,705.25us,23.10ms,1565.09\nTransfer/sec:,522.67KB\n")
1.81ms,0.91ms,29.50ms,1562.21\nTransfer/sec:,521.71KB\n")
5.75ms,8.89ms,230.91ms,1554.51\nTransfer/sec:,519.13KB\n")
9.03ms,22.19ms,459.26ms,1549.04\nTransfer/sec:,517.31KB\n")
3.57ms,8.44ms,229.25ms,1556.47\nTransfer/sec:,519.79KB\n")
1.74ms,658.53us,18.75ms,1561.26\nTransfer/sec:,521.39KB\n")
1.71ms,654.78us,21.10ms,1559.27\nTransfer/sec:,520.72KB\n")
1.74ms,1.08ms,40.19ms,1559.26\nTransfer/sec:,520.72KB\n")
1.72ms,715.87us,27.01ms,1556.22\nTransfer/sec:,519.70KB\n")
5.95ms,9.28ms,253.70ms,1545.16\nTransfer/sec:,516.01KB\n")
1.75ms,723.41us,21.55ms,1548.37\nTransfer/sec:,517.08KB\n")
1.91ms,709.29us,26.46ms,1542.49\nTransfer/sec:,515.12KB\n")
11.76ms,78.22ms,1.10s,1534.70\nTransfer/sec:,512.52KB\n")
1.78ms,728.07us,25.06ms,1537.41\nTransfer/sec:,513.42KB\n")
7.05ms,10.97ms,243.84ms,1532.80\nTransfer/sec:,511.88KB\n")
1.82ms,646.22us,18.32ms,1541.55\nTransfer/sec:,514.80KB\n")
1.82ms,679.39us,20.27ms,1542.49\nTransfer/sec:,515.12KB\n")
2.12ms,4.18ms,121.73ms,1541.50\nTransfer/sec:,514.79KB\n")
1.81ms,662.89us,15.34ms,1541.53\nTransfer/sec:,514.80KB\n")
1.95ms,699.46us,17.74ms,1542.51\nTransfer/sec:,515.13KB\n")
1.73ms,680.76us,21.65ms,1540.54\nTransfer/sec:,514.47KB\n")
14.14ms,81.34ms,1.12s,1534.10\nTransfer/sec:,512.32KB\n")
1.77ms,666.40us,22.72ms,1538.49\nTransfer/sec:,513.78KB\n")
15.95ms,80.34ms,1.09s,1530.15\nTransfer/sec:,511.00KB\n")
1.78ms,729.79us,25.33ms,1533.66\nTransfer/sec:,512.17KB\n")
1.73ms,674.71us,20.43ms,1530.67\nTransfer/sec:,511.17KB\n")
1.72ms,657.23us,20.91ms,1527.55\nTransfer/sec:,510.13KB\n")
1.86ms,1.15ms,36.16ms,1525.53\nTransfer/sec:,509.45KB\n")
11.06ms,77.72ms,1.07s,1524.74\nTransfer/sec:,509.19KB\n")
2.18ms,729.94us,22.24ms,1524.80\nTransfer/sec:,509.21KB\n")
1.85ms,664.31us,17.06ms,1522.80\nTransfer/sec:,508.54KB\n")
1.84ms,765.58us,23.86ms,1521.83\nTransfer/sec:,508.22KB\n")
7.96ms,10.39ms,195.07ms,1514.28\nTransfer/sec:,505.70KB\n")
1.77ms,621.99us,17.14ms,1514.01\nTransfer/sec:,505.61KB\n")
1.74ms,619.09us,16.70ms,1514.04\nTransfer/sec:,505.62KB\n")
1.73ms,682.50us,23.47ms,1509.89\nTransfer/sec:,504.23KB\n")
1.92ms,845.10us,26.19ms,1506.73\nTransfer/sec:,503.18KB\n")
1.86ms,691.42us,19.50ms,1504.92\nTransfer/sec:,502.57KB\n")
1.78ms,1.03ms,37.57ms,1501.02\nTransfer/sec:,501.27KB\n")
1.88ms,640.44us,12.00ms,1504.96\nTransfer/sec:,502.58KB\n")
1.78ms,725.42us,20.10ms,1507.83\nTransfer/sec:,503.54KB\n")
1.83ms,834.37us,28.61ms,1507.81\nTransfer/sec:,503.54KB\n")
28.72ms,122.65ms,1.12s,1495.30\nTransfer/sec:,499.36KB\n")
1.83ms,681.23us,15.88ms,1503.11\nTransfer/sec:,501.97KB\n")
1.77ms,676.09us,19.66ms,1497.86\nTransfer/sec:,500.21KB\n")
1.78ms,673.77us,15.48ms,1489.10\nTransfer/sec:,497.29KB\n")
1.83ms,699.60us,17.84ms,1484.34\nTransfer/sec:,495.70KB\n")
3.66ms,6.67ms,194.43ms,1477.17\nTransfer/sec:,493.30KB\n")
5.33ms,9.56ms,240.00ms,1477.29\nTransfer/sec:,493.34KB\n")
1.77ms,687.34us,24.38ms,1478.05\nTransfer/sec:,493.60KB\n")
1.84ms,606.41us,12.26ms,1477.08\nTransfer/sec:,493.27KB\n")
1.77ms,0.87ms,31.71ms,1480.26\nTransfer/sec:,494.34KB\n")
1.75ms,643.73us,16.36ms,1481.31\nTransfer/sec:,494.69KB\n")
1.88ms,729.73us,26.08ms,1485.14\nTransfer/sec:,495.97KB\n")
1.98ms,775.42us,19.30ms,1488.03\nTransfer/sec:,496.93KB\n")
1.78ms,684.93us,20.08ms,1494.29\nTransfer/sec:,499.02KB\n")
1.75ms,677.55us,18.77ms,1499.99\nTransfer/sec:,500.93KB\n")
2.09ms,728.74us,19.04ms,1504.13\nTransfer/sec:,502.31KB\n")
1.82ms,1.14ms,40.48ms,1507.82\nTransfer/sec:,503.54KB\n")
1.75ms,613.91us,11.74ms,1510.91\nTransfer/sec:,504.57KB\n")
1.75ms,644.45us,21.25ms,1515.64\nTransfer/sec:,506.15KB\n")
12.86ms,77.58ms,1.09s,1520.12\nTransfer/sec:,507.65KB\n")
1.73ms,677.20us,19.97ms,1536.39\nTransfer/sec:,513.08KB\n")
1.72ms,797.07us,26.66ms,1549.41\nTransfer/sec:,517.43KB\n")
1.75ms,673.34us,19.18ms,1557.22\nTransfer/sec:,520.04KB\n")
1.73ms,780.54us,29.87ms,1571.06\nTransfer/sec:,524.66KB\n")
1.90ms,730.18us,21.01ms,1582.92\nTransfer/sec:,528.62KB\n")
1.74ms,766.55us,24.51ms,1593.79\nTransfer/sec:,532.25KB\n")
1.83ms,700.87us,20.56ms,1604.59\nTransfer/sec:,535.86KB\n")
1.75ms,816.79us,31.63ms,1608.66\nTransfer/sec:,537.22KB\n")
1.74ms,641.57us,14.03ms,1613.52\nTransfer/sec:,538.84KB\n")
1.76ms,668.32us,18.02ms,1625.42\nTransfer/sec:,542.82KB\n")
1.79ms,671.82us,20.74ms,1640.26\nTransfer/sec:,547.77KB\n")
1.79ms,848.00us,31.68ms,1653.87\nTransfer/sec:,552.32KB\n")
1.72ms,646.23us,17.12ms,1669.81\nTransfer/sec:,557.64KB\n")
1.75ms,651.18us,16.37ms,1688.67\nTransfer/sec:,563.94KB\n")
1.75ms,706.22us,23.07ms,1708.50\nTransfer/sec:,570.56KB\n")
2.00ms,709.54us,19.55ms,1721.98\nTransfer/sec:,575.07KB\n")
1.78ms,623.51us,15.10ms,1736.08\nTransfer/sec:,579.77KB\n")
5.16ms,23.39ms,435.20ms,1750.78\nTransfer/sec:,584.68KB\n")
1.75ms,626.08us,9.31ms,1763.53\nTransfer/sec:,588.94KB\n")
1.98ms,778.77us,21.06ms,1774.49\nTransfer/sec:,592.60KB\n")
1.83ms,1.04ms,38.56ms,1788.55\nTransfer/sec:,597.30KB\n")
1.92ms,718.97us,18.53ms,1800.12\nTransfer/sec:,601.16KB\n")
1.75ms,653.98us,19.18ms,1812.86\nTransfer/sec:,605.42KB\n")
1.73ms,623.15us,11.21ms,1824.85\nTransfer/sec:,609.42KB\n")
1.74ms,685.03us,21.97ms,1836.83\nTransfer/sec:,613.42KB\n")
1.76ms,710.70us,19.71ms,1850.51\nTransfer/sec:,617.99KB\n")
1.74ms,699.78us,21.73ms,1864.33\nTransfer/sec:,622.61KB\n")
1.77ms,1.01ms,35.17ms,1878.38\nTransfer/sec:,627.30KB\n")
3.30ms,10.73ms,283.14ms,1885.13\nTransfer/sec:,629.55KB\n")
1.74ms,637.01us,14.18ms,1902.75\nTransfer/sec:,635.44KB\n")
1.85ms,666.57us,18.37ms,1915.64\nTransfer/sec:,639.74KB\n")
1.78ms,803.25us,26.00ms,1930.44\nTransfer/sec:,644.69KB\n")
1.84ms,727.39us,20.29ms,1944.41\nTransfer/sec:,649.35KB\n")
1.73ms,665.20us,21.55ms,1958.23\nTransfer/sec:,653.97KB\n")
1.75ms,1.04ms,46.34ms,1975.01\nTransfer/sec:,659.57KB\n")
1.74ms,739.04us,24.86ms,1992.72\nTransfer/sec:,665.47KB\n")
1.84ms,0.90ms,28.88ms,2015.47\nTransfer/sec:,673.04KB\n")
1.76ms,0.87ms,29.04ms,2039.08\nTransfer/sec:,680.92KB\n")
1.77ms,0.95ms,36.51ms,2058.78\nTransfer/sec:,687.50KB\n")
1.74ms,787.32us,23.39ms,2076.65\nTransfer/sec:,693.47KB\n")
1.75ms,806.78us,28.34ms,2093.57\nTransfer/sec:,699.12KB\n")
1.77ms,836.40us,22.18ms,2112.42\nTransfer/sec:,705.42KB\n")
4.15ms,18.14ms,395.52ms,2121.99\nTransfer/sec:,708.61KB\n")
1.80ms,752.03us,21.20ms,2139.93\nTransfer/sec:,714.60KB\n")
1.77ms,703.30us,22.08ms,2151.86\nTransfer/sec:,718.59KB\n")
1.72ms,701.70us,23.55ms,2165.51\nTransfer/sec:,723.15KB\n")
1.79ms,695.49us,18.14ms,2178.26\nTransfer/sec:,727.41KB\n")
1.76ms,823.60us,26.06ms,2193.39\nTransfer/sec:,732.46KB\n")
12.16ms,23.84ms,397.06ms,2202.16\nTransfer/sec:,735.39KB\n")
1.73ms,693.50us,24.19ms,2223.95\nTransfer/sec:,742.67KB\n")
1.82ms,726.81us,21.46ms,2237.43\nTransfer/sec:,747.17KB\n")
1.74ms,746.13us,27.28ms,2255.30\nTransfer/sec:,753.14KB\n")
1.72ms,685.21us,22.48ms,2271.30\nTransfer/sec:,758.48KB\n")
2.22ms,849.79us,26.83ms,2283.14\nTransfer/sec:,762.43KB\n")
1.75ms,824.23us,25.55ms,2294.04\nTransfer/sec:,766.08KB\n")
1.75ms,716.61us,25.14ms,2304.84\nTransfer/sec:,769.68KB\n")
1.77ms,0.85ms,26.27ms,2313.83\nTransfer/sec:,772.68KB\n")
6.02ms,22.29ms,444.42ms,2314.12\nTransfer/sec:,772.78KB\n")
3.57ms,11.17ms,216.45ms,2328.39\nTransfer/sec:,777.55KB\n")
5.15ms,22.56ms,388.61ms,2327.08\nTransfer/sec:,777.11KB\n")
1.77ms,783.37us,24.16ms,2340.32\nTransfer/sec:,781.53KB\n")
1.76ms,814.30us,29.74ms,2347.26\nTransfer/sec:,783.85KB\n")
1.79ms,772.02us,28.26ms,2353.24\nTransfer/sec:,785.85KB\n")
1.76ms,746.47us,23.76ms,2360.14\nTransfer/sec:,788.15KB\n")
1.77ms,774.55us,24.02ms,2363.98\nTransfer/sec:,789.44KB\n")
5.18ms,22.57ms,389.38ms,2360.59\nTransfer/sec:,788.30KB\n")
1.80ms,818.79us,30.21ms,2371.91\nTransfer/sec:,792.08KB\n")
1.94ms,751.10us,24.00ms,2375.88\nTransfer/sec:,793.41KB\n")
1.73ms,693.36us,17.92ms,2388.74\nTransfer/sec:,797.71KB\n")
3.98ms,14.77ms,335.36ms,2404.38\nTransfer/sec:,802.93KB\n")
1.82ms,0.86ms,28.54ms,2417.34\nTransfer/sec:,807.25KB\n")
13.42ms,91.62ms,1.21s,2423.27\nTransfer/sec:,809.24KB\n")
6.86ms,23.17ms,447.74ms,2418.17\nTransfer/sec:,807.54KB\n")
1.74ms,778.41us,24.02ms,2431.18\nTransfer/sec:,811.88KB\n")
1.80ms,813.57us,24.26ms,2432.14\nTransfer/sec:,812.20KB\n")
1.82ms,0.89ms,24.67ms,2434.09\nTransfer/sec:,812.85KB\n")
1.79ms,820.73us,23.74ms,2436.11\nTransfer/sec:,813.53KB\n")
1.81ms,0.97ms,30.00ms,2437.14\nTransfer/sec:,813.87KB\n")
6.38ms,16.55ms,350.46ms,2432.58\nTransfer/sec:,812.35KB\n")
1.93ms,1.99ms,57.31ms,2437.12\nTransfer/sec:,813.86KB\n")
1.83ms,775.27us,14.14ms,2434.05\nTransfer/sec:,812.84KB\n")
12.33ms,82.99ms,1.06s,2427.32\nTransfer/sec:,810.59KB\n")
22.92ms,117.68ms,1.11s,2423.23\nTransfer/sec:,809.22KB\n")
12.82ms,87.75ms,1.22s,2424.12\nTransfer/sec:,809.52KB\n")
2.03ms,0.85ms,27.98ms,2423.07\nTransfer/sec:,809.17KB\n")
1.99ms,0.97ms,27.15ms,2425.27\nTransfer/sec:,809.90KB\n")
6.95ms,23.60ms,451.33ms,2424.47\nTransfer/sec:,809.64KB\n")
1.76ms,783.91us,23.84ms,2436.15\nTransfer/sec:,813.54KB\n")
1.81ms,784.83us,26.21ms,2440.07\nTransfer/sec:,814.85KB\n")
1.90ms,1.53ms,46.56ms,2441.01\nTransfer/sec:,815.16KB\n")
2.32ms,3.96ms,103.55ms,2443.68\nTransfer/sec:,816.05KB\n")
1.87ms,1.07ms,33.41ms,2446.16\nTransfer/sec:,816.88KB\n")
1.82ms,818.26us,18.64ms,2450.89\nTransfer/sec:,818.46KB\n")
1.80ms,834.83us,21.54ms,2455.88\nTransfer/sec:,820.13KB\n")
6.17ms,15.99ms,356.86ms,2445.68\nTransfer/sec:,816.72KB\n")
7.83ms,22.03ms,376.58ms,2442.46\nTransfer/sec:,815.65KB\n")
17.95ms,86.94ms,1.08s,2434.24\nTransfer/sec:,812.90KB\n")
1.87ms,773.24us,18.72ms,2436.20\nTransfer/sec:,813.55KB\n")
1.91ms,754.83us,23.65ms,2425.18\nTransfer/sec:,809.88KB\n")
1.85ms,796.08us,27.82ms,2412.39\nTransfer/sec:,805.60KB\n")
24.01ms,108.60ms,1.13s,2396.56\nTransfer/sec:,800.31KB\n")
1.82ms,821.64us,28.99ms,2391.61\nTransfer/sec:,798.66KB\n")
1.75ms,671.44us,9.80ms,2387.69\nTransfer/sec:,797.35KB\n")
1.77ms,777.71us,24.77ms,2384.81\nTransfer/sec:,796.39KB\n")
1.82ms,847.51us,26.43ms,2382.76\nTransfer/sec:,795.71KB\n")
1.94ms,755.80us,20.05ms,2376.90\nTransfer/sec:,793.75KB\n")
1.74ms,762.01us,24.03ms,2384.75\nTransfer/sec:,796.37KB\n")
19.15ms,28.42ms,400.64ms,2381.25\nTransfer/sec:,795.20KB\n")
1.74ms,677.82us,14.63ms,2386.81\nTransfer/sec:,797.06KB\n")
1.76ms,711.58us,14.14ms,2384.75\nTransfer/sec:,796.37KB\n")
25.24ms,115.59ms,1.21s,2377.46\nTransfer/sec:,793.94KB\n")
1.80ms,717.02us,9.70ms,2408.54\nTransfer/sec:,804.32KB\n")
1.77ms,777.03us,23.18ms,2432.07\nTransfer/sec:,812.18KB\n")
1.86ms,0.92ms,26.58ms,2443.84\nTransfer/sec:,816.11KB\n")
1.83ms,760.84us,16.67ms,2440.02\nTransfer/sec:,814.83KB\n")
1.78ms,740.43us,20.88ms,2432.14\nTransfer/sec:,812.20KB\n")
1.79ms,775.78us,23.79ms,2416.38\nTransfer/sec:,806.94KB\n")
1.74ms,698.06us,16.42ms,2408.43\nTransfer/sec:,804.28KB\n")
1.76ms,710.29us,16.98ms,2401.49\nTransfer/sec:,801.96KB\n")
1.77ms,758.45us,19.92ms,2410.47\nTransfer/sec:,804.96KB\n")
1.81ms,699.03us,16.54ms,2400.58\nTransfer/sec:,801.66KB\n")
1.79ms,789.34us,30.40ms,2389.74\nTransfer/sec:,798.04KB\n")
23.79ms,121.48ms,1.16s,2374.81\nTransfer/sec:,793.05KB\n")
1.75ms,756.65us,21.65ms,2358.03\nTransfer/sec:,787.45KB\n")
13.39ms,79.77ms,1.11s,2336.33\nTransfer/sec:,780.20KB\n")
1.74ms,779.09us,24.08ms,2343.36\nTransfer/sec:,782.55KB\n")
1.76ms,734.68us,24.30ms,2334.51\nTransfer/sec:,779.59KB\n")
1.75ms,713.97us,22.80ms,2322.56\nTransfer/sec:,775.60KB\n")
1.76ms,828.08us,26.91ms,2309.73\nTransfer/sec:,771.31KB\n")
1.78ms,739.66us,22.69ms,2299.84\nTransfer/sec:,768.01KB\n")
1.78ms,802.09us,26.58ms,2291.96\nTransfer/sec:,765.38KB\n")
34.45ms,123.47ms,1.07s,2297.82\nTransfer/sec:,767.34KB\n")
1.75ms,735.63us,25.86ms,2289.98\nTransfer/sec:,764.72KB\n")
1.77ms,797.66us,23.87ms,2292.05\nTransfer/sec:,765.41KB\n")
1.76ms,679.51us,25.15ms,2304.71\nTransfer/sec:,769.64KB\n")
1.77ms,723.18us,26.96ms,2345.23\nTransfer/sec:,783.17KB\n")
1.77ms,745.77us,22.77ms,2351.09\nTransfer/sec:,785.13KB\n")
10.07ms,24.49ms,420.61ms,2332.84\nTransfer/sec:,779.04KB\n")
1.79ms,0.92ms,24.54ms,2339.39\nTransfer/sec:,781.22KB\n")
1.77ms,741.89us,18.40ms,2333.49\nTransfer/sec:,779.25KB\n")
2.00ms,0.87ms,30.77ms,2328.44\nTransfer/sec:,777.56KB\n")
6.57ms,33.45ms,620.03ms,2301.91\nTransfer/sec:,768.70KB\n")
1.83ms,809.67us,23.81ms,2274.22\nTransfer/sec:,759.46KB\n")
1.75ms,734.97us,22.22ms,2253.60\nTransfer/sec:,752.57KB\n")
1.76ms,770.36us,27.54ms,2251.46\nTransfer/sec:,751.86KB\n")
1.72ms,668.72us,14.17ms,2252.59\nTransfer/sec:,752.23KB\n")
1.79ms,729.79us,17.58ms,2257.27\nTransfer/sec:,753.80KB\n")
1.75ms,712.51us,18.67ms,2258.29\nTransfer/sec:,754.14KB\n")
1.74ms,688.50us,17.47ms,2257.28\nTransfer/sec:,753.80KB\n")
1.99ms,702.73us,16.40ms,2240.65\nTransfer/sec:,748.24KB\n")
1.89ms,738.55us,20.72ms,2241.59\nTransfer/sec:,748.56KB\n")
1.94ms,678.07us,13.93ms,2240.64\nTransfer/sec:,748.24KB\n")
1.94ms,816.68us,29.79ms,2239.52\nTransfer/sec:,747.87KB\n")
2.04ms,0.88ms,20.54ms,2237.48\nTransfer/sec:,747.19KB\n")
1.75ms,0.91ms,28.40ms,2233.86\nTransfer/sec:,745.98KB\n")
1.78ms,828.37us,24.05ms,2232.84\nTransfer/sec:,745.63KB\n")
1.75ms,798.61us,30.51ms,2233.87\nTransfer/sec:,745.98KB\n")
8.73ms,23.68ms,394.75ms,2231.82\nTransfer/sec:,745.29KB\n")
2.50ms,829.04us,21.55ms,2239.54\nTransfer/sec:,747.87KB\n")
2.12ms,0.94ms,30.08ms,2238.47\nTransfer/sec:,747.52KB\n")
1.90ms,680.16us,15.52ms,2239.54\nTransfer/sec:,747.87KB\n")
1.77ms,0.88ms,32.38ms,2223.97\nTransfer/sec:,742.67KB\n")
3.11ms,10.27ms,160.64ms,2223.05\nTransfer/sec:,742.36KB\n")
1.78ms,0.95ms,32.34ms,2211.03\nTransfer/sec:,738.35KB\n")
1.73ms,694.36us,21.81ms,2188.15\nTransfer/sec:,730.71KB\n")
1.78ms,740.61us,21.04ms,2139.80\nTransfer/sec:,714.56KB\n")
6.60ms,14.50ms,370.69ms,2108.32\nTransfer/sec:,704.05KB\n")
1.75ms,675.60us,14.25ms,2114.26\nTransfer/sec:,706.03KB\n")
1.74ms,662.47us,17.30ms,2104.36\nTransfer/sec:,702.73KB\n")
1.75ms,700.87us,18.37ms,2105.13\nTransfer/sec:,702.98KB\n")
1.77ms,719.58us,19.20ms,2101.53\nTransfer/sec:,701.78KB\n")
3.90ms,12.14ms,263.68ms,2092.49\nTransfer/sec:,698.76KB\n")
1.77ms,1.12ms,44.90ms,2099.31\nTransfer/sec:,701.04KB\n")
6.73ms,17.02ms,336.90ms,2093.03\nTransfer/sec:,698.94KB\n")
1.80ms,1.02ms,30.64ms,2096.32\nTransfer/sec:,700.04KB\n")
1.81ms,846.05us,31.87ms,2090.47\nTransfer/sec:,698.09KB\n")
2.23ms,0.92ms,21.38ms,2081.75\nTransfer/sec:,695.18KB\n")
1.77ms,793.13us,24.24ms,2076.56\nTransfer/sec:,693.44KB\n")
1.77ms,783.80us,31.70ms,2073.81\nTransfer/sec:,692.52KB\n")
7.74ms,15.68ms,349.18ms,2064.27\nTransfer/sec:,689.33KB\n")
1.80ms,705.67us,19.81ms,2064.81\nTransfer/sec:,689.52KB\n")
19.27ms,88.17ms,1.13s,2054.99\nTransfer/sec:,686.24KB\n")
1.75ms,724.73us,19.58ms,2058.78\nTransfer/sec:,687.50KB\n")
1.81ms,1.15ms,48.86ms,2057.74\nTransfer/sec:,687.16KB\n")
1.75ms,711.33us,20.08ms,2057.80\nTransfer/sec:,687.18KB\n")
1.74ms,672.90us,12.78ms,2054.90\nTransfer/sec:,686.21KB\n")
1.90ms,809.42us,30.78ms,2047.92\nTransfer/sec:,683.88KB\n")
1.74ms,653.11us,14.70ms,2040.21\nTransfer/sec:,681.30KB\n")
11.61ms,80.77ms,1.08s,2036.17\nTransfer/sec:,679.95KB\n")
5.45ms,14.76ms,275.97ms,2023.16\nTransfer/sec:,675.60KB\n")
1.74ms,701.07us,21.50ms,2023.40\nTransfer/sec:,675.69KB\n")
6.85ms,14.91ms,320.77ms,2007.41\nTransfer/sec:,670.35KB\n")
1.98ms,816.39us,27.39ms,2013.51\nTransfer/sec:,672.39KB\n")
1.97ms,804.31us,19.23ms,2010.52\nTransfer/sec:,671.40KB\n")
1.77ms,0.87ms,32.42ms,2006.13\nTransfer/sec:,669.93KB\n")
1.75ms,808.20us,29.74ms,2004.57\nTransfer/sec:,669.41KB\n")
1.76ms,731.95us,23.34ms,2002.67\nTransfer/sec:,668.78KB\n")
4.82ms,8.10ms,211.20ms,1992.71\nTransfer/sec:,665.47KB\n")
1.74ms,778.11us,28.82ms,1994.69\nTransfer/sec:,666.12KB\n")
1.76ms,749.04us,24.02ms,1987.79\nTransfer/sec:,663.82KB\n")
1.85ms,665.38us,17.50ms,1980.93\nTransfer/sec:,661.54KB\n")
1.72ms,797.23us,27.23ms,1972.97\nTransfer/sec:,658.89KB\n")
1.79ms,690.70us,21.82ms,1964.14\nTransfer/sec:,655.94KB\n")
1.77ms,0.98ms,41.34ms,1958.27\nTransfer/sec:,653.98KB\n")
1.80ms,696.56us,15.94ms,1950.25\nTransfer/sec:,651.30KB\n")
1.83ms,708.95us,22.02ms,1946.34\nTransfer/sec:,650.00KB\n")
1.81ms,839.38us,25.98ms,1944.32\nTransfer/sec:,649.32KB\n")
1.75ms,685.51us,20.59ms,1943.33\nTransfer/sec:,648.99KB\n")
1.76ms,721.93us,24.42ms,1940.26\nTransfer/sec:,647.97KB\n")
1.73ms,637.93us,14.41ms,1935.47\nTransfer/sec:,646.37KB\n")
1.74ms,630.36us,15.62ms,1933.47\nTransfer/sec:,645.70KB\n")
1.76ms,684.34us,22.40ms,1926.62\nTransfer/sec:,643.41KB\n")
1.76ms,697.15us,20.91ms,1919.72\nTransfer/sec:,641.11KB\n")
1.80ms,771.00us,21.30ms,1913.71\nTransfer/sec:,639.10KB\n")
1.74ms,826.24us,38.24ms,1909.80\nTransfer/sec:,637.79KB\n")
1.70ms,672.72us,21.92ms,1903.77\nTransfer/sec:,635.78KB\n")
1.73ms,777.64us,23.94ms,1903.87\nTransfer/sec:,635.81KB\n")
1.72ms,750.37us,26.05ms,1903.75\nTransfer/sec:,635.77KB\n")
1.73ms,665.35us,20.21ms,1902.82\nTransfer/sec:,635.46KB\n")
1.72ms,668.32us,18.91ms,1903.87\nTransfer/sec:,635.81KB\n")
1.72ms,620.11us,9.80ms,1902.83\nTransfer/sec:,635.47KB\n")
4.28ms,12.40ms,311.55ms,1895.10\nTransfer/sec:,632.88KB\n")
1.73ms,709.46us,20.46ms,1898.13\nTransfer/sec:,633.90KB\n")
1.73ms,705.29us,27.90ms,1897.04\nTransfer/sec:,633.53KB\n")
4.54ms,9.24ms,225.66ms,1891.93\nTransfer/sec:,631.83KB\n")
7.11ms,12.32ms,236.16ms,1884.58\nTransfer/sec:,629.37KB\n")
1.87ms,740.23us,23.87ms,1885.10\nTransfer/sec:,629.55KB\n")
1.72ms,699.70us,24.56ms,1879.28\nTransfer/sec:,627.60KB\n")
15.21ms,81.19ms,1.06s,1868.00\nTransfer/sec:,623.83KB\n")
1.74ms,707.32us,20.91ms,1874.14\nTransfer/sec:,625.89KB\n")
16.11ms,79.74ms,1.08s,1870.12\nTransfer/sec:,624.54KB\n")
1.82ms,778.88us,32.96ms,1877.29\nTransfer/sec:,626.94KB\n")
1.74ms,708.09us,19.62ms,1877.29\nTransfer/sec:,626.94KB\n")
1.72ms,657.69us,18.59ms,1878.38\nTransfer/sec:,627.30KB\n")
1.79ms,1.12ms,40.86ms,1880.12\nTransfer/sec:,627.88KB\n")
1.74ms,756.66us,24.91ms,1878.39\nTransfer/sec:,627.30KB\n")
1.76ms,751.08us,26.42ms,1876.21\nTransfer/sec:,626.58KB\n")
1.77ms,0.86ms,29.23ms,1869.43\nTransfer/sec:,624.31KB\n")
1.77ms,706.57us,22.06ms,1865.39\nTransfer/sec:,622.96KB\n")
12.92ms,18.81ms,358.66ms,1860.80\nTransfer/sec:,621.43KB\n")
1.75ms,776.73us,24.94ms,1863.30\nTransfer/sec:,622.26KB\n")
1.77ms,0.94ms,33.86ms,1867.51\nTransfer/sec:,623.67KB\n")
4.80ms,8.71ms,231.94ms,1862.14\nTransfer/sec:,621.88KB\n")
1.74ms,683.53us,21.41ms,1867.52\nTransfer/sec:,623.67KB\n")
1.73ms,695.24us,18.22ms,1867.49\nTransfer/sec:,623.66KB\n")
1.79ms,1.38ms,49.76ms,1869.45\nTransfer/sec:,624.32KB\n")
1.76ms,742.05us,23.47ms,1865.32\nTransfer/sec:,622.94KB\n")
8.34ms,13.79ms,307.20ms,1854.24\nTransfer/sec:,619.24KB\n")
7.02ms,10.40ms,220.03ms,1850.99\nTransfer/sec:,618.15KB\n")
1.74ms,619.82us,12.14ms,1847.73\nTransfer/sec:,617.07KB\n")
1.73ms,638.79us,18.03ms,1840.60\nTransfer/sec:,614.68KB\n")
1.72ms,780.02us,21.87ms,1832.63\nTransfer/sec:,612.02KB\n")
1.87ms,729.19us,23.07ms,1827.99\nTransfer/sec:,610.47KB\n")
1.71ms,657.29us,19.26ms,1822.73\nTransfer/sec:,608.71KB\n")
1.71ms,645.28us,18.42ms,1817.14\nTransfer/sec:,606.85KB\n")
1.76ms,1.10ms,32.05ms,1817.19\nTransfer/sec:,606.86KB\n")
1.76ms,730.16us,22.54ms,1814.97\nTransfer/sec:,606.12KB\n")
1.75ms,791.38us,22.48ms,1812.88\nTransfer/sec:,605.42KB\n")
1.75ms,0.91ms,34.72ms,1807.32\nTransfer/sec:,603.57KB\n")
1.81ms,1.07ms,51.97ms,1798.49\nTransfer/sec:,600.62KB\n")
3.55ms,10.50ms,261.12ms,1784.83\nTransfer/sec:,596.06KB\n")
1.72ms,634.68us,12.82ms,1781.30\nTransfer/sec:,594.88KB\n")
1.85ms,664.48us,16.88ms,1772.24\nTransfer/sec:,591.85KB\n")
1.73ms,774.62us,22.72ms,1764.61\nTransfer/sec:,589.30KB\n")
1.73ms,702.87us,20.02ms,1757.97\nTransfer/sec:,587.09KB\n")
1.76ms,1.16ms,38.94ms,1753.68\nTransfer/sec:,585.65KB\n")
1.84ms,743.73us,21.78ms,1750.73\nTransfer/sec:,584.67KB\n")
1.84ms,672.80us,14.80ms,1745.98\nTransfer/sec:,583.08KB\n")
6.19ms,8.84ms,226.43ms,1733.57\nTransfer/sec:,578.94KB\n")
1.79ms,655.52us,14.23ms,1730.98\nTransfer/sec:,578.07KB\n")
1.82ms,760.48us,24.26ms,1724.01\nTransfer/sec:,575.74KB\n")
1.75ms,627.75us,14.35ms,1714.21\nTransfer/sec:,572.47KB\n")
1.74ms,712.87us,21.46ms,1708.45\nTransfer/sec:,570.55KB\n")
1.74ms,749.99us,27.39ms,1702.25\nTransfer/sec:,568.48KB\n")
1.77ms,683.12us,17.81ms,1694.48\nTransfer/sec:,565.88KB\n")
1.75ms,770.93us,25.17ms,1689.55\nTransfer/sec:,564.24KB\n")
1.79ms,1.08ms,37.28ms,1689.64\nTransfer/sec:,564.26KB\n")
1.75ms,678.26us,19.79ms,1691.46\nTransfer/sec:,564.87KB\n")
1.75ms,823.59us,28.35ms,1691.52\nTransfer/sec:,564.89KB\n")
1.77ms,805.41us,24.58ms,1694.50\nTransfer/sec:,565.89KB\n")
1.80ms,671.89us,16.78ms,1699.49\nTransfer/sec:,567.56KB\n")
1.75ms,707.05us,19.25ms,1703.15\nTransfer/sec:,568.78KB\n")
1.78ms,709.44us,22.62ms,1706.63\nTransfer/sec:,569.94KB\n")
1.74ms,0.85ms,25.86ms,1708.52\nTransfer/sec:,570.57KB\n")
1.74ms,629.75us,18.32ms,1711.18\nTransfer/sec:,571.46KB\n")
1.74ms,672.58us,19.33ms,1714.19\nTransfer/sec:,572.46KB\n")
7.69ms,12.12ms,215.04ms,1713.12\nTransfer/sec:,572.11KB\n")
1.87ms,602.23us,9.94ms,1721.99\nTransfer/sec:,575.07KB\n")
1.72ms,739.42us,24.93ms,1729.12\nTransfer/sec:,577.45KB\n")
1.74ms,662.26us,21.68ms,1739.05\nTransfer/sec:,580.77KB\n")
1.83ms,745.77us,26.02ms,1746.01\nTransfer/sec:,583.09KB\n")
1.74ms,0.92ms,26.80ms,1758.86\nTransfer/sec:,587.38KB\n")
3.15ms,8.60ms,253.31ms,1765.00\nTransfer/sec:,589.43KB\n")
1.82ms,0.88ms,30.58ms,1782.10\nTransfer/sec:,595.14KB\n")
1.74ms,722.20us,25.90ms,1794.19\nTransfer/sec:,599.18KB\n")
2.37ms,840.69us,28.86ms,1800.11\nTransfer/sec:,601.16KB\n")
1.81ms,1.24ms,43.01ms,1810.09\nTransfer/sec:,604.49KB\n")
1.72ms,786.68us,26.00ms,1821.63\nTransfer/sec:,608.35KB\n")
1.74ms,0.86ms,31.06ms,1833.66\nTransfer/sec:,612.36KB\n")
1.73ms,691.90us,23.55ms,1845.70\nTransfer/sec:,616.39KB\n")
1.93ms,744.96us,18.50ms,1858.62\nTransfer/sec:,620.70KB\n")
1.74ms,678.38us,19.65ms,1875.29\nTransfer/sec:,626.27KB\n")
1.76ms,683.86us,22.43ms,1890.03\nTransfer/sec:,631.19KB\n")
1.74ms,717.35us,20.10ms,1905.91\nTransfer/sec:,636.49KB\n")
4.49ms,8.08ms,227.58ms,1913.01\nTransfer/sec:,638.87KB\n")
1.77ms,641.78us,14.61ms,1930.46\nTransfer/sec:,644.70KB\n")
1.75ms,779.82us,27.46ms,1941.37\nTransfer/sec:,648.34KB\n")
1.94ms,2.71ms,84.42ms,1952.20\nTransfer/sec:,651.96KB\n")
2.85ms,9.87ms,223.62ms,1958.30\nTransfer/sec:,653.99KB\n")
1.74ms,692.50us,20.05ms,1974.95\nTransfer/sec:,659.55KB\n")
1.72ms,719.22us,20.16ms,1987.79\nTransfer/sec:,663.82KB\n")
1.73ms,639.75us,14.82ms,1998.60\nTransfer/sec:,667.42KB\n")
1.87ms,734.51us,18.06ms,2013.49\nTransfer/sec:,672.38KB\n")
1.73ms,696.42us,20.14ms,2027.16\nTransfer/sec:,676.94KB\n")
1.81ms,712.75us,17.62ms,2040.13\nTransfer/sec:,681.27KB\n")
1.77ms,0.86ms,26.74ms,2052.11\nTransfer/sec:,685.28KB\n")
1.75ms,0.88ms,26.22ms,2062.98\nTransfer/sec:,688.90KB\n")
1.79ms,1.06ms,38.34ms,2077.49\nTransfer/sec:,693.75KB\n")
1.73ms,667.01us,14.10ms,2092.65\nTransfer/sec:,698.81KB\n")
1.77ms,722.34us,24.30ms,2104.36\nTransfer/sec:,702.73KB\n")
1.74ms,718.81us,18.66ms,2115.14\nTransfer/sec:,706.33KB\n")
1.91ms,681.39us,17.55ms,2120.15\nTransfer/sec:,708.00KB\n")
1.78ms,684.88us,20.11ms,2127.76\nTransfer/sec:,710.54KB\n")
1.77ms,757.75us,21.63ms,2134.91\nTransfer/sec:,712.93KB\n")
1.80ms,683.96us,22.48ms,2139.87\nTransfer/sec:,714.59KB\n")
7.94ms,18.91ms,320.77ms,2144.92\nTransfer/sec:,716.27KB\n")
12.78ms,83.15ms,1.07s,2158.43\nTransfer/sec:,720.78KB\n")
1.81ms,1.12ms,40.96ms,2167.33\nTransfer/sec:,723.76KB\n")
1.83ms,1.01ms,30.72ms,2175.41\nTransfer/sec:,726.45KB\n")
1.81ms,833.59us,25.81ms,2184.31\nTransfer/sec:,729.43KB\n")
1.76ms,723.91us,24.88ms,2192.42\nTransfer/sec:,732.14KB\n")
6.23ms,15.95ms,325.38ms,2187.93\nTransfer/sec:,730.64KB\n")
1.90ms,691.07us,21.71ms,2199.04\nTransfer/sec:,734.35KB\n")
7.47ms,19.88ms,313.34ms,2197.63\nTransfer/sec:,733.87KB\n")
1.79ms,715.39us,23.58ms,2214.95\nTransfer/sec:,739.66KB\n")
1.81ms,728.26us,20.80ms,2220.93\nTransfer/sec:,741.66KB\n")
1.75ms,772.35us,24.30ms,2225.68\nTransfer/sec:,743.24KB\n")
1.76ms,730.48us,24.75ms,2231.74\nTransfer/sec:,745.27KB\n")
2.38ms,3.45ms,78.53ms,2238.48\nTransfer/sec:,747.52KB\n")
3.52ms,12.26ms,228.35ms,2239.86\nTransfer/sec:,747.98KB\n")
1.77ms,0.89ms,25.55ms,2252.61\nTransfer/sec:,752.24KB\n")
1.73ms,702.00us,21.76ms,2258.32\nTransfer/sec:,754.14KB\n")
1.82ms,740.55us,23.39ms,2262.46\nTransfer/sec:,755.53KB\n")
6.30ms,20.25ms,360.45ms,2261.08\nTransfer/sec:,755.07KB\n")
1.79ms,1.01ms,29.28ms,2271.23\nTransfer/sec:,758.46KB\n")
1.78ms,810.49us,27.76ms,2274.30\nTransfer/sec:,759.48KB\n")
11.61ms,25.80ms,472.32ms,2265.68\nTransfer/sec:,756.60KB\n")
1.81ms,817.01us,27.06ms,2273.25\nTransfer/sec:,759.13KB\n")
2.00ms,2.31ms,64.86ms,2273.23\nTransfer/sec:,759.13KB\n")
20.32ms,85.97ms,1.14s,2267.26\nTransfer/sec:,757.13KB\n")
1.93ms,1.00ms,41.66ms,2280.09\nTransfer/sec:,761.42KB\n")
1.76ms,718.01us,22.02ms,2290.01\nTransfer/sec:,764.73KB\n")
7.55ms,19.60ms,365.57ms,2287.96\nTransfer/sec:,764.04KB\n")
1.85ms,0.88ms,30.13ms,2302.92\nTransfer/sec:,769.04KB\n")
1.79ms,790.24us,22.46ms,2310.74\nTransfer/sec:,771.65KB\n")
1.78ms,843.46us,33.47ms,2314.72\nTransfer/sec:,772.98KB\n")
1.83ms,777.23us,22.51ms,2317.58\nTransfer/sec:,773.94KB\n")
1.86ms,833.10us,23.10ms,2323.50\nTransfer/sec:,775.91KB\n")
1.84ms,739.69us,22.75ms,2331.47\nTransfer/sec:,778.58KB\n")
22.36ms,86.71ms,1.10s,2327.45\nTransfer/sec:,777.23KB\n")
1.80ms,741.70us,21.20ms,2337.29\nTransfer/sec:,780.52KB\n")
1.75ms,734.03us,22.05ms,2343.30\nTransfer/sec:,782.53KB\n")
1.76ms,716.00us,23.06ms,2348.27\nTransfer/sec:,784.19KB\n")
1.79ms,0.88ms,26.06ms,2353.13\nTransfer/sec:,785.81KB\n")
1.83ms,799.81us,26.02ms,2353.17\nTransfer/sec:,785.82KB\n")
1.77ms,803.09us,22.56ms,2356.12\nTransfer/sec:,786.81KB\n")
1.79ms,0.95ms,29.98ms,2356.03\nTransfer/sec:,786.78KB\n")
1.81ms,1.07ms,40.03ms,2356.17\nTransfer/sec:,786.83KB\n")
1.76ms,727.16us,22.32ms,2354.16\nTransfer/sec:,786.16KB\n")
48.13ms,164.09ms,1.43s,2352.14\nTransfer/sec:,785.48KB\n")
1.81ms,0.85ms,29.07ms,2351.15\nTransfer/sec:,785.15KB\n")
1.79ms,719.62us,22.66ms,2350.25\nTransfer/sec:,784.85KB\n")
5.47ms,22.72ms,428.29ms,2339.82\nTransfer/sec:,781.36KB\n")
1.84ms,0.90ms,25.22ms,2348.27\nTransfer/sec:,784.19KB\n")
1.78ms,730.65us,20.90ms,2348.27\nTransfer/sec:,784.19KB\n")
1.81ms,739.19us,25.98ms,2351.23\nTransfer/sec:,785.18KB\n")
1.78ms,0.87ms,22.22ms,2355.15\nTransfer/sec:,786.48KB\n")
1.81ms,777.04us,22.29ms,2355.15\nTransfer/sec:,786.48KB\n")
1.75ms,748.90us,19.26ms,2358.08\nTransfer/sec:,787.46KB\n")
13.10ms,63.87ms,835.58ms,2357.06\nTransfer/sec:,787.13KB\n")
1.76ms,730.82us,19.54ms,2356.13\nTransfer/sec:,786.81KB\n")
6.89ms,20.29ms,438.27ms,2343.88\nTransfer/sec:,782.72KB\n")
1.76ms,755.68us,20.77ms,2348.17\nTransfer/sec:,784.16KB\n")
1.75ms,761.46us,23.36ms,2343.39\nTransfer/sec:,782.56KB\n")
1.75ms,770.07us,21.81ms,2338.38\nTransfer/sec:,780.88KB\n")
1.79ms,845.31us,30.37ms,2333.51\nTransfer/sec:,779.26KB\n")
1.79ms,0.86ms,30.61ms,2333.41\nTransfer/sec:,779.22KB\n")
16.95ms,89.04ms,1.21s,2322.02\nTransfer/sec:,775.42KB\n")
1.79ms,729.84us,16.09ms,2322.57\nTransfer/sec:,775.60KB\n")
1.82ms,756.87us,18.02ms,2322.64\nTransfer/sec:,775.63KB\n")
2.59ms,0.99ms,33.92ms,2329.49\nTransfer/sec:,777.91KB\n")
2.31ms,755.89us,15.18ms,2328.44\nTransfer/sec:,777.57KB\n")
1.76ms,692.88us,16.40ms,2321.60\nTransfer/sec:,775.28KB\n")
1.76ms,728.62us,20.75ms,2309.71\nTransfer/sec:,771.31KB\n")
5.42ms,22.83ms,395.78ms,2293.17\nTransfer/sec:,765.78KB\n")
1.82ms,775.16us,22.72ms,2290.98\nTransfer/sec:,765.05KB\n")
1.89ms,697.11us,17.74ms,2285.04\nTransfer/sec:,763.07KB\n")
1.79ms,832.21us,27.23ms,2277.01\nTransfer/sec:,760.39KB\n")
1.76ms,790.86us,26.37ms,2269.17\nTransfer/sec:,757.77KB\n")
1.84ms,0.86ms,32.32ms,2262.40\nTransfer/sec:,755.51KB\n")
3.60ms,15.86ms,369.92ms,2253.59\nTransfer/sec:,752.57KB\n")
1.90ms,771.09us,17.50ms,2246.36\nTransfer/sec:,750.15KB\n")
1.89ms,678.25us,15.59ms,2239.55\nTransfer/sec:,747.88KB\n")
1.77ms,768.04us,21.73ms,2226.60\nTransfer/sec:,743.55KB\n")
1.77ms,686.62us,12.37ms,2214.90\nTransfer/sec:,739.64KB\n")
1.80ms,814.50us,24.46ms,2203.25\nTransfer/sec:,735.75KB\n")
1.78ms,0.86ms,25.70ms,2192.33\nTransfer/sec:,732.11KB\n")
1.73ms,791.11us,31.95ms,2183.51\nTransfer/sec:,729.16KB\n")
1.77ms,726.91us,21.15ms,2173.61\nTransfer/sec:,725.85KB\n")
1.83ms,728.85us,18.94ms,2161.63\nTransfer/sec:,721.85KB\n")
5.07ms,26.20ms,479.49ms,2151.85\nTransfer/sec:,718.59KB\n")
1.79ms,670.57us,12.35ms,2140.88\nTransfer/sec:,714.92KB\n")
6.75ms,15.11ms,250.24ms,2124.49\nTransfer/sec:,709.45KB\n")
1.93ms,0.88ms,27.82ms,2120.06\nTransfer/sec:,707.97KB\n")
6.77ms,18.41ms,335.10ms,2102.36\nTransfer/sec:,702.06KB\n")
1.76ms,721.88us,19.70ms,2097.27\nTransfer/sec:,700.36KB\n")
1.91ms,765.36us,20.78ms,2084.62\nTransfer/sec:,696.13KB\n")
5.65ms,14.71ms,313.34ms,2067.21\nTransfer/sec:,690.32KB\n")
6.24ms,20.62ms,406.27ms,2062.12\nTransfer/sec:,688.62KB\n")
1.75ms,719.83us,24.22ms,2052.11\nTransfer/sec:,685.28KB\n")
1.73ms,696.82us,26.99ms,2033.31\nTransfer/sec:,678.99KB\n")
1.79ms,0.95ms,32.37ms,2019.26\nTransfer/sec:,674.30KB\n")
1.84ms,821.62us,29.46ms,2011.51\nTransfer/sec:,671.73KB\n")
1.71ms,674.48us,20.14ms,2005.59\nTransfer/sec:,669.75KB\n")
14.55ms,79.67ms,1.07s,1993.69\nTransfer/sec:,665.80KB\n")
1.78ms,795.05us,28.32ms,1991.78\nTransfer/sec:,665.15KB\n")
17.22ms,106.18ms,1.11s,1973.17\nTransfer/sec:,658.95KB\n")
2.75ms,6.76ms,237.06ms,1968.22\nTransfer/sec:,657.30KB\n")
4.12ms,8.63ms,242.82ms,1964.05\nTransfer/sec:,655.91KB\n")
1.80ms,773.74us,25.78ms,1963.09\nTransfer/sec:,655.59KB\n")
1.75ms,631.11us,13.84ms,1959.14\nTransfer/sec:,654.27KB\n")
2.87ms,11.93ms,350.46ms,1954.26\nTransfer/sec:,652.64KB\n")
1.78ms,739.89us,21.46ms,1951.25\nTransfer/sec:,651.64KB\n")
1.83ms,806.31us,28.94ms,1949.41\nTransfer/sec:,651.02KB\n")
1.92ms,747.27us,21.58ms,1947.38\nTransfer/sec:,650.35KB\n")
1.79ms,821.27us,20.54ms,1944.30\nTransfer/sec:,649.32KB\n")
1.76ms,811.00us,26.83ms,1940.35\nTransfer/sec:,648.00KB\n")
1.74ms,722.33us,19.57ms,1936.49\nTransfer/sec:,646.71KB\n")
1.81ms,1.00ms,40.77ms,1932.45\nTransfer/sec:,645.36KB\n")
1.75ms,763.41us,26.78ms,1927.64\nTransfer/sec:,643.75KB\n")
1.79ms,1.13ms,44.93ms,1922.59\nTransfer/sec:,642.07KB\n")
1.90ms,717.43us,20.03ms,1916.79\nTransfer/sec:,640.13KB\n")
1.74ms,636.04us,9.43ms,1911.66\nTransfer/sec:,638.42KB\n")
8.99ms,13.50ms,256.51ms,1903.88\nTransfer/sec:,635.82KB\n")
1.91ms,2.18ms,60.96ms,1909.87\nTransfer/sec:,637.82KB\n")
1.76ms,845.64us,20.99ms,1909.00\nTransfer/sec:,637.53KB\n")
1.75ms,765.23us,27.14ms,1906.95\nTransfer/sec:,636.84KB\n")
1.76ms,684.72us,19.70ms,1900.78\nTransfer/sec:,634.78KB\n")
1.75ms,656.29us,14.82ms,1893.98\nTransfer/sec:,632.51KB\n")
1.75ms,681.94us,19.86ms,1891.92\nTransfer/sec:,631.82KB\n")
1.75ms,747.15us,24.29ms,1890.06\nTransfer/sec:,631.20KB\n")
11.55ms,80.05ms,1.09s,1887.13\nTransfer/sec:,630.22KB\n")
1.92ms,1.39ms,65.09ms,1885.07\nTransfer/sec:,629.53KB\n")
1.96ms,0.97ms,29.65ms,1884.11\nTransfer/sec:,629.21KB\n")
1.97ms,722.72us,20.38ms,1884.05\nTransfer/sec:,629.19KB\n")
9.58ms,12.90ms,256.64ms,1876.51\nTransfer/sec:,626.68KB\n")
2.06ms,730.71us,19.98ms,1886.21\nTransfer/sec:,629.92KB\n")
1.84ms,757.82us,31.60ms,1884.06\nTransfer/sec:,629.20KB\n")
1.86ms,841.95us,30.85ms,1884.09\nTransfer/sec:,629.21KB\n")
1.88ms,774.31us,29.84ms,1885.08\nTransfer/sec:,629.54KB\n")
1.96ms,703.56us,21.68ms,1883.03\nTransfer/sec:,628.85KB\n")
24.18ms,115.67ms,1.08s,1875.29\nTransfer/sec:,626.27KB\n")
11.63ms,57.68ms,921.09ms,1874.64\nTransfer/sec:,626.05KB\n")
1.74ms,697.79us,22.54ms,1880.13\nTransfer/sec:,627.88KB\n")
1.77ms,0.85ms,36.13ms,1879.34\nTransfer/sec:,627.62KB\n")
1.76ms,640.04us,11.79ms,1877.35\nTransfer/sec:,626.96KB\n")
7.26ms,10.92ms,227.46ms,1871.39\nTransfer/sec:,624.97KB\n")
7.78ms,14.01ms,260.74ms,1866.24\nTransfer/sec:,623.25KB\n")
1.81ms,813.22us,26.43ms,1871.10\nTransfer/sec:,624.87KB\n")
1.78ms,682.66us,19.78ms,1871.06\nTransfer/sec:,624.86KB\n")
11.39ms,80.08ms,1.12s,1870.20\nTransfer/sec:,624.57KB\n")
1.74ms,713.26us,22.50ms,1869.40\nTransfer/sec:,624.30KB\n")
1.76ms,784.28us,24.14ms,1866.39\nTransfer/sec:,623.30KB\n")
12.24ms,84.81ms,1.11s,1864.33\nTransfer/sec:,622.61KB\n")
1.79ms,720.17us,21.55ms,1860.31\nTransfer/sec:,621.27KB\n")
1.92ms,801.24us,25.02ms,1856.51\nTransfer/sec:,620.00KB\n")
16.72ms,75.21ms,1.11s,1847.09\nTransfer/sec:,616.85KB\n")
1.75ms,670.14us,20.21ms,1847.78\nTransfer/sec:,617.08KB\n")
1.76ms,700.03us,20.21ms,1842.49\nTransfer/sec:,615.31KB\n")
1.74ms,699.42us,22.42ms,1836.90\nTransfer/sec:,613.45KB\n")
1.84ms,778.37us,25.02ms,1831.45\nTransfer/sec:,611.63KB\n")
1.99ms,764.81us,21.86ms,1827.01\nTransfer/sec:,610.14KB\n")
1.74ms,659.41us,21.65ms,1819.98\nTransfer/sec:,607.80KB\n")
1.77ms,1.06ms,40.54ms,1811.78\nTransfer/sec:,605.06KB\n")
1.79ms,0.98ms,35.42ms,1807.36\nTransfer/sec:,603.58KB\n")
1.91ms,0.85ms,25.33ms,1802.99\nTransfer/sec:,602.12KB\n")
2.00ms,749.23us,21.39ms,1799.24\nTransfer/sec:,600.87KB\n")
1.75ms,719.45us,22.10ms,1795.25\nTransfer/sec:,599.54KB\n")
3.25ms,10.17ms,293.38ms,1784.30\nTransfer/sec:,595.88KB\n")
3.40ms,7.19ms,195.71ms,1778.24\nTransfer/sec:,593.86KB\n")
5.61ms,12.88ms,292.10ms,1773.78\nTransfer/sec:,592.37KB\n")
1.90ms,681.18us,22.24ms,1773.35\nTransfer/sec:,592.22KB\n")
1.74ms,664.29us,20.64ms,1767.82\nTransfer/sec:,590.37KB\n")
9.72ms,46.24ms,675.33ms,1761.51\nTransfer/sec:,588.27KB\n")
1.76ms,700.99us,22.58ms,1757.98\nTransfer/sec:,587.09KB\n")
1.82ms,0.91ms,25.06ms,1756.92\nTransfer/sec:,586.73KB\n")
1.79ms,774.96us,23.81ms,1757.01\nTransfer/sec:,586.77KB\n")
1.78ms,686.36us,17.07ms,1751.65\nTransfer/sec:,584.97KB\n")
1.94ms,763.39us,20.98ms,1748.05\nTransfer/sec:,583.77KB\n")
1.74ms,680.39us,20.40ms,1742.63\nTransfer/sec:,581.96KB\n")
1.75ms,746.85us,24.66ms,1739.05\nTransfer/sec:,580.77KB\n")
1.78ms,712.26us,20.91ms,1737.24\nTransfer/sec:,580.16KB\n")
1.78ms,808.18us,30.56ms,1736.17\nTransfer/sec:,579.81KB\n")
9.40ms,14.90ms,291.84ms,1725.34\nTransfer/sec:,576.19KB\n")
1.74ms,716.35us,22.86ms,1729.13\nTransfer/sec:,577.45KB\n")
1.73ms,683.42us,21.07ms,1728.23\nTransfer/sec:,577.15KB\n")
5.12ms,8.39ms,224.90ms,1723.10\nTransfer/sec:,575.44KB\n")
1.79ms,727.52us,21.39ms,1729.19\nTransfer/sec:,577.47KB\n")
1.79ms,721.25us,23.50ms,1730.02\nTransfer/sec:,577.75KB\n")
1.80ms,1.17ms,44.13ms,1730.07\nTransfer/sec:,577.77KB\n")
1.80ms,0.90ms,28.14ms,1730.93\nTransfer/sec:,578.05KB\n")
1.76ms,763.56us,26.50ms,1730.97\nTransfer/sec:,578.07KB\n")
1.77ms,731.80us,21.60ms,1732.78\nTransfer/sec:,578.67KB\n")
1.84ms,737.32us,23.87ms,1733.89\nTransfer/sec:,579.04KB\n")
1.82ms,0.95ms,36.58ms,1734.95\nTransfer/sec:,579.40KB\n")
1.81ms,0.85ms,37.76ms,1733.93\nTransfer/sec:,579.06KB\n")
1.76ms,809.47us,24.54ms,1732.77\nTransfer/sec:,578.67KB\n")
1.82ms,713.36us,19.76ms,1735.07\nTransfer/sec:,579.44KB\n")
1.85ms,700.57us,22.42ms,1734.98\nTransfer/sec:,579.41KB\n")
1.79ms,747.25us,30.88ms,1735.00\nTransfer/sec:,579.42KB\n")
1.77ms,743.43us,23.95ms,1737.21\nTransfer/sec:,580.15KB\n")
1.75ms,798.10us,25.97ms,1737.27\nTransfer/sec:,580.17KB\n")
1.80ms,735.26us,24.06ms,1736.15\nTransfer/sec:,579.80KB\n")
1.75ms,719.96us,20.93ms,1732.77\nTransfer/sec:,578.67KB\n")
7.58ms,37.22ms,563.71ms,1728.28\nTransfer/sec:,577.17KB\n")
1.85ms,0.88ms,29.74ms,1719.22\nTransfer/sec:,574.14KB\n")
1.77ms,813.55us,23.70ms,1716.42\nTransfer/sec:,573.21KB\n")
1.74ms,678.44us,22.96ms,1715.33\nTransfer/sec:,572.84KB\n")
1.73ms,707.35us,23.94ms,1712.15\nTransfer/sec:,571.78KB\n")
1.74ms,706.18us,24.16ms,1712.18\nTransfer/sec:,571.79KB\n")
1.77ms,681.73us,20.14ms,1712.12\nTransfer/sec:,571.77KB\n")
1.76ms,730.26us,23.50ms,1712.12\nTransfer/sec:,571.77KB\n")
1.75ms,782.49us,25.71ms,1712.12\nTransfer/sec:,571.77KB\n")
1.75ms,716.81us,24.06ms,1712.15\nTransfer/sec:,571.78KB\n")
1.76ms,789.87us,26.45ms,1707.52\nTransfer/sec:,570.24KB\n")
1.75ms,716.54us,22.35ms,1704.30\nTransfer/sec:,569.16KB\n")
1.75ms,809.77us,25.38ms,1703.15\nTransfer/sec:,568.78KB\n")
1.78ms,743.16us,24.18ms,1700.43\nTransfer/sec:,567.87KB\n")
2.01ms,777.04us,29.57ms,1697.63\nTransfer/sec:,566.93KB\n")
1.74ms,671.98us,23.04ms,1693.33\nTransfer/sec:,565.50KB\n")
1.75ms,655.24us,18.66ms,1689.65\nTransfer/sec:,564.27KB\n")
5.81ms,9.06ms,251.90ms,1682.01\nTransfer/sec:,561.72KB\n")
10.70ms,17.57ms,314.11ms,1680.46\nTransfer/sec:,561.20KB\n")
1.76ms,682.96us,20.14ms,1683.44\nTransfer/sec:,562.19KB\n")
1.75ms,684.50us,20.64ms,1680.69\nTransfer/sec:,561.28KB\n")
1.85ms,721.03us,22.78ms,1676.95\nTransfer/sec:,560.02KB\n")
2.03ms,0.88ms,26.98ms,1673.55\nTransfer/sec:,558.89KB\n")
1.73ms,680.09us,22.11ms,1668.91\nTransfer/sec:,557.34KB\n")
2.92ms,7.06ms,194.69ms,1661.75\nTransfer/sec:,554.95KB\n")
1.73ms,620.21us,13.78ms,1659.99\nTransfer/sec:,554.36KB\n")
1.74ms,652.18us,18.29ms,1655.01\nTransfer/sec:,552.70KB\n")
