1.72ms,674.20us,18.70ms,1461.22\nTransfer/sec:,488.02KB\n")
1.72ms,572.25us,7.80ms,1461.07\nTransfer/sec:,487.97KB\n")
2.91ms,8.49ms,100.80ms,1441.31\nTransfer/sec:,481.37KB\n")
1.71ms,694.80us,18.14ms,1461.27\nTransfer/sec:,488.04KB\n")
1.70ms,560.84us,5.83ms,1460.96\nTransfer/sec:,487.94KB\n")
1.72ms,693.67us,18.50ms,1461.12\nTransfer/sec:,487.99KB\n")
1.71ms,563.28us,6.66ms,1461.18\nTransfer/sec:,488.01KB\n")
1.71ms,704.84us,18.53ms,1461.29\nTransfer/sec:,488.05KB\n")
1.72ms,703.04us,16.50ms,1461.41\nTransfer/sec:,488.09KB\n")
1.73ms,830.68us,20.61ms,1461.20\nTransfer/sec:,488.02KB\n")
1.72ms,667.08us,21.49ms,1461.10\nTransfer/sec:,487.98KB\n")
1.78ms,729.56us,23.30ms,1462.21\nTransfer/sec:,488.36KB\n")
2.96ms,7.42ms,87.36ms,1443.30\nTransfer/sec:,482.04KB\n")
2.86ms,8.72ms,104.90ms,1445.36\nTransfer/sec:,482.73KB\n")
1.76ms,694.53us,17.23ms,1469.78\nTransfer/sec:,490.88KB\n")
1.77ms,791.20us,17.76ms,1471.81\nTransfer/sec:,491.56KB\n")
3.24ms,7.10ms,81.47ms,1451.19\nTransfer/sec:,484.68KB\n")
1.71ms,575.62us,6.27ms,1478.61\nTransfer/sec:,493.83KB\n")
1.72ms,707.24us,19.47ms,1481.22\nTransfer/sec:,494.70KB\n")
47.59ms,169.08ms,1.05s,1483.36\nTransfer/sec:,495.42KB\n")
2.90ms,7.92ms,96.13ms,1458.14\nTransfer/sec:,487.00KB\n")
1.75ms,759.92us,17.26ms,1493.05\nTransfer/sec:,498.66KB\n")
1.75ms,537.59us,6.58ms,1500.24\nTransfer/sec:,501.06KB\n")
1.71ms,623.16us,13.59ms,1506.01\nTransfer/sec:,502.98KB\n")
1.72ms,576.14us,5.86ms,1512.18\nTransfer/sec:,505.04KB\n")
1.70ms,565.48us,6.78ms,1515.12\nTransfer/sec:,506.03KB\n")
1.75ms,742.53us,19.97ms,1518.47\nTransfer/sec:,507.14KB\n")
1.68ms,576.65us,13.82ms,1522.04\nTransfer/sec:,508.34KB\n")
1.70ms,576.96us,5.75ms,1521.86\nTransfer/sec:,508.28KB\n")
1.76ms,740.72us,19.76ms,1520.18\nTransfer/sec:,507.71KB\n")
2.86ms,7.68ms,93.25ms,1501.18\nTransfer/sec:,501.37KB\n")
1.70ms,574.90us,6.32ms,1525.41\nTransfer/sec:,509.46KB\n")
1.76ms,1.39ms,34.02ms,1527.57\nTransfer/sec:,510.18KB\n")
1.94ms,586.67us,12.10ms,1529.54\nTransfer/sec:,510.84KB\n")
1.75ms,577.41us,6.39ms,1532.20\nTransfer/sec:,511.73KB\n")
1.74ms,715.05us,18.10ms,1537.67\nTransfer/sec:,513.56KB\n")
1.80ms,740.20us,20.06ms,1540.17\nTransfer/sec:,514.39KB\n")
1.75ms,721.87us,21.54ms,1541.13\nTransfer/sec:,514.71KB\n")
1.77ms,1.11ms,22.45ms,1542.16\nTransfer/sec:,515.06KB\n")
1.71ms,701.74us,18.61ms,1544.27\nTransfer/sec:,515.76KB\n")
1.72ms,702.35us,17.15ms,1544.02\nTransfer/sec:,515.68KB\n")
2.76ms,8.18ms,101.70ms,1517.75\nTransfer/sec:,506.91KB\n")
1.69ms,577.73us,6.16ms,1545.70\nTransfer/sec:,516.24KB\n")
1.74ms,670.01us,22.48ms,1544.22\nTransfer/sec:,515.75KB\n")
1.74ms,746.60us,20.03ms,1541.24\nTransfer/sec:,514.75KB\n")
3.12ms,7.05ms,85.57ms,1513.89\nTransfer/sec:,505.61KB\n")
1.74ms,549.64us,6.20ms,1539.48\nTransfer/sec:,514.16KB\n")
1.80ms,544.86us,7.44ms,1540.41\nTransfer/sec:,514.47KB\n")
1.72ms,594.37us,7.80ms,1538.95\nTransfer/sec:,513.98KB\n")
1.73ms,542.02us,5.42ms,1539.52\nTransfer/sec:,514.17KB\n")
1.80ms,1.07ms,21.44ms,1539.56\nTransfer/sec:,514.19KB\n")
1.69ms,564.67us,5.80ms,1537.62\nTransfer/sec:,513.54KB\n")
1.75ms,770.21us,19.46ms,1534.17\nTransfer/sec:,512.39KB\n")
1.88ms,548.35us,6.82ms,1528.37\nTransfer/sec:,510.45KB\n")
1.75ms,753.35us,20.05ms,1524.03\nTransfer/sec:,509.00KB\n")
1.72ms,647.33us,14.96ms,1522.07\nTransfer/sec:,508.35KB\n")
3.02ms,8.79ms,105.60ms,1494.02\nTransfer/sec:,498.98KB\n")
1.72ms,708.38us,18.53ms,1516.70\nTransfer/sec:,506.56KB\n")
1.74ms,830.90us,19.95ms,1515.78\nTransfer/sec:,506.25KB\n")
3.01ms,7.03ms,84.16ms,1494.97\nTransfer/sec:,499.30KB\n")
1.73ms,713.67us,18.91ms,1516.69\nTransfer/sec:,506.55KB\n")
2.97ms,7.06ms,85.06ms,1488.22\nTransfer/sec:,497.04KB\n")
1.73ms,573.35us,7.59ms,1515.80\nTransfer/sec:,506.25KB\n")
1.75ms,733.11us,19.57ms,1515.92\nTransfer/sec:,506.29KB\n")
2.93ms,8.15ms,101.18ms,1479.22\nTransfer/sec:,494.04KB\n")
1.90ms,579.56us,7.47ms,1509.19\nTransfer/sec:,504.05KB\n")
1.81ms,626.58us,15.22ms,1508.74\nTransfer/sec:,503.89KB\n")
1.90ms,1.53ms,33.18ms,1507.07\nTransfer/sec:,503.34KB\n")
1.81ms,547.81us,7.06ms,1508.39\nTransfer/sec:,503.78KB\n")
1.77ms,842.58us,18.35ms,1506.63\nTransfer/sec:,503.19KB\n")
48.43ms,170.92ms,1.06s,1506.90\nTransfer/sec:,503.28KB\n")
2.91ms,8.53ms,102.78ms,1470.29\nTransfer/sec:,491.05KB\n")
1.75ms,553.86us,6.18ms,1507.66\nTransfer/sec:,503.53KB\n")
1.96ms,1.06ms,20.08ms,1510.34\nTransfer/sec:,504.43KB\n")
1.83ms,668.94us,16.98ms,1510.29\nTransfer/sec:,504.41KB\n")
2.94ms,6.78ms,81.66ms,1471.83\nTransfer/sec:,491.57KB\n")
1.90ms,690.19us,18.67ms,1508.55\nTransfer/sec:,503.83KB\n")
1.71ms,580.67us,6.68ms,1505.97\nTransfer/sec:,502.97KB\n")
1.74ms,596.45us,10.58ms,1503.98\nTransfer/sec:,502.30KB\n")
1.76ms,805.36us,16.78ms,1503.85\nTransfer/sec:,502.26KB\n")
1.73ms,731.01us,18.70ms,1502.14\nTransfer/sec:,501.69KB\n")
1.76ms,689.88us,18.85ms,1501.18\nTransfer/sec:,501.37KB\n")
3.00ms,8.11ms,98.24ms,1466.09\nTransfer/sec:,489.65KB\n")
1.80ms,681.95us,19.46ms,1500.31\nTransfer/sec:,501.08KB\n")
1.76ms,593.58us,11.97ms,1499.33\nTransfer/sec:,500.75KB\n")
1.83ms,1.06ms,19.52ms,1499.64\nTransfer/sec:,500.86KB\n")
2.88ms,8.34ms,102.27ms,1464.24\nTransfer/sec:,489.03KB\n")
1.72ms,584.99us,9.67ms,1495.37\nTransfer/sec:,499.43KB\n")
1.70ms,567.38us,5.76ms,1495.73\nTransfer/sec:,499.55KB\n")
1.72ms,589.88us,8.02ms,1493.65\nTransfer/sec:,498.86KB\n")
1.78ms,817.41us,19.25ms,1492.73\nTransfer/sec:,498.55KB\n")
1.80ms,605.92us,16.59ms,1491.04\nTransfer/sec:,497.98KB\n")
1.76ms,1.15ms,32.50ms,1490.90\nTransfer/sec:,497.94KB\n")
1.79ms,555.04us,7.00ms,1488.00\nTransfer/sec:,496.97KB\n")
1.74ms,782.86us,17.34ms,1485.87\nTransfer/sec:,496.26KB\n")
1.71ms,596.65us,6.99ms,1487.09\nTransfer/sec:,496.66KB\n")
1.77ms,713.64us,15.07ms,1488.35\nTransfer/sec:,497.08KB\n")
1.71ms,580.31us,9.17ms,1487.16\nTransfer/sec:,496.69KB\n")
1.69ms,578.79us,5.32ms,1485.29\nTransfer/sec:,496.06KB\n")
2.82ms,7.80ms,95.94ms,1456.82\nTransfer/sec:,486.56KB\n")
1.71ms,568.61us,6.02ms,1482.48\nTransfer/sec:,495.13KB\n")
1.75ms,746.17us,19.81ms,1477.87\nTransfer/sec:,493.58KB\n")
2.98ms,5.88ms,69.95ms,1450.88\nTransfer/sec:,484.57KB\n")
1.81ms,553.93us,6.75ms,1469.47\nTransfer/sec:,490.78KB\n")
1.71ms,588.70us,6.51ms,1468.17\nTransfer/sec:,490.35KB\n")
1.74ms,722.54us,18.98ms,1465.97\nTransfer/sec:,489.61KB\n")
1.69ms,562.76us,7.62ms,1465.72\nTransfer/sec:,489.53KB\n")
3.16ms,7.75ms,90.82ms,1446.90\nTransfer/sec:,483.24KB\n")
1.90ms,1.07ms,21.04ms,1469.66\nTransfer/sec:,490.84KB\n")
1.73ms,566.84us,6.55ms,1469.15\nTransfer/sec:,490.67KB\n")
1.72ms,593.26us,10.41ms,1469.09\nTransfer/sec:,490.65KB\n")
1.74ms,540.55us,5.71ms,1469.76\nTransfer/sec:,490.88KB\n")
1.71ms,734.78us,19.76ms,1468.35\nTransfer/sec:,490.41KB\n")
1.70ms,573.70us,6.77ms,1467.69\nTransfer/sec:,490.19KB\n")
1.78ms,0.92ms,20.26ms,1466.81\nTransfer/sec:,489.89KB\n")
1.75ms,571.55us,10.23ms,1463.03\nTransfer/sec:,488.63KB\n")
1.78ms,711.56us,19.63ms,1461.93\nTransfer/sec:,488.26KB\n")
2.92ms,7.67ms,91.97ms,1439.17\nTransfer/sec:,480.66KB\n")
1.76ms,0.85ms,22.90ms,1456.40\nTransfer/sec:,486.42KB\n")
1.76ms,550.41us,7.96ms,1454.70\nTransfer/sec:,485.85KB\n")
1.82ms,675.82us,16.56ms,1453.06\nTransfer/sec:,485.30KB\n")
3.08ms,9.39ms,110.27ms,1422.86\nTransfer/sec:,475.21KB\n")
2.94ms,7.61ms,89.86ms,1417.61\nTransfer/sec:,473.46KB\n")
1.73ms,731.81us,19.47ms,1450.57\nTransfer/sec:,484.47KB\n")
1.71ms,589.90us,10.32ms,1449.04\nTransfer/sec:,483.96KB\n")
1.76ms,718.13us,17.60ms,1443.05\nTransfer/sec:,481.96KB\n")
2.93ms,8.40ms,100.61ms,1408.58\nTransfer/sec:,470.44KB\n")
1.70ms,570.15us,7.10ms,1439.26\nTransfer/sec:,480.69KB\n")
3.09ms,7.63ms,90.43ms,1404.34\nTransfer/sec:,469.03KB\n")
1.91ms,623.85us,19.79ms,1434.70\nTransfer/sec:,479.17KB\n")
1.70ms,555.99us,6.47ms,1430.13\nTransfer/sec:,477.64KB\n")
1.84ms,545.62us,7.80ms,1434.30\nTransfer/sec:,479.04KB\n")
3.03ms,7.50ms,88.19ms,1404.93\nTransfer/sec:,469.22KB\n")
1.73ms,750.39us,19.07ms,1437.32\nTransfer/sec:,480.04KB\n")
1.87ms,710.20us,18.61ms,1435.37\nTransfer/sec:,479.39KB\n")
1.72ms,558.58us,6.12ms,1432.42\nTransfer/sec:,478.40KB\n")
1.69ms,570.87us,6.50ms,1427.16\nTransfer/sec:,476.65KB\n")
1.73ms,621.35us,17.09ms,1418.47\nTransfer/sec:,473.75KB\n")
1.74ms,564.89us,10.03ms,1413.83\nTransfer/sec:,472.20KB\n")
1.71ms,571.67us,5.61ms,1412.59\nTransfer/sec:,471.78KB\n")
1.71ms,573.74us,6.22ms,1412.74\nTransfer/sec:,471.83KB\n")
1.73ms,553.28us,5.48ms,1409.81\nTransfer/sec:,470.85KB\n")
1.73ms,521.87us,5.66ms,1409.17\nTransfer/sec:,470.64KB\n")
1.74ms,700.13us,16.13ms,1411.19\nTransfer/sec:,471.31KB\n")
1.74ms,708.44us,18.05ms,1411.69\nTransfer/sec:,471.48KB\n")
1.78ms,520.53us,6.08ms,1414.65\nTransfer/sec:,472.47KB\n")
1.78ms,679.75us,18.02ms,1417.46\nTransfer/sec:,473.41KB\n")
2.87ms,8.27ms,97.92ms,1396.60\nTransfer/sec:,466.44KB\n")
1.73ms,761.44us,34.69ms,1429.40\nTransfer/sec:,477.40KB\n")
1.91ms,1.55ms,32.35ms,1433.16\nTransfer/sec:,478.65KB\n")
1.75ms,834.42us,29.55ms,1437.45\nTransfer/sec:,480.08KB\n")
2.93ms,8.29ms,98.69ms,1406.93\nTransfer/sec:,469.89KB\n")
1.74ms,652.64us,15.66ms,1445.15\nTransfer/sec:,482.66KB\n")
1.83ms,555.70us,6.92ms,1453.04\nTransfer/sec:,485.29KB\n")
1.71ms,596.33us,9.15ms,1464.95\nTransfer/sec:,489.27KB\n")
1.76ms,1.10ms,28.26ms,1475.95\nTransfer/sec:,492.94KB\n")
1.70ms,599.02us,8.04ms,1483.46\nTransfer/sec:,495.45KB\n")
1.71ms,602.09us,13.06ms,1496.91\nTransfer/sec:,499.94KB\n")
1.75ms,559.33us,6.34ms,1507.26\nTransfer/sec:,503.40KB\n")
2.74ms,7.43ms,91.65ms,1491.75\nTransfer/sec:,498.22KB\n")
1.84ms,551.98us,7.51ms,1527.27\nTransfer/sec:,510.08KB\n")
1.87ms,1.23ms,24.10ms,1531.76\nTransfer/sec:,511.58KB\n")
2.77ms,7.97ms,98.75ms,1511.68\nTransfer/sec:,504.88KB\n")
1.77ms,772.56us,20.08ms,1547.55\nTransfer/sec:,516.86KB\n")
1.73ms,796.90us,20.96ms,1561.01\nTransfer/sec:,521.35KB\n")
1.71ms,593.04us,6.72ms,1573.59\nTransfer/sec:,525.56KB\n")
1.70ms,588.79us,6.09ms,1589.09\nTransfer/sec:,530.73KB\n")
1.72ms,0.88ms,21.02ms,1607.37\nTransfer/sec:,536.84KB\n")
1.67ms,602.63us,10.25ms,1624.77\nTransfer/sec:,542.65KB\n")
1.90ms,536.25us,7.11ms,1636.90\nTransfer/sec:,546.70KB\n")
1.77ms,751.36us,19.44ms,1650.92\nTransfer/sec:,551.38KB\n")
1.73ms,649.50us,18.59ms,1665.93\nTransfer/sec:,556.39KB\n")
1.70ms,730.22us,18.99ms,1677.36\nTransfer/sec:,560.21KB\n")
1.84ms,0.95ms,22.61ms,1686.04\nTransfer/sec:,563.11KB\n")
1.74ms,593.45us,9.47ms,1699.19\nTransfer/sec:,567.50KB\n")
1.96ms,697.40us,19.47ms,1711.19\nTransfer/sec:,571.51KB\n")
1.71ms,660.01us,19.20ms,1724.19\nTransfer/sec:,575.85KB\n")
1.72ms,733.46us,18.67ms,1734.92\nTransfer/sec:,579.44KB\n")
2.91ms,8.34ms,107.58ms,1707.37\nTransfer/sec:,570.23KB\n")
1.73ms,775.28us,19.46ms,1757.37\nTransfer/sec:,586.93KB\n")
1.69ms,618.31us,8.13ms,1771.26\nTransfer/sec:,591.57KB\n")
1.72ms,766.36us,20.98ms,1784.89\nTransfer/sec:,596.13KB\n")
2.80ms,7.19ms,94.85ms,1762.34\nTransfer/sec:,588.59KB\n")
1.70ms,579.61us,7.05ms,1806.54\nTransfer/sec:,603.35KB\n")
2.85ms,7.10ms,95.36ms,1775.56\nTransfer/sec:,593.01KB\n")
1.71ms,577.97us,7.97ms,1832.98\nTransfer/sec:,612.19KB\n")
1.72ms,743.66us,19.87ms,1846.33\nTransfer/sec:,616.65KB\n")
1.71ms,611.84us,13.58ms,1859.24\nTransfer/sec:,620.96KB\n")
2.79ms,5.77ms,76.86ms,1832.73\nTransfer/sec:,612.10KB\n")
1.71ms,622.76us,8.34ms,1891.70\nTransfer/sec:,631.80KB\n")
1.82ms,0.89ms,18.06ms,1912.22\nTransfer/sec:,638.65KB\n")
1.68ms,605.85us,6.94ms,1935.69\nTransfer/sec:,646.49KB\n")
1.66ms,602.21us,6.88ms,1952.82\nTransfer/sec:,652.21KB\n")
1.66ms,609.46us,7.30ms,1969.38\nTransfer/sec:,657.74KB\n")
1.69ms,599.47us,6.07ms,1985.71\nTransfer/sec:,663.20KB\n")
1.67ms,609.32us,8.29ms,2003.71\nTransfer/sec:,669.21KB\n")
1.72ms,0.99ms,23.33ms,2017.51\nTransfer/sec:,673.82KB\n")
1.73ms,661.16us,17.90ms,2028.14\nTransfer/sec:,677.37KB\n")
1.68ms,741.44us,18.72ms,2040.31\nTransfer/sec:,681.43KB\n")
1.70ms,605.30us,5.56ms,2054.64\nTransfer/sec:,686.22KB\n")
2.57ms,7.60ms,108.48ms,2017.91\nTransfer/sec:,673.95KB\n")
3.38ms,5.50ms,67.39ms,2046.53\nTransfer/sec:,683.51KB\n")
1.72ms,1.07ms,20.72ms,2092.51\nTransfer/sec:,698.87KB\n")
1.66ms,615.97us,6.70ms,2108.10\nTransfer/sec:,704.07KB\n")
1.70ms,573.67us,5.62ms,2121.45\nTransfer/sec:,708.53KB\n")
1.62ms,594.53us,7.65ms,2136.20\nTransfer/sec:,713.46KB\n")
1.66ms,721.81us,15.30ms,2152.13\nTransfer/sec:,718.78KB\n")
1.74ms,781.49us,19.22ms,2163.21\nTransfer/sec:,722.48KB\n")
1.66ms,639.88us,18.91ms,2173.45\nTransfer/sec:,725.90KB\n")
1.69ms,756.19us,22.14ms,2183.97\nTransfer/sec:,729.41KB\n")
1.65ms,616.27us,10.16ms,2191.74\nTransfer/sec:,732.01KB\n")
2.72ms,7.45ms,106.30ms,2158.46\nTransfer/sec:,720.89KB\n")
1.70ms,799.36us,22.86ms,2205.02\nTransfer/sec:,736.44KB\n")
1.65ms,684.83us,15.73ms,2212.42\nTransfer/sec:,738.91KB\n")
2.51ms,7.29ms,103.68ms,2177.97\nTransfer/sec:,727.41KB\n")
1.65ms,737.52us,19.71ms,2222.99\nTransfer/sec:,742.44KB\n")
1.66ms,576.80us,5.97ms,2228.78\nTransfer/sec:,744.38KB\n")
2.57ms,7.00ms,99.20ms,2190.18\nTransfer/sec:,731.49KB\n")
1.70ms,0.93ms,25.52ms,2239.19\nTransfer/sec:,747.85KB\n")
1.67ms,780.61us,19.42ms,2243.03\nTransfer/sec:,749.14KB\n")
1.70ms,598.29us,8.87ms,2246.03\nTransfer/sec:,750.14KB\n")
1.75ms,546.31us,7.85ms,2249.87\nTransfer/sec:,751.42KB\n")
1.68ms,764.36us,20.26ms,2262.64\nTransfer/sec:,755.69KB\n")
1.66ms,615.19us,14.87ms,2277.21\nTransfer/sec:,760.55KB\n")
1.68ms,798.06us,19.92ms,2289.13\nTransfer/sec:,764.53KB\n")
1.84ms,825.56us,17.14ms,2293.46\nTransfer/sec:,765.98KB\n")
1.72ms,727.75us,23.14ms,2296.63\nTransfer/sec:,767.04KB\n")
2.52ms,6.95ms,102.21ms,2252.89\nTransfer/sec:,752.43KB\n")
1.64ms,602.34us,6.10ms,2302.57\nTransfer/sec:,769.02KB\n")
1.68ms,793.30us,21.62ms,2303.86\nTransfer/sec:,769.45KB\n")
1.64ms,604.14us,6.59ms,2306.29\nTransfer/sec:,770.26KB\n")
2.46ms,7.06ms,101.57ms,2257.14\nTransfer/sec:,753.85KB\n")
1.66ms,752.03us,20.00ms,2309.18\nTransfer/sec:,771.23KB\n")
1.66ms,701.80us,21.76ms,2307.75\nTransfer/sec:,770.75KB\n")
2.63ms,6.63ms,96.96ms,2255.15\nTransfer/sec:,753.19KB\n")
1.67ms,614.73us,7.49ms,2297.22\nTransfer/sec:,767.23KB\n")
1.93ms,790.59us,18.99ms,2293.43\nTransfer/sec:,765.97KB\n")
1.76ms,629.35us,18.51ms,2295.09\nTransfer/sec:,766.52KB\n")
1.74ms,687.78us,18.35ms,2293.53\nTransfer/sec:,766.00KB\n")
2.69ms,6.45ms,95.10ms,2249.74\nTransfer/sec:,751.38KB\n")
1.63ms,639.16us,16.24ms,2302.58\nTransfer/sec:,769.02KB\n")
1.65ms,605.95us,7.49ms,2306.04\nTransfer/sec:,770.18KB\n")
1.71ms,0.89ms,22.34ms,2309.90\nTransfer/sec:,771.47KB\n")
1.66ms,654.83us,16.64ms,2311.37\nTransfer/sec:,771.96KB\n")
1.66ms,603.00us,6.07ms,2314.79\nTransfer/sec:,773.10KB\n")
1.68ms,604.13us,6.82ms,2316.91\nTransfer/sec:,773.81KB\n")
1.71ms,811.00us,22.66ms,2320.83\nTransfer/sec:,775.12KB\n")
1.65ms,615.73us,6.44ms,2325.21\nTransfer/sec:,776.58KB\n")
1.70ms,0.91ms,19.46ms,2323.99\nTransfer/sec:,776.18KB\n")
2.55ms,7.40ms,110.85ms,2271.89\nTransfer/sec:,758.77KB\n")
1.66ms,614.12us,9.40ms,2312.72\nTransfer/sec:,772.41KB\n")
2.53ms,7.34ms,108.61ms,2256.69\nTransfer/sec:,753.70KB\n")
1.72ms,597.78us,9.69ms,2295.98\nTransfer/sec:,766.82KB\n")
1.68ms,606.33us,7.34ms,2284.31\nTransfer/sec:,762.92KB\n")
1.73ms,0.98ms,20.18ms,2269.81\nTransfer/sec:,758.08KB\n")
2.63ms,5.73ms,84.29ms,2230.04\nTransfer/sec:,744.80KB\n")
1.70ms,776.93us,18.83ms,2261.00\nTransfer/sec:,755.14KB\n")
1.68ms,757.60us,22.08ms,2258.49\nTransfer/sec:,754.30KB\n")
1.66ms,608.21us,7.79ms,2256.32\nTransfer/sec:,753.57KB\n")
1.79ms,608.68us,19.28ms,2250.90\nTransfer/sec:,751.77KB\n")
1.68ms,812.27us,17.98ms,2258.89\nTransfer/sec:,754.43KB\n")
1.67ms,618.63us,6.61ms,2261.03\nTransfer/sec:,755.15KB\n")
1.69ms,763.56us,19.12ms,2260.47\nTransfer/sec:,754.96KB\n")
1.66ms,631.10us,11.35ms,2258.00\nTransfer/sec:,754.14KB\n")
1.69ms,619.95us,6.45ms,2259.29\nTransfer/sec:,754.57KB\n")
1.69ms,789.24us,18.75ms,2280.70\nTransfer/sec:,761.72KB\n")
2.59ms,5.82ms,82.69ms,2254.15\nTransfer/sec:,752.85KB\n")
1.64ms,637.85us,17.57ms,2315.07\nTransfer/sec:,773.20KB\n")
2.47ms,6.84ms,102.08ms,2259.10\nTransfer/sec:,754.51KB\n")
1.69ms,760.48us,19.36ms,2302.65\nTransfer/sec:,769.05KB\n")
1.64ms,609.62us,7.65ms,2287.48\nTransfer/sec:,763.98KB\n")
1.71ms,1.41ms,40.64ms,2280.25\nTransfer/sec:,761.57KB\n")
1.71ms,0.86ms,18.86ms,2274.27\nTransfer/sec:,759.57KB\n")
1.65ms,608.93us,7.00ms,2282.28\nTransfer/sec:,762.25KB\n")
1.71ms,726.75us,18.78ms,2273.13\nTransfer/sec:,759.19KB\n")
1.70ms,757.70us,15.14ms,2263.43\nTransfer/sec:,755.95KB\n")
2.61ms,4.98ms,71.74ms,2199.84\nTransfer/sec:,734.71KB\n")
2.46ms,7.06ms,105.28ms,2188.84\nTransfer/sec:,731.04KB\n")
1.69ms,0.89ms,20.30ms,2224.86\nTransfer/sec:,743.07KB\n")
2.51ms,7.16ms,107.65ms,2179.59\nTransfer/sec:,727.95KB\n")
1.66ms,600.73us,7.01ms,2211.07\nTransfer/sec:,738.46KB\n")
2.55ms,7.49ms,108.54ms,2159.92\nTransfer/sec:,721.38KB\n")
1.67ms,614.44us,7.74ms,2188.25\nTransfer/sec:,730.84KB\n")
1.69ms,780.47us,21.90ms,2179.46\nTransfer/sec:,727.91KB\n")
1.71ms,1.00ms,23.07ms,2172.29\nTransfer/sec:,725.51KB\n")
1.66ms,747.09us,18.96ms,2177.19\nTransfer/sec:,727.15KB\n")
1.67ms,746.32us,22.50ms,2170.15\nTransfer/sec:,724.80KB\n")
1.63ms,593.53us,6.66ms,2171.98\nTransfer/sec:,725.41KB\n")
1.69ms,738.33us,20.64ms,2184.45\nTransfer/sec:,729.57KB\n")
2.50ms,6.87ms,99.14ms,2181.09\nTransfer/sec:,728.45KB\n")
1.73ms,1.00ms,28.48ms,2227.04\nTransfer/sec:,743.80KB\n")
1.66ms,609.84us,6.35ms,2215.97\nTransfer/sec:,740.10KB\n")
1.67ms,740.16us,30.58ms,2215.84\nTransfer/sec:,740.06KB\n")
1.71ms,790.36us,21.46ms,2209.87\nTransfer/sec:,738.06KB\n")
1.75ms,730.37us,21.63ms,2204.71\nTransfer/sec:,736.34KB\n")
2.50ms,6.79ms,95.62ms,2134.82\nTransfer/sec:,713.00KB\n")
1.68ms,708.96us,21.23ms,2154.63\nTransfer/sec:,719.61KB\n")
1.67ms,668.96us,12.29ms,2135.22\nTransfer/sec:,713.13KB\n")
1.70ms,761.56us,21.50ms,2133.53\nTransfer/sec:,712.56KB\n")
1.67ms,596.38us,6.52ms,2133.83\nTransfer/sec:,712.67KB\n")
1.73ms,0.87ms,22.10ms,2138.03\nTransfer/sec:,714.07KB\n")
1.70ms,0.92ms,19.34ms,2139.48\nTransfer/sec:,714.55KB\n")
1.67ms,639.69us,11.05ms,2137.90\nTransfer/sec:,714.03KB\n")
1.82ms,746.50us,18.88ms,2123.93\nTransfer/sec:,709.36KB\n")
1.76ms,552.63us,14.29ms,2124.78\nTransfer/sec:,709.64KB\n")
1.76ms,529.51us,6.12ms,2124.04\nTransfer/sec:,709.40KB\n")
1.80ms,763.28us,20.21ms,2123.18\nTransfer/sec:,709.11KB\n")
1.80ms,0.86ms,19.94ms,2121.92\nTransfer/sec:,708.69KB\n")
4.28ms,13.82ms,143.23ms,2028.16\nTransfer/sec:,677.38KB\n")
1.70ms,814.49us,19.97ms,2117.47\nTransfer/sec:,707.20KB\n")
1.65ms,611.64us,6.79ms,2117.96\nTransfer/sec:,707.37KB\n")
1.69ms,676.58us,20.05ms,2121.71\nTransfer/sec:,708.62KB\n")
1.76ms,723.10us,21.15ms,2123.41\nTransfer/sec:,709.18KB\n")
1.76ms,1.07ms,27.38ms,2122.44\nTransfer/sec:,708.86KB\n")
1.76ms,789.64us,20.93ms,2122.86\nTransfer/sec:,709.00KB\n")
1.70ms,774.90us,20.51ms,2108.70\nTransfer/sec:,704.27KB\n")
50.28ms,172.26ms,1.06s,2106.88\nTransfer/sec:,703.67KB\n")
1.65ms,596.05us,6.86ms,2095.69\nTransfer/sec:,699.93KB\n")
1.67ms,599.62us,6.12ms,2073.89\nTransfer/sec:,692.65KB\n")
1.74ms,829.90us,19.57ms,2027.88\nTransfer/sec:,677.28KB\n")
1.69ms,787.01us,20.38ms,2006.39\nTransfer/sec:,670.10KB\n")
1.68ms,637.49us,13.02ms,2005.37\nTransfer/sec:,669.76KB\n")
1.67ms,591.49us,10.19ms,1996.64\nTransfer/sec:,666.85KB\n")
1.71ms,822.21us,20.86ms,1997.58\nTransfer/sec:,667.16KB\n")
1.70ms,596.40us,10.25ms,1993.84\nTransfer/sec:,665.91KB\n")
1.73ms,1.00ms,20.10ms,1991.20\nTransfer/sec:,665.03KB\n")
1.69ms,626.91us,9.34ms,1992.31\nTransfer/sec:,665.40KB\n")
1.70ms,754.69us,20.78ms,1992.46\nTransfer/sec:,665.45KB\n")
1.71ms,689.78us,20.32ms,1989.54\nTransfer/sec:,664.48KB\n")
1.67ms,718.56us,23.39ms,1983.50\nTransfer/sec:,662.46KB\n")
1.80ms,809.52us,19.52ms,1973.54\nTransfer/sec:,659.13KB\n")
1.67ms,1.49ms,43.49ms,1968.90\nTransfer/sec:,657.58KB\n")
1.67ms,616.50us,9.56ms,1966.52\nTransfer/sec:,656.79KB\n")
1.66ms,793.57us,23.38ms,1963.93\nTransfer/sec:,655.92KB\n")
1.73ms,0.89ms,21.55ms,1958.53\nTransfer/sec:,654.12KB\n")
1.68ms,595.08us,7.29ms,1956.22\nTransfer/sec:,653.35KB\n")
2.75ms,6.63ms,89.28ms,1922.67\nTransfer/sec:,642.14KB\n")
1.71ms,0.90ms,20.14ms,1952.07\nTransfer/sec:,651.96KB\n")
1.68ms,742.81us,19.33ms,1952.42\nTransfer/sec:,652.08KB\n")
1.69ms,762.12us,25.20ms,1949.54\nTransfer/sec:,651.12KB\n")
1.78ms,0.89ms,22.24ms,1943.19\nTransfer/sec:,649.00KB\n")
1.70ms,0.86ms,22.61ms,1936.12\nTransfer/sec:,646.64KB\n")
1.73ms,0.90ms,19.50ms,1932.35\nTransfer/sec:,645.37KB\n")
1.71ms,796.68us,21.52ms,1926.27\nTransfer/sec:,643.34KB\n")
1.70ms,610.58us,9.04ms,1919.98\nTransfer/sec:,641.24KB\n")
1.70ms,587.86us,5.94ms,1913.88\nTransfer/sec:,639.21KB\n")
1.74ms,536.07us,6.56ms,1910.70\nTransfer/sec:,638.14KB\n")
1.69ms,595.84us,7.29ms,1907.77\nTransfer/sec:,637.17KB\n")
1.74ms,1.02ms,21.30ms,1903.88\nTransfer/sec:,635.87KB\n")
2.61ms,7.14ms,97.22ms,1871.48\nTransfer/sec:,625.04KB\n")
1.65ms,582.27us,7.65ms,1900.62\nTransfer/sec:,634.78KB\n")
1.70ms,798.07us,23.30ms,1896.88\nTransfer/sec:,633.53KB\n")
1.68ms,580.83us,6.96ms,1893.07\nTransfer/sec:,632.26KB\n")
1.72ms,799.78us,22.02ms,1886.47\nTransfer/sec:,630.05KB\n")
1.83ms,846.73us,20.98ms,1880.15\nTransfer/sec:,627.94KB\n")
1.69ms,797.11us,21.95ms,1872.53\nTransfer/sec:,625.39KB\n")
2.69ms,7.64ms,104.00ms,1825.98\nTransfer/sec:,609.85KB\n")
1.72ms,726.02us,25.94ms,1858.91\nTransfer/sec:,620.85KB\n")
1.75ms,752.82us,19.68ms,1851.65\nTransfer/sec:,618.42KB\n")
51.58ms,175.70ms,1.06s,1847.92\nTransfer/sec:,617.18KB\n")
1.72ms,1.02ms,18.96ms,1846.36\nTransfer/sec:,616.65KB\n")
1.70ms,787.78us,22.42ms,1845.01\nTransfer/sec:,616.21KB\n")
1.70ms,613.69us,6.71ms,1842.43\nTransfer/sec:,615.34KB\n")
1.67ms,592.77us,6.56ms,1837.67\nTransfer/sec:,613.75KB\n")
1.72ms,592.62us,6.78ms,1836.03\nTransfer/sec:,613.21KB\n")
2.80ms,6.93ms,91.07ms,1802.02\nTransfer/sec:,601.85KB\n")
1.79ms,1.09ms,21.06ms,1822.82\nTransfer/sec:,608.79KB\n")
1.70ms,613.45us,8.63ms,1816.47\nTransfer/sec:,606.67KB\n")
1.68ms,581.63us,6.09ms,1812.90\nTransfer/sec:,605.48KB\n")
1.69ms,619.82us,10.38ms,1806.96\nTransfer/sec:,603.50KB\n")
1.69ms,615.00us,7.32ms,1806.97\nTransfer/sec:,603.50KB\n")
1.70ms,611.18us,5.81ms,1806.98\nTransfer/sec:,603.50KB\n")
1.72ms,815.58us,21.47ms,1806.44\nTransfer/sec:,603.32KB\n")
2.84ms,6.81ms,88.96ms,1768.63\nTransfer/sec:,590.69KB\n")
1.68ms,576.57us,6.46ms,1806.03\nTransfer/sec:,603.19KB\n")
1.74ms,558.15us,6.37ms,1805.33\nTransfer/sec:,602.95KB\n")
1.66ms,781.46us,20.50ms,1802.06\nTransfer/sec:,601.86KB\n")
1.73ms,0.96ms,20.86ms,1801.36\nTransfer/sec:,601.63KB\n")
1.69ms,593.30us,9.39ms,1801.41\nTransfer/sec:,601.64KB\n")
1.69ms,598.69us,7.15ms,1796.64\nTransfer/sec:,600.05KB\n")
2.84ms,6.95ms,92.74ms,1759.13\nTransfer/sec:,587.52KB\n")
1.67ms,609.95us,7.83ms,1785.81\nTransfer/sec:,596.43KB\n")
1.70ms,597.80us,7.36ms,1780.91\nTransfer/sec:,594.79KB\n")
1.74ms,1.03ms,20.37ms,1780.95\nTransfer/sec:,594.81KB\n")
1.66ms,591.87us,6.51ms,1782.18\nTransfer/sec:,595.22KB\n")
2.77ms,7.91ms,102.72ms,1753.53\nTransfer/sec:,585.65KB\n")
2.69ms,7.48ms,97.86ms,1753.70\nTransfer/sec:,585.71KB\n")
1.68ms,611.61us,7.02ms,1784.60\nTransfer/sec:,596.03KB\n")
2.73ms,7.03ms,92.99ms,1755.65\nTransfer/sec:,586.36KB\n")
1.72ms,790.39us,18.56ms,1784.68\nTransfer/sec:,596.06KB\n")
1.70ms,613.75us,12.32ms,1783.16\nTransfer/sec:,595.55KB\n")
1.64ms,687.36us,20.85ms,1776.08\nTransfer/sec:,593.18KB\n")
1.72ms,0.92ms,27.34ms,1772.10\nTransfer/sec:,591.85KB\n")
1.69ms,609.85us,8.13ms,1772.44\nTransfer/sec:,591.97KB\n")
1.72ms,795.39us,20.54ms,1770.16\nTransfer/sec:,591.20KB\n")
1.78ms,1.05ms,21.46ms,1774.15\nTransfer/sec:,592.54KB\n")
1.72ms,741.43us,22.56ms,1774.36\nTransfer/sec:,592.61KB\n")
1.73ms,0.92ms,26.53ms,1774.22\nTransfer/sec:,592.56KB\n")
1.68ms,611.46us,9.87ms,1774.30\nTransfer/sec:,592.59KB\n")
1.68ms,589.74us,6.68ms,1776.13\nTransfer/sec:,593.20KB\n")
1.72ms,0.86ms,20.93ms,1772.25\nTransfer/sec:,591.90KB\n")
1.70ms,734.77us,18.75ms,1767.12\nTransfer/sec:,590.19KB\n")
1.90ms,563.51us,5.96ms,1761.96\nTransfer/sec:,588.47KB\n")
1.72ms,716.75us,23.42ms,1754.45\nTransfer/sec:,585.96KB\n")
1.69ms,779.15us,22.03ms,1747.85\nTransfer/sec:,583.75KB\n")
1.69ms,593.48us,6.38ms,1741.45\nTransfer/sec:,581.62KB\n")
3.15ms,5.91ms,73.41ms,1702.97\nTransfer/sec:,568.76KB\n")
1.67ms,583.55us,5.68ms,1733.41\nTransfer/sec:,578.93KB\n")
3.36ms,7.10ms,86.46ms,1697.38\nTransfer/sec:,566.90KB\n")
1.67ms,584.22us,7.60ms,1728.28\nTransfer/sec:,577.22KB\n")
1.77ms,613.79us,19.81ms,1726.31\nTransfer/sec:,576.56KB\n")
1.74ms,0.88ms,17.31ms,1724.36\nTransfer/sec:,575.91KB\n")
1.71ms,727.86us,19.63ms,1718.09\nTransfer/sec:,573.81KB\n")
1.76ms,574.78us,7.94ms,1709.44\nTransfer/sec:,570.93KB\n")
2.75ms,7.76ms,101.12ms,1670.12\nTransfer/sec:,557.79KB\n")
1.69ms,613.56us,13.10ms,1692.06\nTransfer/sec:,565.12KB\n")
1.80ms,561.58us,8.18ms,1684.48\nTransfer/sec:,562.59KB\n")
1.69ms,582.57us,5.41ms,1678.02\nTransfer/sec:,560.43KB\n")
1.74ms,829.57us,23.34ms,1672.05\nTransfer/sec:,558.44KB\n")
1.71ms,823.30us,20.99ms,1668.84\nTransfer/sec:,557.37KB\n")
1.72ms,582.47us,7.57ms,1665.94\nTransfer/sec:,556.40KB\n")
1.74ms,563.21us,6.02ms,1661.49\nTransfer/sec:,554.91KB\n")
1.76ms,828.00us,21.25ms,1654.31\nTransfer/sec:,552.51KB\n")
1.71ms,590.25us,6.94ms,1645.29\nTransfer/sec:,549.50KB\n")
1.78ms,1.00ms,24.98ms,1638.54\nTransfer/sec:,547.25KB\n")
1.69ms,578.12us,5.63ms,1629.93\nTransfer/sec:,544.37KB\n")
1.73ms,776.67us,20.16ms,1624.70\nTransfer/sec:,542.63KB\n")
1.72ms,584.87us,7.05ms,1619.29\nTransfer/sec:,540.82KB\n")
1.70ms,601.89us,12.84ms,1612.82\nTransfer/sec:,538.66KB\n")
1.73ms,664.16us,18.30ms,1607.98\nTransfer/sec:,537.04KB\n")
1.75ms,810.41us,21.10ms,1608.38\nTransfer/sec:,537.18KB\n")
1.71ms,706.97us,18.27ms,1610.00\nTransfer/sec:,537.71KB\n")
1.72ms,737.98us,19.42ms,1610.09\nTransfer/sec:,537.74KB\n")
1.72ms,741.31us,19.79ms,1612.56\nTransfer/sec:,538.57KB\n")
1.77ms,556.55us,7.32ms,1616.81\nTransfer/sec:,539.99KB\n")
48.88ms,171.79ms,1.06s,1620.47\nTransfer/sec:,541.21KB\n")
1.74ms,594.61us,10.48ms,1622.94\nTransfer/sec:,542.04KB\n")
2.85ms,8.36ms,102.72ms,1588.42\nTransfer/sec:,530.51KB\n")
1.76ms,567.28us,6.59ms,1627.29\nTransfer/sec:,543.49KB\n")
1.71ms,574.34us,6.36ms,1630.02\nTransfer/sec:,544.40KB\n")
1.72ms,758.08us,19.71ms,1633.09\nTransfer/sec:,545.43KB\n")
1.87ms,0.96ms,24.88ms,1636.61\nTransfer/sec:,546.60KB\n")
1.70ms,605.03us,9.22ms,1643.71\nTransfer/sec:,548.97KB\n")
1.73ms,588.66us,6.48ms,1654.39\nTransfer/sec:,552.54KB\n")
1.75ms,0.86ms,24.40ms,1661.93\nTransfer/sec:,555.06KB\n")
1.70ms,591.02us,6.39ms,1672.99\nTransfer/sec:,558.75KB\n")
1.74ms,737.32us,20.30ms,1683.72\nTransfer/sec:,562.34KB\n")
1.76ms,0.96ms,21.17ms,1692.54\nTransfer/sec:,565.28KB\n")
1.73ms,599.05us,6.48ms,1705.29\nTransfer/sec:,569.54KB\n")
1.82ms,527.78us,5.97ms,1710.71\nTransfer/sec:,571.35KB\n")
1.71ms,785.76us,21.50ms,1721.13\nTransfer/sec:,574.83KB\n")
1.69ms,572.68us,7.52ms,1732.79\nTransfer/sec:,578.72KB\n")
3.51ms,6.36ms,78.85ms,1705.77\nTransfer/sec:,569.70KB\n")
2.87ms,7.07ms,91.14ms,1712.25\nTransfer/sec:,571.87KB\n")
1.78ms,794.61us,22.70ms,1765.36\nTransfer/sec:,589.60KB\n")
1.70ms,604.16us,9.67ms,1781.71\nTransfer/sec:,595.06KB\n")
1.73ms,791.04us,21.50ms,1796.07\nTransfer/sec:,599.86KB\n")
1.73ms,0.89ms,22.94ms,1809.55\nTransfer/sec:,604.36KB\n")
1.79ms,0.88ms,23.62ms,1821.75\nTransfer/sec:,608.44KB\n")
1.68ms,590.15us,11.59ms,1832.68\nTransfer/sec:,612.09KB\n")
1.71ms,739.30us,25.58ms,1843.35\nTransfer/sec:,615.65KB\n")
1.70ms,631.51us,13.18ms,1854.08\nTransfer/sec:,619.23KB\n")
1.71ms,586.67us,7.74ms,1865.17\nTransfer/sec:,622.94KB\n")
1.72ms,811.13us,22.10ms,1874.85\nTransfer/sec:,626.17KB\n")
1.72ms,850.00us,18.18ms,1887.01\nTransfer/sec:,630.23KB\n")
1.71ms,600.63us,8.77ms,1896.74\nTransfer/sec:,633.48KB\n")
1.84ms,686.72us,22.08ms,1909.87\nTransfer/sec:,637.87KB\n")
1.69ms,643.02us,22.74ms,1923.43\nTransfer/sec:,642.40KB\n")
1.69ms,818.49us,22.30ms,1936.18\nTransfer/sec:,646.65KB\n")
1.71ms,580.32us,6.27ms,1946.85\nTransfer/sec:,650.22KB\n")
2.60ms,6.04ms,82.88ms,1926.89\nTransfer/sec:,643.55KB\n")
1.69ms,615.87us,9.97ms,1969.88\nTransfer/sec:,657.91KB\n")
1.70ms,650.32us,12.18ms,1985.26\nTransfer/sec:,663.05KB\n")
1.72ms,632.35us,9.76ms,1996.55\nTransfer/sec:,666.81KB\n")
1.71ms,839.92us,23.65ms,2006.68\nTransfer/sec:,670.20KB\n")
2.80ms,6.77ms,93.12ms,1971.77\nTransfer/sec:,658.54KB\n")
1.69ms,720.74us,19.02ms,2017.05\nTransfer/sec:,673.66KB\n")
1.71ms,817.38us,19.84ms,2023.34\nTransfer/sec:,675.77KB\n")
1.74ms,600.95us,15.74ms,2027.92\nTransfer/sec:,677.29KB\n")
1.70ms,0.87ms,22.19ms,2040.34\nTransfer/sec:,681.44KB\n")
1.82ms,569.62us,6.36ms,2047.53\nTransfer/sec:,683.84KB\n")
1.75ms,0.85ms,22.11ms,2056.70\nTransfer/sec:,686.90KB\n")
1.70ms,826.34us,23.57ms,2063.10\nTransfer/sec:,689.04KB\n")
1.71ms,656.73us,12.13ms,2070.53\nTransfer/sec:,691.52KB\n")
2.57ms,7.29ms,103.55ms,2041.99\nTransfer/sec:,681.99KB\n")
1.68ms,611.09us,9.42ms,2079.38\nTransfer/sec:,694.48KB\n")
2.81ms,6.76ms,95.30ms,2049.57\nTransfer/sec:,684.52KB\n")
51.51ms,175.79ms,1.06s,2089.48\nTransfer/sec:,697.85KB\n")
2.63ms,7.13ms,101.06ms,2060.97\nTransfer/sec:,688.33KB\n")
2.66ms,6.48ms,90.50ms,2064.76\nTransfer/sec:,689.60KB\n")
2.69ms,7.53ms,103.87ms,2068.34\nTransfer/sec:,690.79KB\n")
1.69ms,633.89us,11.35ms,2115.84\nTransfer/sec:,706.66KB\n")
1.74ms,579.79us,9.77ms,2122.09\nTransfer/sec:,708.74KB\n")
1.70ms,705.90us,17.66ms,2129.70\nTransfer/sec:,711.29KB\n")
1.67ms,632.26us,15.10ms,2134.15\nTransfer/sec:,712.77KB\n")
1.68ms,0.86ms,22.88ms,2138.67\nTransfer/sec:,714.28KB\n")
1.70ms,580.26us,9.74ms,2143.10\nTransfer/sec:,715.76KB\n")
2.62ms,5.65ms,82.24ms,2112.45\nTransfer/sec:,705.53KB\n")
2.57ms,7.52ms,107.90ms,2115.02\nTransfer/sec:,706.38KB\n")
1.70ms,0.92ms,22.11ms,2154.59\nTransfer/sec:,719.60KB\n")
1.66ms,744.95us,19.33ms,2153.68\nTransfer/sec:,719.30KB\n")
1.70ms,741.70us,20.98ms,2153.34\nTransfer/sec:,719.18KB\n")
1.71ms,802.68us,22.66ms,2153.42\nTransfer/sec:,719.21KB\n")
1.64ms,605.99us,7.59ms,2155.96\nTransfer/sec:,720.06KB\n")
1.72ms,828.07us,21.10ms,2160.31\nTransfer/sec:,721.51KB\n")
1.73ms,0.86ms,20.43ms,2170.39\nTransfer/sec:,724.88KB\n")
1.69ms,611.10us,9.55ms,2175.99\nTransfer/sec:,726.75KB\n")
1.71ms,845.27us,22.70ms,2182.32\nTransfer/sec:,728.86KB\n")
1.68ms,772.83us,20.24ms,2189.00\nTransfer/sec:,731.09KB\n")
1.65ms,600.62us,8.17ms,2192.14\nTransfer/sec:,732.14KB\n")
1.61ms,625.69us,7.90ms,2195.00\nTransfer/sec:,733.09KB\n")
1.66ms,771.12us,21.95ms,2200.24\nTransfer/sec:,734.85KB\n")
1.74ms,1.00ms,26.42ms,2208.49\nTransfer/sec:,737.60KB\n")
1.68ms,614.42us,8.50ms,2212.59\nTransfer/sec:,738.97KB\n")
1.71ms,0.87ms,24.21ms,2214.04\nTransfer/sec:,739.45KB\n")
1.69ms,620.35us,7.40ms,2219.70\nTransfer/sec:,741.34KB\n")
1.70ms,0.96ms,26.45ms,2224.69\nTransfer/sec:,743.01KB\n")
1.72ms,738.89us,20.00ms,2229.11\nTransfer/sec:,744.49KB\n")
1.73ms,664.36us,16.51ms,2229.06\nTransfer/sec:,744.47KB\n")
1.65ms,786.54us,22.46ms,2231.95\nTransfer/sec:,745.44KB\n")
1.67ms,629.31us,10.65ms,2231.78\nTransfer/sec:,745.38KB\n")
2.59ms,6.77ms,99.39ms,2187.73\nTransfer/sec:,730.67KB\n")
1.72ms,0.99ms,30.29ms,2229.61\nTransfer/sec:,744.66KB\n")
4.21ms,13.49ms,143.10ms,2142.81\nTransfer/sec:,715.66KB\n")
1.69ms,602.41us,15.70ms,2226.82\nTransfer/sec:,743.72KB\n")
1.68ms,597.35us,7.47ms,2226.11\nTransfer/sec:,743.49KB\n")
1.66ms,797.56us,21.44ms,2223.00\nTransfer/sec:,742.45KB\n")
1.65ms,625.24us,9.18ms,2224.10\nTransfer/sec:,742.82KB\n")
1.72ms,1.04ms,22.48ms,2224.05\nTransfer/sec:,742.80KB\n")
1.63ms,551.17us,7.02ms,2227.04\nTransfer/sec:,743.80KB\n")
1.69ms,0.87ms,23.63ms,2230.88\nTransfer/sec:,745.08KB\n")
1.67ms,613.98us,8.79ms,2231.17\nTransfer/sec:,745.17KB\n")
1.68ms,628.63us,7.25ms,2233.54\nTransfer/sec:,745.97KB\n")
1.68ms,629.96us,7.95ms,2232.65\nTransfer/sec:,745.67KB\n")
2.73ms,7.17ms,102.66ms,2187.87\nTransfer/sec:,730.71KB\n")
1.74ms,791.64us,21.92ms,2227.23\nTransfer/sec:,743.86KB\n")
1.66ms,599.91us,6.88ms,2224.43\nTransfer/sec:,742.93KB\n")
1.68ms,612.45us,7.67ms,2219.79\nTransfer/sec:,741.37KB\n")
1.65ms,614.85us,7.15ms,2215.02\nTransfer/sec:,739.78KB\n")
1.70ms,617.14us,8.96ms,2210.17\nTransfer/sec:,738.16KB\n")
1.69ms,779.10us,19.54ms,2210.09\nTransfer/sec:,738.14KB\n")
1.75ms,549.75us,6.37ms,2205.05\nTransfer/sec:,736.45KB\n")
1.65ms,733.42us,20.69ms,2199.60\nTransfer/sec:,734.63KB\n")
1.65ms,601.98us,7.32ms,2199.47\nTransfer/sec:,734.59KB\n")
1.82ms,750.55us,20.66ms,2206.36\nTransfer/sec:,736.89KB\n")
1.87ms,755.82us,24.93ms,2205.34\nTransfer/sec:,736.55KB\n")
1.68ms,752.27us,18.42ms,2198.82\nTransfer/sec:,734.37KB\n")
1.66ms,610.00us,7.57ms,2188.04\nTransfer/sec:,730.77KB\n")
1.71ms,644.86us,11.98ms,2179.43\nTransfer/sec:,727.90KB\n")
1.65ms,610.32us,6.44ms,2171.05\nTransfer/sec:,725.10KB\n")
1.78ms,699.22us,18.67ms,2165.15\nTransfer/sec:,723.13KB\n")
1.67ms,614.56us,8.27ms,2157.89\nTransfer/sec:,720.70KB\n")
1.70ms,0.92ms,20.93ms,2149.68\nTransfer/sec:,717.96KB\n")
1.75ms,748.99us,19.89ms,2142.75\nTransfer/sec:,715.64KB\n")
2.69ms,7.21ms,103.04ms,2093.84\nTransfer/sec:,699.31KB\n")
1.70ms,619.68us,6.68ms,2128.88\nTransfer/sec:,711.01KB\n")
2.68ms,5.50ms,77.06ms,2076.21\nTransfer/sec:,693.42KB\n")
2.66ms,7.31ms,100.80ms,2068.32\nTransfer/sec:,690.79KB\n")
1.70ms,752.37us,21.86ms,2098.95\nTransfer/sec:,701.02KB\n")
1.76ms,816.04us,19.81ms,2087.73\nTransfer/sec:,697.27KB\n")
1.72ms,790.40us,21.02ms,2077.16\nTransfer/sec:,693.74KB\n")
1.70ms,623.89us,9.34ms,2069.86\nTransfer/sec:,691.30KB\n")
1.69ms,801.15us,21.18ms,2061.63\nTransfer/sec:,688.55KB\n")
2.77ms,6.62ms,90.82ms,2008.63\nTransfer/sec:,670.85KB\n")
1.68ms,738.49us,19.92ms,2040.22\nTransfer/sec:,681.40KB\n")
1.75ms,575.47us,7.57ms,2029.44\nTransfer/sec:,677.80KB\n")
3.05ms,6.93ms,91.20ms,1987.81\nTransfer/sec:,663.90KB\n")
1.82ms,620.06us,14.21ms,2011.02\nTransfer/sec:,671.65KB\n")
1.70ms,604.44us,7.65ms,2000.11\nTransfer/sec:,668.01KB\n")
1.74ms,1.02ms,21.62ms,1990.42\nTransfer/sec:,664.77KB\n")
2.91ms,6.47ms,88.77ms,1940.02\nTransfer/sec:,647.94KB\n")
1.73ms,672.00us,13.36ms,1967.25\nTransfer/sec:,657.03KB\n")
1.72ms,624.45us,9.54ms,1961.04\nTransfer/sec:,654.96KB\n")
1.73ms,617.83us,9.76ms,1946.92\nTransfer/sec:,650.24KB\n")
1.71ms,745.78us,18.29ms,1929.71\nTransfer/sec:,644.49KB\n")
1.73ms,747.86us,17.42ms,1915.83\nTransfer/sec:,639.86KB\n")
1.75ms,605.70us,15.47ms,1908.75\nTransfer/sec:,637.49KB\n")
1.69ms,707.45us,23.73ms,1903.28\nTransfer/sec:,635.67KB\n")
1.69ms,779.64us,21.06ms,1897.96\nTransfer/sec:,633.89KB\n")
1.71ms,635.13us,15.71ms,1890.43\nTransfer/sec:,631.37KB\n")
1.76ms,700.36us,16.56ms,1881.16\nTransfer/sec:,628.28KB\n")
1.76ms,1.09ms,32.99ms,1874.81\nTransfer/sec:,626.16KB\n")
1.73ms,779.74us,22.72ms,1869.82\nTransfer/sec:,624.49KB\n")
1.72ms,569.51us,6.70ms,1863.48\nTransfer/sec:,622.37KB\n")
2.73ms,7.92ms,104.83ms,1823.57\nTransfer/sec:,609.04KB\n")
2.72ms,7.83ms,106.56ms,1820.75\nTransfer/sec:,608.10KB\n")
1.70ms,583.33us,6.06ms,1852.73\nTransfer/sec:,618.78KB\n")
1.82ms,1.08ms,19.46ms,1850.84\nTransfer/sec:,618.15KB\n")
1.79ms,545.80us,9.68ms,1848.91\nTransfer/sec:,617.51KB\n")
1.72ms,778.73us,20.64ms,1846.21\nTransfer/sec:,616.61KB\n")
1.71ms,622.09us,8.69ms,1842.42\nTransfer/sec:,615.34KB\n")
1.69ms,601.83us,8.46ms,1838.65\nTransfer/sec:,614.08KB\n")
1.76ms,630.89us,19.81ms,1834.89\nTransfer/sec:,612.83KB\n")
1.73ms,0.88ms,21.74ms,1830.46\nTransfer/sec:,611.34KB\n")
1.73ms,801.35us,20.86ms,1825.54\nTransfer/sec:,609.70KB\n")
1.81ms,556.79us,6.79ms,1820.14\nTransfer/sec:,607.90KB\n")
1.67ms,576.48us,6.05ms,1815.10\nTransfer/sec:,606.21KB\n")
1.72ms,604.43us,6.54ms,1812.90\nTransfer/sec:,605.48KB\n")
1.76ms,0.93ms,20.10ms,1813.00\nTransfer/sec:,605.51KB\n")
1.70ms,604.39us,8.28ms,1812.08\nTransfer/sec:,605.21KB\n")
2.67ms,6.39ms,85.31ms,1770.56\nTransfer/sec:,591.34KB\n")
2.82ms,7.22ms,96.90ms,1766.97\nTransfer/sec:,590.14KB\n")
1.71ms,607.81us,9.95ms,1798.76\nTransfer/sec:,600.76KB\n")
2.73ms,7.66ms,102.91ms,1762.73\nTransfer/sec:,588.73KB\n")
1.73ms,0.88ms,18.05ms,1795.92\nTransfer/sec:,599.81KB\n")
1.87ms,835.18us,19.81ms,1793.23\nTransfer/sec:,598.91KB\n")
1.93ms,0.86ms,19.46ms,1790.99\nTransfer/sec:,598.16KB\n")
1.77ms,769.11us,15.60ms,1790.90\nTransfer/sec:,598.13KB\n")
1.79ms,699.23us,21.82ms,1790.37\nTransfer/sec:,597.95KB\n")
1.76ms,821.86us,19.81ms,1790.65\nTransfer/sec:,598.05KB\n")
1.87ms,0.90ms,20.22ms,1792.80\nTransfer/sec:,598.77KB\n")
2.90ms,7.27ms,94.40ms,1757.80\nTransfer/sec:,587.08KB\n")
2.92ms,8.17ms,106.43ms,1758.52\nTransfer/sec:,587.32KB\n")
1.82ms,562.10us,7.07ms,1791.15\nTransfer/sec:,598.21KB\n")
1.73ms,788.19us,20.37ms,1789.89\nTransfer/sec:,597.79KB\n")
1.70ms,601.10us,8.37ms,1788.76\nTransfer/sec:,597.42KB\n")
1.80ms,1.21ms,20.94ms,1787.69\nTransfer/sec:,597.06KB\n")
1.68ms,790.91us,22.11ms,1787.17\nTransfer/sec:,596.89KB\n")
1.69ms,605.07us,15.77ms,1785.66\nTransfer/sec:,596.38KB\n")
1.71ms,669.96us,22.02ms,1783.47\nTransfer/sec:,595.65KB\n")
1.69ms,594.97us,10.87ms,1782.78\nTransfer/sec:,595.42KB\n")
1.70ms,796.20us,22.13ms,1779.95\nTransfer/sec:,594.48KB\n")
1.79ms,0.88ms,18.64ms,1777.80\nTransfer/sec:,593.76KB\n")
1.74ms,544.81us,6.17ms,1778.22\nTransfer/sec:,593.90KB\n")
2.75ms,7.36ms,97.60ms,1748.69\nTransfer/sec:,584.03KB\n")
2.80ms,7.68ms,102.78ms,1747.22\nTransfer/sec:,583.54KB\n")
2.80ms,7.51ms,97.15ms,1745.94\nTransfer/sec:,583.12KB\n")
1.69ms,602.55us,6.61ms,1771.50\nTransfer/sec:,591.65KB\n")
2.86ms,7.29ms,94.34ms,1739.99\nTransfer/sec:,581.13KB\n")
1.90ms,584.36us,8.11ms,1762.98\nTransfer/sec:,588.81KB\n")
1.71ms,1.09ms,32.18ms,1760.53\nTransfer/sec:,587.99KB\n")
1.71ms,599.12us,6.73ms,1754.68\nTransfer/sec:,586.03KB\n")
2.87ms,7.65ms,98.75ms,1710.38\nTransfer/sec:,571.24KB\n")
1.72ms,689.04us,14.30ms,1744.32\nTransfer/sec:,582.58KB\n")
1.74ms,0.93ms,27.50ms,1740.62\nTransfer/sec:,581.34KB\n")
2.95ms,6.94ms,89.92ms,1702.34\nTransfer/sec:,568.55KB\n")
1.70ms,583.65us,8.06ms,1731.09\nTransfer/sec:,578.16KB\n")
2.87ms,7.41ms,95.30ms,1693.83\nTransfer/sec:,565.71KB\n")
1.72ms,0.86ms,21.86ms,1718.28\nTransfer/sec:,573.88KB\n")
2.94ms,8.03ms,104.00ms,1686.86\nTransfer/sec:,563.38KB\n")
2.78ms,6.91ms,90.88ms,1684.32\nTransfer/sec:,562.54KB\n")
1.71ms,629.77us,10.05ms,1706.11\nTransfer/sec:,569.81KB\n")
1.71ms,767.51us,22.22ms,1700.98\nTransfer/sec:,568.10KB\n")
1.70ms,603.26us,9.51ms,1694.83\nTransfer/sec:,566.05KB\n")
2.98ms,8.23ms,107.07ms,1650.95\nTransfer/sec:,551.39KB\n")
1.91ms,0.89ms,19.98ms,1685.00\nTransfer/sec:,562.76KB\n")
3.04ms,6.95ms,88.90ms,1645.21\nTransfer/sec:,549.48KB\n")
1.73ms,556.58us,10.59ms,1675.65\nTransfer/sec:,559.64KB\n")
1.72ms,582.72us,6.82ms,1672.03\nTransfer/sec:,558.43KB\n")
1.72ms,591.45us,7.06ms,1671.39\nTransfer/sec:,558.22KB\n")
1.71ms,574.54us,6.20ms,1671.61\nTransfer/sec:,558.29KB\n")
1.76ms,0.94ms,21.82ms,1667.03\nTransfer/sec:,556.76KB\n")
1.80ms,538.08us,7.28ms,1663.51\nTransfer/sec:,555.59KB\n")
1.74ms,797.16us,21.70ms,1658.44\nTransfer/sec:,553.89KB\n")
1.72ms,597.35us,8.63ms,1654.27\nTransfer/sec:,552.50KB\n")
1.69ms,585.51us,7.92ms,1652.13\nTransfer/sec:,551.79KB\n")
1.75ms,569.42us,7.90ms,1651.27\nTransfer/sec:,551.50KB\n")
1.76ms,0.88ms,21.31ms,1645.73\nTransfer/sec:,549.65KB\n")
1.68ms,583.76us,7.41ms,1643.58\nTransfer/sec:,548.93KB\n")
2.90ms,9.05ms,112.77ms,1614.57\nTransfer/sec:,539.24KB\n")
2.81ms,8.57ms,108.16ms,1615.62\nTransfer/sec:,539.59KB\n")
1.69ms,583.04us,7.53ms,1643.47\nTransfer/sec:,548.89KB\n")
1.72ms,616.68us,11.74ms,1644.65\nTransfer/sec:,549.29KB\n")
1.72ms,608.80us,14.72ms,1645.02\nTransfer/sec:,549.41KB\n")
1.76ms,0.93ms,23.50ms,1645.53\nTransfer/sec:,549.58KB\n")
1.70ms,596.34us,8.94ms,1645.79\nTransfer/sec:,549.67KB\n")
3.16ms,6.06ms,73.86ms,1624.08\nTransfer/sec:,542.42KB\n")
1.72ms,573.91us,8.52ms,1649.05\nTransfer/sec:,550.76KB\n")
1.77ms,765.55us,17.94ms,1650.06\nTransfer/sec:,551.09KB\n")
1.74ms,0.93ms,25.84ms,1648.90\nTransfer/sec:,550.71KB\n")
1.68ms,653.00us,15.44ms,1648.16\nTransfer/sec:,550.46KB\n")
1.80ms,596.80us,15.75ms,1650.05\nTransfer/sec:,551.09KB\n")
1.74ms,537.15us,6.12ms,1649.80\nTransfer/sec:,551.01KB\n")
1.81ms,576.28us,13.45ms,1650.13\nTransfer/sec:,551.12KB\n")
2.85ms,8.44ms,106.56ms,1626.15\nTransfer/sec:,543.11KB\n")
2.87ms,7.83ms,98.94ms,1627.09\nTransfer/sec:,543.42KB\n")
1.76ms,576.14us,8.11ms,1651.20\nTransfer/sec:,551.47KB\n")
1.71ms,630.44us,10.32ms,1647.74\nTransfer/sec:,550.32KB\n")
15.69ms,91.25ms,1.11s,1604.78\nTransfer/sec:,535.97KB\n")
1.71ms,588.34us,7.96ms,1634.19\nTransfer/sec:,545.79KB\n")
1.76ms,0.86ms,19.63ms,1631.46\nTransfer/sec:,544.88KB\n")
1.72ms,599.14us,13.14ms,1630.45\nTransfer/sec:,544.54KB\n")
1.73ms,0.89ms,24.18ms,1628.17\nTransfer/sec:,543.78KB\n")
1.72ms,581.47us,5.81ms,1628.08\nTransfer/sec:,543.75KB\n")
2.98ms,6.44ms,81.22ms,1590.37\nTransfer/sec:,531.16KB\n")
1.73ms,609.14us,11.18ms,1627.82\nTransfer/sec:,543.67KB\n")
1.78ms,0.96ms,20.51ms,1627.89\nTransfer/sec:,543.69KB\n")
1.70ms,581.25us,6.51ms,1628.27\nTransfer/sec:,543.82KB\n")
1.74ms,598.66us,9.38ms,1623.51\nTransfer/sec:,542.23KB\n")
1.72ms,609.20us,9.30ms,1621.24\nTransfer/sec:,541.47KB\n")
1.69ms,783.59us,22.29ms,1620.40\nTransfer/sec:,541.19KB\n")
1.79ms,619.04us,11.39ms,1618.13\nTransfer/sec:,540.43KB\n")
1.96ms,723.20us,19.84ms,1615.02\nTransfer/sec:,539.39KB\n")
35.19ms,141.20ms,1.10s,1555.62\nTransfer/sec:,519.55KB\n")
1.69ms,573.23us,6.90ms,1607.88\nTransfer/sec:,537.01KB\n")
1.76ms,539.82us,7.17ms,1605.53\nTransfer/sec:,536.22KB\n")
1.73ms,568.16us,8.65ms,1603.66\nTransfer/sec:,535.60KB\n")
2.88ms,7.93ms,98.24ms,1574.26\nTransfer/sec:,525.78KB\n")
2.86ms,7.56ms,92.99ms,1572.85\nTransfer/sec:,525.31KB\n")
1.72ms,642.41us,19.18ms,1596.80\nTransfer/sec:,533.31KB\n")
3.19ms,6.84ms,82.82ms,1568.61\nTransfer/sec:,523.89KB\n")
2.78ms,8.45ms,110.91ms,1564.44\nTransfer/sec:,522.50KB\n")
1.72ms,794.37us,34.75ms,1584.19\nTransfer/sec:,529.09KB\n")
1.70ms,671.79us,17.41ms,1578.23\nTransfer/sec:,527.10KB\n")
1.71ms,584.07us,8.23ms,1574.46\nTransfer/sec:,525.85KB\n")
1.80ms,543.70us,8.54ms,1570.33\nTransfer/sec:,524.46KB\n")
1.72ms,830.97us,21.74ms,1567.54\nTransfer/sec:,523.53KB\n")
2.90ms,7.66ms,93.70ms,1530.82\nTransfer/sec:,511.27KB\n")
2.85ms,8.07ms,98.94ms,1529.62\nTransfer/sec:,510.87KB\n")
1.75ms,742.95us,19.50ms,1566.47\nTransfer/sec:,523.17KB\n")
1.75ms,683.26us,17.04ms,1562.04\nTransfer/sec:,521.70KB\n")
1.72ms,770.88us,21.73ms,1559.63\nTransfer/sec:,520.89KB\n")
1.72ms,568.12us,9.23ms,1559.57\nTransfer/sec:,520.87KB\n")
1.70ms,596.60us,9.91ms,1556.13\nTransfer/sec:,519.72KB\n")
1.81ms,543.80us,8.08ms,1551.23\nTransfer/sec:,518.09KB\n")
1.76ms,0.88ms,20.99ms,1544.24\nTransfer/sec:,515.75KB\n")
1.77ms,716.21us,21.20ms,1541.42\nTransfer/sec:,514.81KB\n")
1.79ms,545.50us,6.49ms,1540.27\nTransfer/sec:,514.43KB\n")
2.94ms,8.60ms,105.15ms,1514.29\nTransfer/sec:,505.75KB\n")
1.71ms,570.22us,6.28ms,1543.29\nTransfer/sec:,515.44KB\n")
1.74ms,715.90us,19.42ms,1541.45\nTransfer/sec:,514.82KB\n")
1.75ms,0.87ms,20.19ms,1543.21\nTransfer/sec:,515.41KB\n")
2.87ms,7.85ms,95.62ms,1515.46\nTransfer/sec:,506.14KB\n")
1.74ms,584.06us,9.69ms,1548.64\nTransfer/sec:,517.22KB\n")
1.80ms,533.51us,7.58ms,1550.69\nTransfer/sec:,517.91KB\n")
1.79ms,542.73us,6.01ms,1550.91\nTransfer/sec:,517.98KB\n")
1.82ms,709.68us,18.02ms,1550.65\nTransfer/sec:,517.89KB\n")
1.81ms,1.15ms,29.78ms,1553.15\nTransfer/sec:,518.73KB\n")
1.73ms,593.37us,6.54ms,1556.83\nTransfer/sec:,519.96KB\n")
1.73ms,568.93us,9.21ms,1561.30\nTransfer/sec:,521.45KB\n")
1.71ms,592.81us,8.67ms,1565.59\nTransfer/sec:,522.88KB\n")
1.72ms,558.70us,6.53ms,1569.28\nTransfer/sec:,524.12KB\n")
1.73ms,609.22us,8.72ms,1574.77\nTransfer/sec:,525.95KB\n")
1.79ms,804.43us,18.62ms,1581.62\nTransfer/sec:,528.24KB\n")
2.91ms,8.18ms,101.38ms,1566.19\nTransfer/sec:,523.08KB\n")
1.70ms,614.11us,8.41ms,1598.76\nTransfer/sec:,533.96KB\n")
1.73ms,564.07us,6.08ms,1603.88\nTransfer/sec:,535.67KB\n")
1.71ms,579.03us,6.03ms,1610.12\nTransfer/sec:,537.76KB\n")
1.73ms,764.69us,21.66ms,1620.30\nTransfer/sec:,541.15KB\n")
3.01ms,7.93ms,96.90ms,1601.79\nTransfer/sec:,534.97KB\n")
1.71ms,585.18us,7.99ms,1655.39\nTransfer/sec:,552.87KB\n")
1.68ms,585.63us,5.58ms,1668.78\nTransfer/sec:,557.35KB\n")
1.72ms,711.56us,17.54ms,1679.83\nTransfer/sec:,561.04KB\n")
1.73ms,594.30us,8.47ms,1691.99\nTransfer/sec:,565.10KB\n")
1.70ms,580.52us,6.85ms,1707.06\nTransfer/sec:,570.13KB\n")
1.69ms,708.09us,19.07ms,1721.05\nTransfer/sec:,574.80KB\n")
1.73ms,592.85us,9.40ms,1735.04\nTransfer/sec:,579.48KB\n")
1.74ms,0.87ms,27.20ms,1745.79\nTransfer/sec:,583.07KB\n")
1.70ms,586.54us,8.55ms,1759.09\nTransfer/sec:,587.51KB\n")
51.82ms,173.05ms,1.05s,1739.71\nTransfer/sec:,581.04KB\n")
1.77ms,1.07ms,26.93ms,1783.19\nTransfer/sec:,595.56KB\n")
1.70ms,598.79us,6.81ms,1795.90\nTransfer/sec:,599.80KB\n")
1.70ms,775.00us,21.70ms,1811.70\nTransfer/sec:,605.08KB\n")
1.69ms,595.83us,7.73ms,1833.33\nTransfer/sec:,612.30KB\n")
1.70ms,716.13us,20.05ms,1852.07\nTransfer/sec:,618.56KB\n")
1.69ms,802.79us,21.55ms,1867.02\nTransfer/sec:,623.56KB\n")
1.77ms,1.11ms,23.86ms,1882.80\nTransfer/sec:,628.83KB\n")
1.69ms,604.17us,9.52ms,1899.89\nTransfer/sec:,634.53KB\n")
1.79ms,837.04us,22.90ms,1912.82\nTransfer/sec:,638.85KB\n")
1.69ms,766.02us,21.36ms,1928.81\nTransfer/sec:,644.19KB\n")
2.72ms,7.30ms,99.33ms,1907.36\nTransfer/sec:,637.03KB\n")
2.71ms,7.89ms,108.29ms,1930.21\nTransfer/sec:,644.66KB\n")
1.73ms,834.01us,18.51ms,1972.02\nTransfer/sec:,658.62KB\n")
1.72ms,849.17us,21.36ms,1984.28\nTransfer/sec:,662.72KB\n")
1.70ms,581.64us,6.56ms,1996.30\nTransfer/sec:,666.73KB\n")
1.74ms,774.96us,23.02ms,2007.77\nTransfer/sec:,670.56KB\n")
1.71ms,829.63us,22.96ms,2016.80\nTransfer/sec:,673.58KB\n")
1.69ms,839.50us,22.86ms,2026.06\nTransfer/sec:,676.67KB\n")
1.68ms,839.25us,20.77ms,2033.81\nTransfer/sec:,679.26KB\n")
1.64ms,756.47us,21.04ms,2040.71\nTransfer/sec:,681.56KB\n")
1.69ms,582.08us,5.95ms,2045.39\nTransfer/sec:,683.13KB\n")
2.98ms,6.72ms,90.94ms,2009.45\nTransfer/sec:,671.12KB\n")
1.66ms,600.04us,8.98ms,2060.12\nTransfer/sec:,688.05KB\n")
1.71ms,596.06us,9.06ms,2068.23\nTransfer/sec:,690.76KB\n")
1.92ms,821.75us,28.51ms,2083.01\nTransfer/sec:,695.69KB\n")
1.69ms,561.35us,6.68ms,2104.95\nTransfer/sec:,703.02KB\n")
2.54ms,7.11ms,101.06ms,2073.55\nTransfer/sec:,692.53KB\n")
1.89ms,723.86us,19.14ms,2124.01\nTransfer/sec:,709.39KB\n")
1.69ms,613.51us,7.20ms,2130.44\nTransfer/sec:,711.53KB\n")
2.59ms,7.71ms,109.89ms,2111.85\nTransfer/sec:,705.33KB\n")
2.65ms,5.97ms,86.98ms,2122.51\nTransfer/sec:,708.88KB\n")
1.69ms,637.81us,8.70ms,2169.67\nTransfer/sec:,724.64KB\n")
2.76ms,7.53ms,110.59ms,2126.78\nTransfer/sec:,710.31KB\n")
1.78ms,559.84us,6.95ms,2164.91\nTransfer/sec:,723.05KB\n")
2.67ms,7.50ms,108.67ms,2123.43\nTransfer/sec:,709.19KB\n")
2.78ms,6.26ms,87.81ms,2125.60\nTransfer/sec:,709.92KB\n")
44.12ms,162.13ms,1.06s,2150.97\nTransfer/sec:,718.39KB\n")
1.68ms,616.17us,7.24ms,2169.07\nTransfer/sec:,724.44KB\n")
1.70ms,795.95us,21.49ms,2170.05\nTransfer/sec:,724.76KB\n")
1.68ms,612.68us,7.26ms,2170.13\nTransfer/sec:,724.79KB\n")
1.66ms,739.89us,22.05ms,2168.04\nTransfer/sec:,724.09KB\n")
1.75ms,0.99ms,24.02ms,2169.38\nTransfer/sec:,724.54KB\n")
1.66ms,629.80us,8.74ms,2173.93\nTransfer/sec:,726.06KB\n")
1.66ms,608.36us,7.67ms,2183.59\nTransfer/sec:,729.28KB\n")
2.50ms,6.95ms,99.78ms,2137.88\nTransfer/sec:,714.02KB\n")
1.71ms,624.47us,7.42ms,2191.75\nTransfer/sec:,732.01KB\n")
1.66ms,686.78us,15.78ms,2198.99\nTransfer/sec:,734.43KB\n")
1.71ms,1.10ms,30.06ms,2199.75\nTransfer/sec:,734.68KB\n")
1.69ms,617.22us,8.51ms,2200.28\nTransfer/sec:,734.86KB\n")
2.72ms,6.93ms,99.33ms,2156.76\nTransfer/sec:,720.32KB\n")
2.55ms,7.37ms,108.03ms,2152.49\nTransfer/sec:,718.90KB\n")
2.57ms,7.64ms,111.94ms,2153.89\nTransfer/sec:,719.36KB\n")
1.67ms,605.46us,9.66ms,2197.03\nTransfer/sec:,733.77KB\n")
2.61ms,7.11ms,101.89ms,2155.10\nTransfer/sec:,719.77KB\n")
1.69ms,622.18us,9.38ms,2190.39\nTransfer/sec:,731.55KB\n")
1.72ms,660.89us,11.40ms,2184.09\nTransfer/sec:,729.45KB\n")
1.72ms,0.86ms,22.56ms,2179.06\nTransfer/sec:,727.77KB\n")
1.66ms,602.57us,8.68ms,2180.40\nTransfer/sec:,728.22KB\n")
1.67ms,732.83us,18.29ms,2181.58\nTransfer/sec:,728.61KB\n")
2.96ms,6.85ms,94.46ms,2133.07\nTransfer/sec:,712.41KB\n")
1.73ms,1.11ms,23.04ms,2177.04\nTransfer/sec:,727.10KB\n")
2.67ms,4.95ms,66.75ms,2137.94\nTransfer/sec:,714.04KB\n")
1.67ms,720.99us,18.91ms,2189.23\nTransfer/sec:,731.17KB\n")
1.69ms,836.01us,23.23ms,2191.72\nTransfer/sec:,732.00KB\n")
1.69ms,715.42us,17.92ms,2192.09\nTransfer/sec:,732.12KB\n")
1.70ms,783.06us,18.02ms,2193.74\nTransfer/sec:,732.67KB\n")
1.66ms,601.85us,6.37ms,2196.92\nTransfer/sec:,733.74KB\n")
1.65ms,640.72us,13.38ms,2198.84\nTransfer/sec:,734.38KB\n")
1.66ms,613.14us,7.64ms,2200.78\nTransfer/sec:,735.03KB\n")
1.79ms,665.97us,16.75ms,2204.80\nTransfer/sec:,736.37KB\n")
1.73ms,0.97ms,24.05ms,2210.23\nTransfer/sec:,738.18KB\n")
1.66ms,628.32us,14.12ms,2211.41\nTransfer/sec:,738.58KB\n")
1.69ms,612.01us,6.47ms,2213.62\nTransfer/sec:,739.31KB\n")
1.66ms,708.86us,16.93ms,2211.98\nTransfer/sec:,738.77KB\n")
2.65ms,7.30ms,108.10ms,2174.85\nTransfer/sec:,726.37KB\n")
1.67ms,597.79us,6.29ms,2212.07\nTransfer/sec:,738.80KB\n")
1.76ms,1.03ms,19.68ms,2215.05\nTransfer/sec:,739.79KB\n")
2.54ms,7.49ms,109.18ms,2179.98\nTransfer/sec:,728.08KB\n")
1.72ms,0.85ms,22.98ms,2226.46\nTransfer/sec:,743.60KB\n")
1.68ms,632.13us,9.92ms,2234.84\nTransfer/sec:,746.40KB\n")
1.67ms,605.91us,6.55ms,2240.85\nTransfer/sec:,748.41KB\n")
1.74ms,0.87ms,23.73ms,2246.48\nTransfer/sec:,750.29KB\n")
1.75ms,848.46us,20.30ms,2251.89\nTransfer/sec:,752.10KB\n")
1.75ms,831.77us,23.47ms,2252.15\nTransfer/sec:,752.18KB\n")
1.76ms,555.29us,7.18ms,2249.58\nTransfer/sec:,751.32KB\n")
1.84ms,823.30us,24.34ms,2248.91\nTransfer/sec:,751.10KB\n")
1.75ms,558.38us,6.24ms,2248.84\nTransfer/sec:,751.08KB\n")
2.61ms,6.76ms,102.59ms,2198.36\nTransfer/sec:,734.22KB\n")
1.75ms,0.90ms,20.64ms,2247.57\nTransfer/sec:,750.65KB\n")
1.66ms,0.87ms,24.00ms,2243.78\nTransfer/sec:,749.39KB\n")
2.72ms,6.12ms,88.96ms,2191.96\nTransfer/sec:,732.08KB\n")
1.67ms,583.24us,9.50ms,2229.06\nTransfer/sec:,744.47KB\n")
1.71ms,563.14us,6.97ms,2228.43\nTransfer/sec:,744.26KB\n")
2.61ms,6.26ms,90.69ms,2184.09\nTransfer/sec:,729.45KB\n")
1.74ms,1.14ms,32.40ms,2222.93\nTransfer/sec:,742.42KB\n")
1.72ms,0.86ms,24.80ms,2218.75\nTransfer/sec:,741.03KB\n")
1.67ms,605.54us,6.53ms,2213.68\nTransfer/sec:,739.33KB\n")
1.71ms,592.83us,6.68ms,2208.07\nTransfer/sec:,737.46KB\n")
1.72ms,628.50us,9.44ms,2202.22\nTransfer/sec:,735.51KB\n")
1.69ms,1.00ms,22.26ms,2197.20\nTransfer/sec:,733.83KB\n")
1.68ms,622.60us,8.78ms,2193.27\nTransfer/sec:,732.52KB\n")
2.61ms,7.48ms,107.90ms,2137.96\nTransfer/sec:,714.04KB\n")
2.73ms,7.60ms,107.90ms,2137.87\nTransfer/sec:,714.01KB\n")
1.67ms,605.82us,6.02ms,2198.47\nTransfer/sec:,734.26KB\n")
2.57ms,7.68ms,112.70ms,2144.90\nTransfer/sec:,716.36KB\n")
1.79ms,1.14ms,21.25ms,2186.63\nTransfer/sec:,730.30KB\n")
1.70ms,837.25us,20.51ms,2179.40\nTransfer/sec:,727.89KB\n")
1.68ms,607.21us,5.84ms,2169.89\nTransfer/sec:,724.71KB\n")
1.72ms,746.54us,22.64ms,2159.52\nTransfer/sec:,721.24KB\n")
1.69ms,606.80us,5.44ms,2148.50\nTransfer/sec:,717.57KB\n")
1.67ms,619.88us,9.94ms,2140.22\nTransfer/sec:,714.80KB\n")
1.67ms,0.99ms,22.99ms,2134.08\nTransfer/sec:,712.75KB\n")
1.76ms,759.75us,19.90ms,2125.82\nTransfer/sec:,709.99KB\n")
1.76ms,790.33us,21.23ms,2121.90\nTransfer/sec:,708.68KB\n")
1.77ms,621.48us,12.81ms,2122.58\nTransfer/sec:,708.91KB\n")
1.73ms,592.99us,11.87ms,2125.10\nTransfer/sec:,709.75KB\n")
1.66ms,614.89us,11.35ms,2133.64\nTransfer/sec:,712.60KB\n")
1.68ms,825.26us,19.81ms,2149.86\nTransfer/sec:,718.02KB\n")
1.66ms,761.76us,20.13ms,2140.45\nTransfer/sec:,714.88KB\n")
1.66ms,1.43ms,40.42ms,2133.18\nTransfer/sec:,712.45KB\n")
1.71ms,673.17us,13.44ms,2134.74\nTransfer/sec:,712.97KB\n")
2.84ms,6.07ms,83.33ms,2107.29\nTransfer/sec:,703.80KB\n")
2.83ms,5.50ms,70.66ms,2096.49\nTransfer/sec:,700.19KB\n")
1.72ms,0.95ms,22.94ms,2130.49\nTransfer/sec:,711.55KB\n")
1.66ms,602.93us,9.22ms,2128.61\nTransfer/sec:,710.92KB\n")
1.67ms,633.59us,11.52ms,2128.24\nTransfer/sec:,710.80KB\n")
1.70ms,621.45us,12.73ms,2127.22\nTransfer/sec:,710.46KB\n")
1.68ms,650.69us,14.34ms,2128.15\nTransfer/sec:,710.77KB\n")
2.78ms,7.13ms,97.86ms,2078.54\nTransfer/sec:,694.20KB\n")
1.82ms,0.89ms,22.03ms,2125.12\nTransfer/sec:,709.76KB\n")
2.64ms,6.16ms,85.63ms,2074.86\nTransfer/sec:,692.97KB\n")
1.64ms,596.28us,8.97ms,2117.96\nTransfer/sec:,707.37KB\n")
1.70ms,612.42us,7.63ms,2113.24\nTransfer/sec:,705.79KB\n")
1.72ms,764.30us,22.67ms,2087.11\nTransfer/sec:,697.06KB\n")
1.79ms,0.93ms,24.29ms,2086.26\nTransfer/sec:,696.78KB\n")
1.88ms,758.98us,18.34ms,2082.58\nTransfer/sec:,695.55KB\n")
1.68ms,604.77us,5.91ms,2079.65\nTransfer/sec:,694.57KB\n")
1.90ms,583.25us,6.61ms,2082.15\nTransfer/sec:,695.40KB\n")
1.93ms,827.41us,22.98ms,2082.74\nTransfer/sec:,695.60KB\n")
2.68ms,6.38ms,90.37ms,2049.23\nTransfer/sec:,684.41KB\n")
1.74ms,0.87ms,19.82ms,2079.87\nTransfer/sec:,694.64KB\n")
2.60ms,6.73ms,94.27ms,2041.26\nTransfer/sec:,681.75KB\n")
1.69ms,623.07us,9.13ms,2072.48\nTransfer/sec:,692.18KB\n")
1.71ms,596.05us,10.80ms,2067.09\nTransfer/sec:,690.38KB\n")
1.69ms,601.99us,7.30ms,2061.41\nTransfer/sec:,688.48KB\n")
1.77ms,828.40us,22.27ms,2050.24\nTransfer/sec:,684.75KB\n")
1.76ms,1.05ms,25.46ms,2030.95\nTransfer/sec:,678.31KB\n")
1.74ms,618.49us,8.08ms,2007.99\nTransfer/sec:,670.64KB\n")
50.24ms,171.75ms,1.05s,2008.11\nTransfer/sec:,670.68KB\n")
1.66ms,719.19us,23.97ms,2005.43\nTransfer/sec:,669.78KB\n")
1.69ms,580.32us,6.97ms,1993.99\nTransfer/sec:,665.96KB\n")
1.77ms,635.34us,22.32ms,1977.13\nTransfer/sec:,660.33KB\n")
1.71ms,792.75us,20.21ms,1970.01\nTransfer/sec:,657.95KB\n")
8.02ms,12.51ms,110.14ms,1901.19\nTransfer/sec:,634.97KB\n")
1.68ms,604.25us,6.48ms,1962.72\nTransfer/sec:,655.52KB\n")
1.70ms,619.81us,8.63ms,1957.33\nTransfer/sec:,653.72KB\n")
2.76ms,6.88ms,93.82ms,1916.94\nTransfer/sec:,640.23KB\n")
1.72ms,582.20us,9.21ms,1945.87\nTransfer/sec:,649.89KB\n")
1.86ms,0.91ms,21.78ms,1943.32\nTransfer/sec:,649.04KB\n")
1.70ms,770.31us,20.78ms,1937.82\nTransfer/sec:,647.20KB\n")
1.69ms,618.60us,16.11ms,1932.61\nTransfer/sec:,645.46KB\n")
2.68ms,7.12ms,97.54ms,1889.42\nTransfer/sec:,631.04KB\n")
1.67ms,602.64us,8.17ms,1924.74\nTransfer/sec:,642.83KB\n")
2.80ms,7.23ms,97.54ms,1884.77\nTransfer/sec:,629.48KB\n")
1.73ms,0.90ms,18.42ms,1921.34\nTransfer/sec:,641.70KB\n")
1.70ms,598.83us,6.61ms,1918.79\nTransfer/sec:,640.85KB\n")
2.73ms,7.88ms,107.07ms,1880.29\nTransfer/sec:,627.99KB\n")
1.75ms,628.51us,9.30ms,1908.91\nTransfer/sec:,637.55KB\n")
1.67ms,584.59us,6.14ms,1902.49\nTransfer/sec:,635.40KB\n")
1.71ms,558.97us,5.73ms,1896.35\nTransfer/sec:,633.35KB\n")
1.69ms,778.87us,19.02ms,1889.39\nTransfer/sec:,631.03KB\n")
1.71ms,622.81us,8.17ms,1884.03\nTransfer/sec:,629.24KB\n")
1.77ms,539.93us,6.18ms,1878.23\nTransfer/sec:,627.30KB\n")
1.67ms,585.71us,6.20ms,1874.67\nTransfer/sec:,626.11KB\n")
1.70ms,691.30us,20.61ms,1870.94\nTransfer/sec:,624.86KB\n")
1.68ms,646.93us,14.42ms,1868.98\nTransfer/sec:,624.21KB\n")
2.78ms,6.73ms,88.19ms,1827.77\nTransfer/sec:,610.45KB\n")
1.75ms,627.72us,9.98ms,1865.58\nTransfer/sec:,623.08KB\n")
1.69ms,553.18us,5.54ms,1863.16\nTransfer/sec:,622.27KB\n")
1.69ms,1.08ms,30.58ms,1860.86\nTransfer/sec:,621.50KB\n")
1.75ms,0.98ms,28.13ms,1860.87\nTransfer/sec:,621.50KB\n")
1.72ms,821.69us,17.01ms,1858.63\nTransfer/sec:,620.75KB\n")
2.76ms,6.49ms,87.74ms,1822.72\nTransfer/sec:,608.76KB\n")
1.70ms,592.98us,11.55ms,1852.67\nTransfer/sec:,618.76KB\n")
1.70ms,587.23us,5.85ms,1852.10\nTransfer/sec:,618.57KB\n")
1.83ms,681.35us,23.23ms,1850.90\nTransfer/sec:,618.17KB\n")
1.90ms,681.97us,18.66ms,1848.21\nTransfer/sec:,617.27KB\n")
1.81ms,640.22us,16.77ms,1847.96\nTransfer/sec:,617.19KB\n")
1.71ms,750.44us,20.14ms,1844.37\nTransfer/sec:,615.99KB\n")
1.74ms,752.91us,19.84ms,1843.78\nTransfer/sec:,615.79KB\n")
1.70ms,608.55us,7.11ms,1842.71\nTransfer/sec:,615.44KB\n")
1.72ms,669.26us,21.58ms,1840.84\nTransfer/sec:,614.81KB\n")
1.69ms,596.78us,6.96ms,1838.04\nTransfer/sec:,613.88KB\n")
1.75ms,0.87ms,20.59ms,1833.29\nTransfer/sec:,612.29KB\n")
1.72ms,644.92us,19.14ms,1829.37\nTransfer/sec:,610.98KB\n")
1.72ms,720.50us,18.35ms,1824.54\nTransfer/sec:,609.37KB\n")
1.77ms,690.11us,17.73ms,1820.79\nTransfer/sec:,608.12KB\n")
1.78ms,575.73us,7.86ms,1821.63\nTransfer/sec:,608.39KB\n")
1.70ms,586.18us,6.23ms,1823.63\nTransfer/sec:,609.06KB\n")
1.76ms,1.04ms,21.07ms,1828.38\nTransfer/sec:,610.65KB\n")
2.78ms,7.75ms,103.62ms,1804.95\nTransfer/sec:,602.82KB\n")
1.76ms,595.67us,22.27ms,1834.95\nTransfer/sec:,612.84KB\n")
1.70ms,591.30us,6.37ms,1836.10\nTransfer/sec:,613.23KB\n")
1.77ms,565.72us,10.50ms,1834.86\nTransfer/sec:,612.82KB\n")
1.76ms,673.45us,17.57ms,1834.42\nTransfer/sec:,612.67KB\n")
39.83ms,168.26ms,1.07s,1793.49\nTransfer/sec:,599.00KB\n")
1.73ms,739.02us,17.95ms,1828.65\nTransfer/sec:,610.74KB\n")
1.72ms,750.55us,19.30ms,1827.93\nTransfer/sec:,610.50KB\n")
1.71ms,604.44us,7.89ms,1825.51\nTransfer/sec:,609.69KB\n")
1.71ms,717.54us,20.11ms,1826.44\nTransfer/sec:,610.00KB\n")
1.71ms,683.72us,25.47ms,1826.96\nTransfer/sec:,610.18KB\n")
2.79ms,7.89ms,106.43ms,1794.69\nTransfer/sec:,599.40KB\n")
1.68ms,599.15us,7.58ms,1828.81\nTransfer/sec:,610.79KB\n")
1.71ms,793.86us,23.52ms,1830.89\nTransfer/sec:,611.49KB\n")
1.73ms,661.48us,19.02ms,1830.47\nTransfer/sec:,611.35KB\n")
1.70ms,596.53us,6.32ms,1829.75\nTransfer/sec:,611.11KB\n")
49.71ms,172.46ms,1.05s,1832.55\nTransfer/sec:,612.04KB\n")
1.75ms,792.20us,18.69ms,1831.16\nTransfer/sec:,611.58KB\n")
1.70ms,0.86ms,23.90ms,1832.28\nTransfer/sec:,611.95KB\n")
2.74ms,8.77ms,117.82ms,1799.69\nTransfer/sec:,601.07KB\n")
2.60ms,6.42ms,86.85ms,1804.53\nTransfer/sec:,602.69KB\n")
1.72ms,594.15us,7.76ms,1835.99\nTransfer/sec:,613.19KB\n")
1.75ms,1.12ms,25.01ms,1839.95\nTransfer/sec:,614.51KB\n")
2.73ms,8.17ms,109.57ms,1810.85\nTransfer/sec:,604.80KB\n")
1.72ms,622.82us,7.26ms,1843.43\nTransfer/sec:,615.68KB\n")
1.76ms,598.91us,16.29ms,1846.92\nTransfer/sec:,616.84KB\n")
1.71ms,590.93us,6.76ms,1847.41\nTransfer/sec:,617.01KB\n")
1.70ms,599.88us,8.50ms,1844.60\nTransfer/sec:,616.07KB\n")
1.70ms,737.32us,24.13ms,1841.91\nTransfer/sec:,615.17KB\n")
1.75ms,575.33us,9.29ms,1835.25\nTransfer/sec:,612.95KB\n")
1.71ms,650.19us,14.07ms,1831.43\nTransfer/sec:,611.67KB\n")
1.71ms,604.17us,7.40ms,1827.63\nTransfer/sec:,610.40KB\n")
1.69ms,817.23us,24.03ms,1826.51\nTransfer/sec:,610.03KB\n")
1.69ms,605.74us,5.95ms,1825.49\nTransfer/sec:,609.69KB\n")
1.81ms,0.98ms,35.20ms,1821.69\nTransfer/sec:,608.42KB\n")
2.77ms,7.50ms,98.82ms,1774.99\nTransfer/sec:,592.82KB\n")
1.69ms,575.89us,6.65ms,1816.82\nTransfer/sec:,606.79KB\n")
1.71ms,594.21us,8.68ms,1815.80\nTransfer/sec:,606.45KB\n")
2.79ms,7.65ms,99.33ms,1771.33\nTransfer/sec:,591.60KB\n")
1.71ms,526.21us,6.01ms,1803.89\nTransfer/sec:,602.47KB\n")
1.73ms,0.86ms,21.42ms,1798.25\nTransfer/sec:,600.59KB\n")
1.79ms,620.40us,19.49ms,1792.78\nTransfer/sec:,598.76KB\n")
1.73ms,716.39us,18.45ms,1789.55\nTransfer/sec:,597.68KB\n")
3.14ms,6.35ms,82.88ms,1754.54\nTransfer/sec:,585.99KB\n")
1.70ms,610.83us,7.10ms,1781.28\nTransfer/sec:,594.92KB\n")
2.88ms,8.29ms,106.43ms,1747.91\nTransfer/sec:,583.78KB\n")
2.90ms,8.24ms,107.90ms,1745.26\nTransfer/sec:,582.89KB\n")
1.72ms,744.46us,26.85ms,1769.36\nTransfer/sec:,590.94KB\n")
1.74ms,606.97us,9.58ms,1766.84\nTransfer/sec:,590.10KB\n")
1.85ms,555.51us,6.96ms,1761.66\nTransfer/sec:,588.37KB\n")
1.72ms,799.51us,21.84ms,1756.39\nTransfer/sec:,586.61KB\n")
1.73ms,811.93us,21.34ms,1748.54\nTransfer/sec:,583.99KB\n")
2.90ms,7.70ms,103.42ms,1707.12\nTransfer/sec:,570.15KB\n")
1.77ms,808.99us,20.98ms,1738.80\nTransfer/sec:,580.73KB\n")
1.73ms,605.56us,9.09ms,1734.68\nTransfer/sec:,579.36KB\n")
1.74ms,845.98us,23.60ms,1730.87\nTransfer/sec:,578.08KB\n")
1.70ms,583.66us,6.34ms,1730.94\nTransfer/sec:,578.11KB\n")
1.71ms,732.17us,19.49ms,1733.41\nTransfer/sec:,578.93KB\n")
1.68ms,602.64us,10.50ms,1733.15\nTransfer/sec:,578.85KB\n")
1.69ms,566.93us,6.22ms,1734.05\nTransfer/sec:,579.15KB\n")
2.65ms,7.48ms,98.94ms,1700.67\nTransfer/sec:,568.00KB\n")
1.70ms,589.86us,5.89ms,1733.17\nTransfer/sec:,578.85KB\n")
1.70ms,604.08us,6.36ms,1732.55\nTransfer/sec:,578.64KB\n")
1.74ms,0.97ms,24.75ms,1733.09\nTransfer/sec:,578.82KB\n")
1.71ms,619.78us,13.51ms,1734.30\nTransfer/sec:,579.23KB\n")
1.64ms,618.38us,19.17ms,1734.29\nTransfer/sec:,579.23KB\n")
1.71ms,800.31us,21.49ms,1734.14\nTransfer/sec:,579.18KB\n")
1.72ms,611.46us,15.14ms,1734.69\nTransfer/sec:,579.36KB\n")
1.75ms,795.13us,21.38ms,1740.04\nTransfer/sec:,581.15KB\n")
1.74ms,0.92ms,21.39ms,1746.27\nTransfer/sec:,583.23KB\n")
1.69ms,770.55us,22.29ms,1752.66\nTransfer/sec:,585.36KB\n")
1.72ms,604.76us,9.89ms,1757.30\nTransfer/sec:,586.91KB\n")
1.87ms,756.27us,19.06ms,1764.68\nTransfer/sec:,589.38KB\n")
1.68ms,591.14us,6.66ms,1771.72\nTransfer/sec:,591.73KB\n")
1.70ms,551.48us,5.49ms,1779.25\nTransfer/sec:,594.24KB\n")
1.71ms,775.85us,25.10ms,1786.69\nTransfer/sec:,596.72KB\n")
1.73ms,745.41us,22.78ms,1795.06\nTransfer/sec:,599.52KB\n")
1.76ms,756.31us,21.22ms,1801.04\nTransfer/sec:,601.52KB\n")
2.75ms,7.74ms,101.12ms,1771.20\nTransfer/sec:,591.55KB\n")
1.81ms,0.90ms,22.30ms,1821.56\nTransfer/sec:,608.37KB\n")
1.75ms,843.82us,21.97ms,1831.25\nTransfer/sec:,611.61KB\n")
2.75ms,7.12ms,94.78ms,1811.70\nTransfer/sec:,605.08KB\n")
1.69ms,573.59us,7.26ms,1851.99\nTransfer/sec:,618.54KB\n")
1.73ms,576.56us,7.56ms,1863.75\nTransfer/sec:,622.46KB\n")
1.80ms,755.09us,19.30ms,1877.10\nTransfer/sec:,626.92KB\n")
1.73ms,599.23us,7.78ms,1889.70\nTransfer/sec:,631.13KB\n")
1.74ms,0.95ms,22.13ms,1898.62\nTransfer/sec:,634.11KB\n")
1.72ms,792.26us,21.94ms,1905.64\nTransfer/sec:,636.45KB\n")
1.73ms,0.87ms,22.85ms,1917.78\nTransfer/sec:,640.51KB\n")
1.70ms,599.54us,6.46ms,1933.46\nTransfer/sec:,645.75KB\n")
1.79ms,784.40us,21.57ms,1946.80\nTransfer/sec:,650.20KB\n")
2.66ms,6.77ms,92.80ms,1928.47\nTransfer/sec:,644.08KB\n")
1.86ms,1.12ms,18.82ms,1974.68\nTransfer/sec:,659.51KB\n")
2.78ms,7.49ms,103.87ms,1949.23\nTransfer/sec:,651.01KB\n")
1.73ms,846.34us,23.52ms,2003.70\nTransfer/sec:,669.20KB\n")
1.68ms,631.47us,9.68ms,2019.65\nTransfer/sec:,674.53KB\n")
1.69ms,598.49us,6.74ms,2034.14\nTransfer/sec:,679.37KB\n")
1.76ms,581.33us,7.81ms,2050.02\nTransfer/sec:,684.68KB\n")
1.76ms,1.42ms,31.76ms,2062.08\nTransfer/sec:,688.70KB\n")
1.71ms,792.03us,21.47ms,2074.72\nTransfer/sec:,692.92KB\n")
1.78ms,631.86us,11.00ms,2086.27\nTransfer/sec:,696.78KB\n")
1.71ms,635.73us,10.86ms,2097.49\nTransfer/sec:,700.53KB\n")
1.70ms,637.37us,8.86ms,2107.84\nTransfer/sec:,703.99KB\n")
1.73ms,613.58us,8.54ms,2120.66\nTransfer/sec:,708.27KB\n")
1.69ms,783.51us,18.54ms,2131.01\nTransfer/sec:,711.72KB\n")
1.72ms,786.18us,22.02ms,2143.13\nTransfer/sec:,715.77KB\n")
1.72ms,813.75us,21.30ms,2153.88\nTransfer/sec:,719.36KB\n")
1.81ms,561.73us,10.04ms,2163.00\nTransfer/sec:,722.41KB\n")
1.67ms,588.95us,5.74ms,2169.02\nTransfer/sec:,724.42KB\n")
1.68ms,688.09us,17.38ms,2179.28\nTransfer/sec:,727.84KB\n")
4.53ms,15.64ms,161.66ms,2089.35\nTransfer/sec:,697.81KB\n")
1.66ms,794.97us,21.78ms,2191.50\nTransfer/sec:,731.93KB\n")
1.62ms,601.61us,7.04ms,2197.89\nTransfer/sec:,734.06KB\n")
1.81ms,556.33us,6.11ms,2204.83\nTransfer/sec:,736.38KB\n")
1.73ms,820.57us,22.14ms,2209.16\nTransfer/sec:,737.82KB\n")
1.72ms,0.98ms,20.32ms,2213.61\nTransfer/sec:,739.31KB\n")
1.63ms,676.52us,26.94ms,2219.06\nTransfer/sec:,741.13KB\n")
1.70ms,633.13us,17.84ms,2226.48\nTransfer/sec:,743.61KB\n")
1.69ms,778.08us,21.18ms,2229.67\nTransfer/sec:,744.68KB\n")
1.66ms,670.05us,18.70ms,2233.72\nTransfer/sec:,746.03KB\n")
1.65ms,603.12us,6.57ms,2241.06\nTransfer/sec:,748.48KB\n")
1.76ms,0.98ms,25.42ms,2245.14\nTransfer/sec:,749.84KB\n")
1.74ms,783.93us,21.28ms,2251.79\nTransfer/sec:,752.06KB\n")
1.66ms,615.03us,7.32ms,2258.64\nTransfer/sec:,754.35KB\n")
1.67ms,627.81us,10.03ms,2263.27\nTransfer/sec:,755.90KB\n")
1.68ms,622.44us,8.00ms,2264.14\nTransfer/sec:,756.19KB\n")
2.75ms,7.87ms,115.52ms,2224.91\nTransfer/sec:,743.09KB\n")
1.71ms,813.51us,19.41ms,2268.02\nTransfer/sec:,757.48KB\n")
1.64ms,595.00us,6.42ms,2269.66\nTransfer/sec:,758.03KB\n")
1.69ms,640.65us,8.06ms,2274.30\nTransfer/sec:,759.58KB\n")
1.71ms,0.89ms,21.25ms,2279.65\nTransfer/sec:,761.37KB\n")
1.65ms,615.20us,6.59ms,2288.88\nTransfer/sec:,764.45KB\n")
2.66ms,6.59ms,97.28ms,2248.64\nTransfer/sec:,751.01KB\n")
1.74ms,0.86ms,19.86ms,2297.87\nTransfer/sec:,767.45KB\n")
1.69ms,626.81us,7.76ms,2299.73\nTransfer/sec:,768.07KB\n")
1.69ms,629.20us,7.61ms,2298.81\nTransfer/sec:,767.77KB\n")
1.69ms,749.94us,20.05ms,2302.25\nTransfer/sec:,768.92KB\n")
1.67ms,633.83us,7.58ms,2308.58\nTransfer/sec:,771.03KB\n")
1.65ms,627.78us,10.28ms,2314.30\nTransfer/sec:,772.94KB\n")
2.61ms,6.77ms,101.38ms,2266.81\nTransfer/sec:,757.08KB\n")
1.67ms,620.49us,7.97ms,2322.31\nTransfer/sec:,775.61KB\n")
1.65ms,663.81us,13.74ms,2328.19\nTransfer/sec:,777.58KB\n")
1.66ms,619.28us,9.67ms,2330.59\nTransfer/sec:,778.38KB\n")
2.41ms,6.18ms,94.21ms,2294.44\nTransfer/sec:,766.31KB\n")
1.67ms,608.95us,8.30ms,2334.98\nTransfer/sec:,779.85KB\n")
1.70ms,1.12ms,33.15ms,2336.26\nTransfer/sec:,780.27KB\n")
1.78ms,0.86ms,33.92ms,2341.57\nTransfer/sec:,782.05KB\n")
1.77ms,593.29us,12.36ms,2340.43\nTransfer/sec:,781.67KB\n")
1.66ms,764.04us,21.46ms,2336.90\nTransfer/sec:,780.49KB\n")
1.65ms,627.51us,11.15ms,2332.65\nTransfer/sec:,779.07KB\n")
1.72ms,0.94ms,32.66ms,2327.95\nTransfer/sec:,777.50KB\n")
1.70ms,0.90ms,19.25ms,2325.64\nTransfer/sec:,776.73KB\n")
2.67ms,6.94ms,103.30ms,2277.72\nTransfer/sec:,760.72KB\n")
1.70ms,0.88ms,19.23ms,2319.99\nTransfer/sec:,774.84KB\n")
1.70ms,689.01us,18.94ms,2319.48\nTransfer/sec:,774.67KB\n")
1.66ms,627.81us,9.30ms,2323.79\nTransfer/sec:,776.11KB\n")
1.69ms,0.98ms,21.36ms,2324.80\nTransfer/sec:,776.45KB\n")
2.52ms,7.13ms,107.20ms,2278.69\nTransfer/sec:,761.05KB\n")
2.74ms,7.00ms,103.42ms,2275.07\nTransfer/sec:,759.84KB\n")
1.69ms,0.89ms,22.35ms,2315.70\nTransfer/sec:,773.41KB\n")
1.67ms,639.29us,9.42ms,2308.07\nTransfer/sec:,770.86KB\n")
1.69ms,817.89us,21.36ms,2300.15\nTransfer/sec:,768.22KB\n")
1.82ms,805.27us,18.51ms,2292.71\nTransfer/sec:,765.73KB\n")
2.44ms,7.21ms,108.93ms,2246.23\nTransfer/sec:,750.21KB\n")
1.66ms,619.51us,7.37ms,2287.45\nTransfer/sec:,763.97KB\n")
2.52ms,6.52ms,97.41ms,2243.67\nTransfer/sec:,749.35KB\n")
1.66ms,605.70us,7.38ms,2281.37\nTransfer/sec:,761.94KB\n")
1.64ms,798.70us,22.22ms,2279.26\nTransfer/sec:,761.24KB\n")
2.61ms,7.37ms,108.35ms,2235.47\nTransfer/sec:,746.61KB\n")
1.70ms,768.09us,21.04ms,2270.90\nTransfer/sec:,758.45KB\n")
2.51ms,7.15ms,106.62ms,2224.78\nTransfer/sec:,743.04KB\n")
2.50ms,6.90ms,101.95ms,2218.04\nTransfer/sec:,740.79KB\n")
1.66ms,620.31us,9.68ms,2256.29\nTransfer/sec:,753.56KB\n")
1.79ms,815.11us,21.38ms,2248.69\nTransfer/sec:,751.03KB\n")
1.70ms,0.89ms,28.08ms,2242.01\nTransfer/sec:,748.80KB\n")
2.56ms,7.58ms,113.47ms,2189.91\nTransfer/sec:,731.39KB\n")
1.69ms,0.86ms,25.20ms,2226.45\nTransfer/sec:,743.60KB\n")
2.61ms,7.73ms,112.96ms,2180.73\nTransfer/sec:,728.33KB\n")
1.70ms,621.22us,6.44ms,2220.17\nTransfer/sec:,741.50KB\n")
1.73ms,0.88ms,22.43ms,2215.71\nTransfer/sec:,740.01KB\n")
1.77ms,1.06ms,22.61ms,2209.77\nTransfer/sec:,738.03KB\n")
1.71ms,590.07us,6.98ms,2202.59\nTransfer/sec:,735.63KB\n")
1.67ms,615.01us,9.23ms,2195.85\nTransfer/sec:,733.38KB\n")
1.72ms,0.87ms,25.12ms,2186.60\nTransfer/sec:,730.29KB\n")
1.68ms,636.25us,9.23ms,2177.02\nTransfer/sec:,727.09KB\n")
1.72ms,795.09us,19.98ms,2161.82\nTransfer/sec:,722.02KB\n")
1.66ms,723.06us,19.87ms,2149.53\nTransfer/sec:,717.91KB\n")
1.67ms,613.56us,7.82ms,2139.97\nTransfer/sec:,714.71KB\n")
2.51ms,7.43ms,109.38ms,2089.84\nTransfer/sec:,697.97KB\n")
4.25ms,15.83ms,158.46ms,2030.90\nTransfer/sec:,678.29KB\n")
2.60ms,6.20ms,86.02ms,2076.07\nTransfer/sec:,693.37KB\n")
1.71ms,1.05ms,24.38ms,2117.23\nTransfer/sec:,707.12KB\n")
2.61ms,7.16ms,100.61ms,2070.35\nTransfer/sec:,691.47KB\n")
50.64ms,174.00ms,1.06s,2103.66\nTransfer/sec:,702.59KB\n")
1.68ms,633.06us,10.42ms,2093.62\nTransfer/sec:,699.24KB\n")
1.74ms,804.69us,17.98ms,2080.52\nTransfer/sec:,694.86KB\n")
1.68ms,624.89us,9.57ms,2071.39\nTransfer/sec:,691.81KB\n")
1.76ms,1.06ms,19.26ms,2061.55\nTransfer/sec:,688.52KB\n")
2.61ms,7.53ms,107.14ms,2010.86\nTransfer/sec:,671.60KB\n")
1.70ms,661.73us,20.75ms,2045.98\nTransfer/sec:,683.33KB\n")
1.68ms,827.43us,23.18ms,2036.87\nTransfer/sec:,680.28KB\n")
1.70ms,825.42us,24.98ms,2028.84\nTransfer/sec:,677.60KB\n")
1.70ms,0.88ms,24.59ms,2020.75\nTransfer/sec:,674.90KB\n")
1.70ms,820.62us,20.90ms,2017.65\nTransfer/sec:,673.86KB\n")
1.71ms,599.88us,7.32ms,2014.03\nTransfer/sec:,672.66KB\n")
1.72ms,601.17us,9.89ms,2009.32\nTransfer/sec:,671.08KB\n")
1.68ms,812.51us,22.48ms,2005.34\nTransfer/sec:,669.75KB\n")
1.66ms,603.98us,6.48ms,1999.57\nTransfer/sec:,667.83KB\n")
1.73ms,0.97ms,27.28ms,1992.42\nTransfer/sec:,665.44KB\n")
1.74ms,1.05ms,22.06ms,1985.14\nTransfer/sec:,663.01KB\n")
1.68ms,598.99us,7.84ms,1980.11\nTransfer/sec:,661.33KB\n")
1.75ms,564.27us,10.39ms,1974.33\nTransfer/sec:,659.40KB\n")
1.73ms,582.91us,6.17ms,1972.45\nTransfer/sec:,658.77KB\n")
1.72ms,804.90us,21.54ms,1972.00\nTransfer/sec:,658.62KB\n")
1.69ms,594.26us,6.48ms,1972.32\nTransfer/sec:,658.72KB\n")
1.79ms,841.89us,22.93ms,1975.34\nTransfer/sec:,659.73KB\n")
2.65ms,7.21ms,99.58ms,1939.49\nTransfer/sec:,647.76KB\n")
2.70ms,5.94ms,79.81ms,1939.45\nTransfer/sec:,647.75KB\n")
1.78ms,1.09ms,31.79ms,1974.52\nTransfer/sec:,659.46KB\n")
1.76ms,0.90ms,26.08ms,1973.81\nTransfer/sec:,659.22KB\n")
1.66ms,629.32us,8.78ms,1968.72\nTransfer/sec:,657.52KB\n")
1.71ms,0.88ms,23.70ms,1962.88\nTransfer/sec:,655.57KB\n")
2.62ms,6.54ms,90.50ms,1926.36\nTransfer/sec:,643.37KB\n")
1.68ms,612.14us,8.97ms,1953.14\nTransfer/sec:,652.32KB\n")
1.69ms,606.83us,7.18ms,1952.32\nTransfer/sec:,652.05KB\n")
1.72ms,843.51us,24.30ms,1954.12\nTransfer/sec:,652.65KB\n")
2.59ms,6.68ms,90.88ms,1915.88\nTransfer/sec:,639.87KB\n")
1.72ms,839.33us,22.74ms,1947.70\nTransfer/sec:,650.50KB\n")
1.78ms,666.25us,17.33ms,1941.97\nTransfer/sec:,648.59KB\n")
1.72ms,742.84us,16.91ms,1938.58\nTransfer/sec:,647.46KB\n")
2.71ms,7.99ms,109.25ms,1892.82\nTransfer/sec:,632.17KB\n")
1.68ms,708.41us,17.76ms,1931.64\nTransfer/sec:,645.14KB\n")
1.79ms,0.89ms,20.21ms,1928.82\nTransfer/sec:,644.20KB\n")
1.69ms,598.68us,6.49ms,1924.25\nTransfer/sec:,642.67KB\n")
2.74ms,7.70ms,104.83ms,1884.17\nTransfer/sec:,629.28KB\n")
1.69ms,629.60us,11.91ms,1918.69\nTransfer/sec:,640.81KB\n")
1.72ms,0.92ms,26.24ms,1917.45\nTransfer/sec:,640.40KB\n")
2.73ms,8.24ms,112.51ms,1882.24\nTransfer/sec:,628.64KB\n")
2.74ms,6.72ms,89.73ms,1882.69\nTransfer/sec:,628.79KB\n")
1.71ms,708.39us,18.18ms,1920.86\nTransfer/sec:,641.54KB\n")
1.74ms,0.86ms,24.43ms,1921.94\nTransfer/sec:,641.90KB\n")
1.72ms,592.58us,6.81ms,1923.54\nTransfer/sec:,642.43KB\n")
1.72ms,739.70us,18.70ms,1918.86\nTransfer/sec:,640.87KB\n")
1.72ms,730.92us,17.52ms,1913.85\nTransfer/sec:,639.20KB\n")
1.74ms,826.45us,20.14ms,1906.67\nTransfer/sec:,636.80KB\n")
1.67ms,585.81us,8.71ms,1897.88\nTransfer/sec:,633.86KB\n")
1.80ms,0.86ms,23.15ms,1893.90\nTransfer/sec:,632.53KB\n")
1.67ms,687.20us,17.30ms,1887.08\nTransfer/sec:,630.26KB\n")
1.81ms,566.00us,7.05ms,1878.91\nTransfer/sec:,627.53KB\n")
1.70ms,606.90us,7.60ms,1873.97\nTransfer/sec:,625.88KB\n")
1.72ms,730.87us,20.29ms,1871.50\nTransfer/sec:,625.05KB\n")
1.70ms,713.03us,17.94ms,1870.93\nTransfer/sec:,624.86KB\n")
1.71ms,597.56us,7.84ms,1869.76\nTransfer/sec:,624.47KB\n")
1.68ms,600.42us,8.00ms,1866.54\nTransfer/sec:,623.39KB\n")
1.69ms,667.06us,22.18ms,1860.67\nTransfer/sec:,621.43KB\n")
1.72ms,630.98us,10.99ms,1853.85\nTransfer/sec:,619.16KB\n")
1.80ms,778.24us,19.31ms,1850.89\nTransfer/sec:,618.17KB\n")
1.78ms,639.73us,20.59ms,1846.80\nTransfer/sec:,616.80KB\n")
1.67ms,590.49us,7.32ms,1843.69\nTransfer/sec:,615.76KB\n")
1.73ms,649.78us,21.31ms,1835.63\nTransfer/sec:,613.07KB\n")
1.71ms,720.33us,25.18ms,1830.53\nTransfer/sec:,611.37KB\n")
1.73ms,715.08us,17.95ms,1826.47\nTransfer/sec:,610.01KB\n")
1.72ms,710.78us,16.91ms,1822.96\nTransfer/sec:,608.84KB\n")
1.80ms,739.56us,23.39ms,1820.82\nTransfer/sec:,608.12KB\n")
1.77ms,570.92us,8.59ms,1817.94\nTransfer/sec:,607.16KB\n")
1.70ms,716.49us,17.31ms,1815.39\nTransfer/sec:,606.31KB\n")
1.70ms,588.45us,7.52ms,1810.91\nTransfer/sec:,604.81KB\n")
1.77ms,597.51us,9.16ms,1805.43\nTransfer/sec:,602.99KB\n")
2.81ms,8.16ms,107.52ms,1765.46\nTransfer/sec:,589.64KB\n")
1.70ms,596.19us,9.78ms,1796.55\nTransfer/sec:,600.02KB\n")
1.77ms,610.23us,10.89ms,1790.52\nTransfer/sec:,598.01KB\n")
1.69ms,599.31us,7.25ms,1781.29\nTransfer/sec:,594.92KB\n")
1.71ms,733.53us,18.38ms,1776.23\nTransfer/sec:,593.23KB\n")
1.77ms,827.47us,24.70ms,1774.49\nTransfer/sec:,592.65KB\n")
1.69ms,592.80us,6.35ms,1772.41\nTransfer/sec:,591.96KB\n")
1.71ms,616.23us,10.46ms,1772.39\nTransfer/sec:,591.95KB\n")
1.70ms,720.13us,16.24ms,1770.84\nTransfer/sec:,591.43KB\n")
1.69ms,580.76us,6.10ms,1770.25\nTransfer/sec:,591.24KB\n")
1.72ms,1.32ms,39.65ms,1769.78\nTransfer/sec:,591.08KB\n")
1.88ms,1.02ms,21.68ms,1764.95\nTransfer/sec:,589.47KB\n")
1.73ms,598.55us,8.00ms,1760.30\nTransfer/sec:,587.91KB\n")
2.82ms,7.83ms,102.14ms,1719.02\nTransfer/sec:,574.12KB\n")
3.34ms,6.19ms,77.38ms,1720.05\nTransfer/sec:,574.47KB\n")
2.84ms,8.34ms,108.35ms,1713.82\nTransfer/sec:,572.39KB\n")
1.74ms,658.36us,13.86ms,1757.19\nTransfer/sec:,586.87KB\n")
1.78ms,1.33ms,31.71ms,1758.30\nTransfer/sec:,587.24KB\n")
1.70ms,692.84us,22.54ms,1756.27\nTransfer/sec:,586.57KB\n")
1.72ms,628.50us,8.83ms,1757.46\nTransfer/sec:,586.97KB\n")
1.70ms,617.46us,8.43ms,1758.64\nTransfer/sec:,587.36KB\n")
1.73ms,758.17us,19.09ms,1760.35\nTransfer/sec:,587.93KB\n")
1.74ms,695.16us,16.19ms,1760.31\nTransfer/sec:,587.91KB\n")
1.75ms,1.09ms,31.97ms,1758.39\nTransfer/sec:,587.27KB\n")
1.68ms,736.73us,18.02ms,1756.44\nTransfer/sec:,586.62KB\n")
1.71ms,682.62us,18.85ms,1749.95\nTransfer/sec:,584.46KB\n")
1.73ms,749.75us,17.26ms,1745.38\nTransfer/sec:,582.93KB\n")
1.71ms,575.67us,5.74ms,1740.70\nTransfer/sec:,581.37KB\n")
1.83ms,1.19ms,38.82ms,1736.10\nTransfer/sec:,579.83KB\n")
1.71ms,732.00us,21.71ms,1735.12\nTransfer/sec:,579.50KB\n")
1.70ms,765.67us,20.37ms,1733.34\nTransfer/sec:,578.91KB\n")
1.70ms,656.49us,16.78ms,1731.63\nTransfer/sec:,578.34KB\n")
1.72ms,719.37us,18.83ms,1732.71\nTransfer/sec:,578.70KB\n")
1.68ms,656.67us,15.70ms,1732.68\nTransfer/sec:,578.69KB\n")
1.74ms,825.55us,18.85ms,1732.56\nTransfer/sec:,578.65KB\n")
1.73ms,589.84us,6.58ms,1730.75\nTransfer/sec:,578.05KB\n")
1.71ms,787.11us,29.95ms,1730.90\nTransfer/sec:,578.09KB\n")
2.76ms,7.89ms,104.06ms,1696.74\nTransfer/sec:,566.68KB\n")
1.72ms,747.57us,19.78ms,1723.32\nTransfer/sec:,575.56KB\n")
1.71ms,585.21us,6.36ms,1720.14\nTransfer/sec:,574.50KB\n")
2.98ms,7.57ms,96.83ms,1690.39\nTransfer/sec:,564.56KB\n")
1.68ms,615.60us,10.18ms,1718.27\nTransfer/sec:,573.87KB\n")
1.73ms,681.82us,19.81ms,1715.20\nTransfer/sec:,572.85KB\n")
1.87ms,578.25us,10.69ms,1711.02\nTransfer/sec:,571.45KB\n")
1.67ms,688.40us,15.20ms,1707.20\nTransfer/sec:,570.18KB\n")
1.68ms,591.73us,6.58ms,1703.99\nTransfer/sec:,569.11KB\n")
1.76ms,844.41us,18.43ms,1699.17\nTransfer/sec:,567.50KB\n")
2.71ms,7.91ms,103.36ms,1651.58\nTransfer/sec:,551.60KB\n")
1.82ms,721.07us,20.35ms,1684.64\nTransfer/sec:,562.64KB\n")
1.70ms,574.98us,6.72ms,1679.00\nTransfer/sec:,560.76KB\n")
1.74ms,556.15us,6.69ms,1674.77\nTransfer/sec:,559.35KB\n")
1.71ms,741.66us,19.28ms,1668.96\nTransfer/sec:,557.41KB\n")
1.86ms,707.84us,23.15ms,1662.45\nTransfer/sec:,555.23KB\n")
1.71ms,585.91us,6.53ms,1654.25\nTransfer/sec:,552.49KB\n")
1.70ms,586.65us,7.42ms,1648.27\nTransfer/sec:,550.50KB\n")
1.73ms,804.80us,21.30ms,1644.82\nTransfer/sec:,549.34KB\n")
1.72ms,587.80us,5.67ms,1644.95\nTransfer/sec:,549.39KB\n")
1.72ms,578.01us,6.67ms,1639.49\nTransfer/sec:,547.57KB\n")
1.80ms,1.11ms,23.15ms,1633.76\nTransfer/sec:,545.65KB\n")
1.74ms,569.83us,7.05ms,1627.31\nTransfer/sec:,543.50KB\n")
1.71ms,595.43us,9.21ms,1619.81\nTransfer/sec:,540.99KB\n")
2.88ms,8.19ms,102.27ms,1580.93\nTransfer/sec:,528.01KB\n")
1.76ms,539.67us,6.25ms,1605.65\nTransfer/sec:,536.26KB\n")
2.95ms,7.81ms,97.02ms,1572.70\nTransfer/sec:,525.26KB\n")
1.71ms,809.53us,23.25ms,1588.67\nTransfer/sec:,530.59KB\n")
1.72ms,564.52us,7.79ms,1582.24\nTransfer/sec:,528.44KB\n")
1.73ms,760.01us,19.60ms,1576.38\nTransfer/sec:,526.49KB\n")
1.82ms,559.74us,9.67ms,1570.68\nTransfer/sec:,524.58KB\n")
2.97ms,8.82ms,107.07ms,1528.45\nTransfer/sec:,510.48KB\n")
2.93ms,8.70ms,106.11ms,1523.90\nTransfer/sec:,508.96KB\n")
3.81ms,6.31ms,71.81ms,1518.46\nTransfer/sec:,507.14KB\n")
1.75ms,751.73us,19.54ms,1539.52\nTransfer/sec:,514.17KB\n")
1.73ms,607.21us,8.82ms,1534.00\nTransfer/sec:,512.33KB\n")
1.74ms,719.38us,17.17ms,1525.64\nTransfer/sec:,509.54KB\n")
2.94ms,8.02ms,98.24ms,1501.31\nTransfer/sec:,501.41KB\n")
2.93ms,8.73ms,105.92ms,1495.35\nTransfer/sec:,499.42KB\n")
1.73ms,584.22us,6.54ms,1516.74\nTransfer/sec:,506.57KB\n")
1.77ms,683.10us,18.45ms,1519.69\nTransfer/sec:,507.55KB\n")
2.90ms,8.22ms,101.06ms,1495.04\nTransfer/sec:,499.32KB\n")
3.12ms,6.52ms,78.40ms,1500.94\nTransfer/sec:,501.29KB\n")
1.73ms,590.34us,8.21ms,1523.08\nTransfer/sec:,508.69KB\n")
1.77ms,689.40us,18.58ms,1526.38\nTransfer/sec:,509.79KB\n")
1.86ms,816.26us,24.99ms,1530.16\nTransfer/sec:,511.05KB\n")
1.74ms,589.40us,9.24ms,1531.88\nTransfer/sec:,511.63KB\n")
1.71ms,717.49us,17.25ms,1533.01\nTransfer/sec:,512.00KB\n")
1.77ms,586.60us,8.48ms,1532.04\nTransfer/sec:,511.68KB\n")
1.74ms,640.61us,14.49ms,1533.80\nTransfer/sec:,512.27KB\n")
1.76ms,770.63us,19.62ms,1537.64\nTransfer/sec:,513.55KB\n")
3.00ms,7.83ms,97.15ms,1517.08\nTransfer/sec:,506.68KB\n")
2.90ms,8.03ms,99.07ms,1522.53\nTransfer/sec:,508.50KB\n")
1.74ms,788.80us,21.01ms,1562.24\nTransfer/sec:,521.76KB\n")
2.90ms,8.24ms,101.63ms,1532.60\nTransfer/sec:,511.86KB\n")
1.76ms,555.90us,6.37ms,1580.44\nTransfer/sec:,527.84KB\n")
1.79ms,831.94us,20.29ms,1592.04\nTransfer/sec:,531.72KB\n")
1.72ms,600.77us,8.04ms,1607.64\nTransfer/sec:,536.93KB\n")
1.82ms,682.78us,18.26ms,1614.01\nTransfer/sec:,539.05KB\n")
1.71ms,593.56us,9.22ms,1623.78\nTransfer/sec:,542.32KB\n")
1.72ms,721.56us,18.40ms,1633.42\nTransfer/sec:,545.54KB\n")
1.71ms,540.38us,5.60ms,1648.73\nTransfer/sec:,550.65KB\n")
3.08ms,7.42ms,91.01ms,1634.45\nTransfer/sec:,545.88KB\n")
1.72ms,610.56us,8.38ms,1676.51\nTransfer/sec:,559.93KB\n")
1.72ms,588.69us,5.85ms,1689.98\nTransfer/sec:,564.43KB\n")
1.76ms,0.85ms,25.79ms,1708.02\nTransfer/sec:,570.45KB\n")
1.71ms,603.69us,8.04ms,1729.63\nTransfer/sec:,577.67KB\n")
2.99ms,7.09ms,91.26ms,1705.74\nTransfer/sec:,569.69KB\n")
1.75ms,750.85us,20.42ms,1750.57\nTransfer/sec:,584.66KB\n")
1.83ms,706.11us,17.89ms,1763.01\nTransfer/sec:,588.82KB\n")
1.73ms,687.54us,17.18ms,1774.27\nTransfer/sec:,592.58KB\n")
1.77ms,715.74us,18.66ms,1790.65\nTransfer/sec:,598.05KB\n")
1.70ms,581.81us,5.77ms,1802.96\nTransfer/sec:,602.16KB\n")
2.89ms,7.36ms,96.96ms,1775.83\nTransfer/sec:,593.10KB\n")
1.70ms,647.92us,18.86ms,1833.14\nTransfer/sec:,612.24KB\n")
1.74ms,567.54us,16.59ms,1847.42\nTransfer/sec:,617.01KB\n")
1.72ms,738.39us,19.90ms,1865.58\nTransfer/sec:,623.08KB\n")
1.75ms,612.15us,10.02ms,1882.08\nTransfer/sec:,628.58KB\n")
1.71ms,628.42us,16.67ms,1899.94\nTransfer/sec:,634.55KB\n")
1.81ms,1.32ms,37.41ms,1914.79\nTransfer/sec:,639.51KB\n")
1.72ms,0.93ms,31.26ms,1938.76\nTransfer/sec:,647.52KB\n")
1.68ms,607.56us,13.91ms,1968.14\nTransfer/sec:,657.33KB\n")
1.68ms,791.75us,21.04ms,1984.15\nTransfer/sec:,662.67KB\n")
2.59ms,7.22ms,102.66ms,1953.79\nTransfer/sec:,652.53KB\n")
1.75ms,671.42us,14.80ms,2007.24\nTransfer/sec:,670.39KB\n")
2.64ms,7.26ms,100.74ms,1981.05\nTransfer/sec:,661.64KB\n")
1.67ms,609.20us,11.79ms,2019.12\nTransfer/sec:,674.35KB\n")
1.72ms,802.84us,22.24ms,2021.53\nTransfer/sec:,675.16KB\n")
1.72ms,566.10us,8.31ms,2028.95\nTransfer/sec:,677.64KB\n")
2.67ms,8.06ms,112.26ms,1999.10\nTransfer/sec:,667.67KB\n")
2.63ms,7.76ms,109.44ms,2003.96\nTransfer/sec:,669.29KB\n")
1.79ms,846.68us,18.85ms,2050.36\nTransfer/sec:,684.79KB\n")
2.96ms,7.34ms,99.52ms,2013.06\nTransfer/sec:,672.33KB\n")
1.70ms,624.09us,9.90ms,2061.23\nTransfer/sec:,688.42KB\n")
1.70ms,650.23us,12.34ms,2064.62\nTransfer/sec:,689.55KB\n")
1.71ms,567.36us,6.14ms,2065.16\nTransfer/sec:,689.73KB\n")
1.71ms,0.89ms,25.62ms,2065.42\nTransfer/sec:,689.82KB\n")
1.76ms,1.06ms,34.53ms,2065.45\nTransfer/sec:,689.83KB\n")
1.69ms,629.75us,8.58ms,2069.87\nTransfer/sec:,691.31KB\n")
1.68ms,607.38us,7.20ms,2072.38\nTransfer/sec:,692.14KB\n")
1.70ms,769.23us,20.48ms,2075.59\nTransfer/sec:,693.22KB\n")
1.69ms,620.35us,9.48ms,2078.14\nTransfer/sec:,694.07KB\n")
1.67ms,744.86us,19.44ms,2079.14\nTransfer/sec:,694.40KB\n")
1.78ms,1.12ms,20.77ms,2079.74\nTransfer/sec:,694.60KB\n")
1.70ms,596.99us,7.88ms,2079.78\nTransfer/sec:,694.61KB\n")
1.69ms,612.58us,8.42ms,2080.58\nTransfer/sec:,694.88KB\n")
1.68ms,614.62us,8.63ms,2078.27\nTransfer/sec:,694.11KB\n")
1.66ms,614.08us,8.79ms,2077.45\nTransfer/sec:,693.84KB\n")
2.59ms,7.13ms,100.54ms,2043.79\nTransfer/sec:,682.60KB\n")
2.60ms,6.64ms,99.01ms,2041.40\nTransfer/sec:,681.80KB\n")
1.66ms,595.95us,7.47ms,2069.92\nTransfer/sec:,691.32KB\n")
1.72ms,741.66us,17.94ms,2053.43\nTransfer/sec:,685.81KB\n")
1.74ms,762.63us,20.56ms,2052.29\nTransfer/sec:,685.43KB\n")
1.70ms,742.08us,19.22ms,2055.66\nTransfer/sec:,686.56KB\n")
1.66ms,726.50us,24.16ms,2063.21\nTransfer/sec:,689.08KB\n")
1.68ms,752.50us,19.98ms,2065.82\nTransfer/sec:,689.95KB\n")
1.71ms,756.55us,24.05ms,2068.97\nTransfer/sec:,691.00KB\n")
1.69ms,760.69us,19.70ms,2075.38\nTransfer/sec:,693.14KB\n")
1.65ms,653.15us,17.90ms,2078.18\nTransfer/sec:,694.08KB\n")
1.71ms,763.31us,20.99ms,2079.49\nTransfer/sec:,694.52KB\n")
1.67ms,598.75us,6.63ms,2079.05\nTransfer/sec:,694.37KB\n")
1.71ms,0.93ms,22.43ms,2078.27\nTransfer/sec:,694.11KB\n")
1.66ms,596.87us,7.90ms,2074.20\nTransfer/sec:,692.75KB\n")
1.70ms,714.86us,23.78ms,2073.07\nTransfer/sec:,692.37KB\n")
1.66ms,600.78us,6.28ms,2075.15\nTransfer/sec:,693.07KB\n")
1.65ms,597.18us,5.77ms,2075.17\nTransfer/sec:,693.07KB\n")
1.72ms,827.23us,19.81ms,2075.52\nTransfer/sec:,693.19KB\n")
1.69ms,0.85ms,18.48ms,2075.85\nTransfer/sec:,693.30KB\n")
1.70ms,788.44us,25.31ms,2075.29\nTransfer/sec:,693.12KB\n")
2.60ms,7.26ms,104.26ms,2038.67\nTransfer/sec:,680.88KB\n")
1.66ms,596.57us,5.32ms,2071.47\nTransfer/sec:,691.84KB\n")
1.67ms,560.46us,5.52ms,2065.61\nTransfer/sec:,689.88KB\n")
1.67ms,726.95us,20.14ms,2058.91\nTransfer/sec:,687.64KB\n")
1.74ms,0.99ms,24.48ms,2052.57\nTransfer/sec:,685.53KB\n")
1.70ms,622.74us,9.89ms,2044.97\nTransfer/sec:,682.99KB\n")
1.65ms,599.06us,8.20ms,2041.95\nTransfer/sec:,681.98KB\n")
2.77ms,8.07ms,113.41ms,1999.36\nTransfer/sec:,667.76KB\n")
1.70ms,685.71us,23.98ms,2028.01\nTransfer/sec:,677.32KB\n")
1.69ms,608.76us,6.63ms,2021.12\nTransfer/sec:,675.02KB\n")
1.76ms,0.93ms,20.69ms,2012.68\nTransfer/sec:,672.20KB\n")
1.69ms,768.47us,21.74ms,2004.81\nTransfer/sec:,669.58KB\n")
2.67ms,7.70ms,106.69ms,1953.17\nTransfer/sec:,652.33KB\n")
1.70ms,746.67us,28.24ms,1986.22\nTransfer/sec:,663.37KB\n")
1.72ms,0.90ms,21.98ms,1971.46\nTransfer/sec:,658.44KB\n")
1.70ms,613.46us,6.60ms,1955.83\nTransfer/sec:,653.22KB\n")
1.73ms,0.86ms,21.17ms,1948.96\nTransfer/sec:,650.92KB\n")
1.75ms,0.89ms,21.55ms,1940.52\nTransfer/sec:,648.10KB\n")
1.68ms,583.29us,7.62ms,1930.53\nTransfer/sec:,644.77KB\n")
2.68ms,7.69ms,105.54ms,1885.78\nTransfer/sec:,629.82KB\n")
1.69ms,676.43us,22.51ms,1916.88\nTransfer/sec:,640.21KB\n")
50.88ms,174.87ms,1.06s,1909.58\nTransfer/sec:,637.77KB\n")
2.88ms,7.82ms,103.23ms,1871.10\nTransfer/sec:,624.92KB\n")
1.73ms,1.36ms,32.77ms,1895.14\nTransfer/sec:,632.95KB\n")
1.68ms,595.44us,6.74ms,1887.66\nTransfer/sec:,630.45KB\n")
1.72ms,642.41us,11.74ms,1876.81\nTransfer/sec:,626.82KB\n")
1.70ms,680.97us,17.98ms,1868.36\nTransfer/sec:,624.00KB\n")
1.72ms,758.73us,19.94ms,1855.75\nTransfer/sec:,619.79KB\n")
1.68ms,787.39us,18.80ms,1844.95\nTransfer/sec:,616.18KB\n")
1.69ms,698.58us,18.46ms,1832.26\nTransfer/sec:,611.95KB\n")
1.86ms,549.49us,6.94ms,1819.16\nTransfer/sec:,607.57KB\n")
1.70ms,590.15us,6.14ms,1811.37\nTransfer/sec:,604.97KB\n")
1.72ms,681.07us,21.79ms,1804.59\nTransfer/sec:,602.70KB\n")
1.74ms,1.08ms,20.96ms,1799.20\nTransfer/sec:,600.90KB\n")
24.45ms,117.98ms,1.10s,1761.33\nTransfer/sec:,588.26KB\n")
1.70ms,639.12us,19.94ms,1781.84\nTransfer/sec:,595.11KB\n")
1.69ms,647.10us,24.62ms,1769.13\nTransfer/sec:,590.86KB\n")
1.74ms,611.58us,9.58ms,1760.53\nTransfer/sec:,587.99KB\n")
1.73ms,742.71us,19.15ms,1754.63\nTransfer/sec:,586.02KB\n")
1.73ms,1.15ms,31.42ms,1746.77\nTransfer/sec:,583.39KB\n")
4.47ms,7.37ms,71.10ms,1704.44\nTransfer/sec:,569.26KB\n")
1.67ms,762.26us,19.12ms,1731.70\nTransfer/sec:,578.36KB\n")
1.70ms,720.68us,28.75ms,1722.37\nTransfer/sec:,575.24KB\n")
1.73ms,659.28us,16.16ms,1715.34\nTransfer/sec:,572.90KB\n")
1.72ms,616.91us,14.69ms,1706.95\nTransfer/sec:,570.09KB\n")
1.79ms,1.01ms,33.25ms,1697.73\nTransfer/sec:,567.02KB\n")
3.00ms,6.49ms,81.47ms,1648.00\nTransfer/sec:,550.40KB\n")
1.73ms,756.19us,17.95ms,1676.46\nTransfer/sec:,559.91KB\n")
1.75ms,589.18us,6.70ms,1665.63\nTransfer/sec:,556.29KB\n")
1.71ms,602.11us,10.14ms,1652.29\nTransfer/sec:,551.84KB\n")
1.77ms,847.64us,18.66ms,1639.35\nTransfer/sec:,547.52KB\n")
3.09ms,9.03ms,111.68ms,1592.40\nTransfer/sec:,531.84KB\n")
1.75ms,648.98us,12.18ms,1623.77\nTransfer/sec:,542.32KB\n")
1.73ms,721.77us,22.59ms,1618.39\nTransfer/sec:,540.52KB\n")
1.80ms,652.68us,15.41ms,1614.17\nTransfer/sec:,539.11KB\n")
1.71ms,595.64us,7.73ms,1611.79\nTransfer/sec:,538.31KB\n")
1.80ms,1.06ms,21.95ms,1606.67\nTransfer/sec:,536.60KB\n")
1.73ms,570.12us,7.76ms,1604.02\nTransfer/sec:,535.72KB\n")
1.72ms,720.93us,20.00ms,1602.21\nTransfer/sec:,535.11KB\n")
1.74ms,735.41us,17.58ms,1601.28\nTransfer/sec:,534.80KB\n")
1.75ms,766.76us,23.90ms,1597.48\nTransfer/sec:,533.53KB\n")
1.74ms,1.62ms,43.84ms,1588.49\nTransfer/sec:,530.53KB\n")
1.80ms,1.17ms,19.87ms,1580.75\nTransfer/sec:,527.95KB\n")
1.75ms,651.25us,15.02ms,1573.82\nTransfer/sec:,525.63KB\n")
2.96ms,6.88ms,84.03ms,1531.29\nTransfer/sec:,511.43KB\n")
1.79ms,1.18ms,33.60ms,1562.16\nTransfer/sec:,521.74KB\n")
1.71ms,576.15us,7.86ms,1556.72\nTransfer/sec:,519.92KB\n")
1.75ms,693.91us,19.86ms,1552.44\nTransfer/sec:,518.49KB\n")
1.82ms,1.19ms,23.31ms,1545.11\nTransfer/sec:,516.04KB\n")
1.78ms,795.14us,21.81ms,1539.61\nTransfer/sec:,514.20KB\n")
1.71ms,573.76us,5.60ms,1536.10\nTransfer/sec:,513.03KB\n")
1.75ms,574.34us,6.72ms,1531.85\nTransfer/sec:,511.61KB\n")
1.78ms,555.40us,13.58ms,1528.56\nTransfer/sec:,510.52KB\n")
2.95ms,8.64ms,108.61ms,1498.92\nTransfer/sec:,500.62KB\n")
1.81ms,1.05ms,19.82ms,1515.80\nTransfer/sec:,506.25KB\n")
3.01ms,8.82ms,106.24ms,1475.84\nTransfer/sec:,492.91KB\n")
1.75ms,559.39us,7.28ms,1507.70\nTransfer/sec:,503.55KB\n")
1.72ms,626.77us,15.52ms,1505.91\nTransfer/sec:,502.95KB\n")
1.73ms,749.94us,19.54ms,1504.80\nTransfer/sec:,502.58KB\n")
1.72ms,575.25us,8.64ms,1503.33\nTransfer/sec:,502.09KB\n")
1.79ms,0.90ms,25.41ms,1498.97\nTransfer/sec:,500.63KB\n")
1.70ms,624.85us,12.58ms,1494.72\nTransfer/sec:,499.21KB\n")
1.78ms,557.73us,8.22ms,1490.83\nTransfer/sec:,497.91KB\n")
3.76ms,12.36ms,135.17ms,1457.81\nTransfer/sec:,486.89KB\n")
1.74ms,761.02us,17.84ms,1485.16\nTransfer/sec:,496.02KB\n")
1.76ms,1.01ms,27.22ms,1478.50\nTransfer/sec:,493.79KB\n")
1.72ms,730.06us,19.31ms,1474.75\nTransfer/sec:,492.55KB\n")
1.73ms,769.66us,19.06ms,1467.49\nTransfer/sec:,490.12KB\n")
1.72ms,578.97us,8.70ms,1461.37\nTransfer/sec:,488.07KB\n")
1.78ms,548.41us,5.95ms,1454.70\nTransfer/sec:,485.85KB\n")
1.72ms,635.93us,21.28ms,1450.93\nTransfer/sec:,484.59KB\n")
3.04ms,7.62ms,90.24ms,1410.73\nTransfer/sec:,471.16KB\n")
1.77ms,579.21us,8.58ms,1444.18\nTransfer/sec:,482.33KB\n")
1.71ms,566.93us,5.88ms,1439.84\nTransfer/sec:,480.89KB\n")
1.87ms,757.88us,19.47ms,1434.20\nTransfer/sec:,479.00KB\n")
1.73ms,627.73us,18.56ms,1430.23\nTransfer/sec:,477.68KB\n")
1.81ms,545.04us,7.83ms,1425.12\nTransfer/sec:,475.97KB\n")
1.80ms,0.87ms,20.02ms,1418.50\nTransfer/sec:,473.76KB\n")
1.83ms,707.18us,17.38ms,1416.26\nTransfer/sec:,473.01KB\n")
1.80ms,559.89us,6.94ms,1414.93\nTransfer/sec:,472.56KB\n")
1.74ms,681.51us,18.78ms,1412.10\nTransfer/sec:,471.62KB\n")
1.75ms,742.65us,19.20ms,1407.54\nTransfer/sec:,470.10KB\n")
1.78ms,684.88us,18.59ms,1402.99\nTransfer/sec:,468.58KB\n")
1.83ms,848.64us,17.04ms,1399.86\nTransfer/sec:,467.53KB\n")
6.02ms,18.11ms,145.41ms,1340.64\nTransfer/sec:,447.75KB\n")
1.73ms,710.79us,19.73ms,1396.24\nTransfer/sec:,466.32KB\n")
2.99ms,8.67ms,101.06ms,1368.63\nTransfer/sec:,457.10KB\n")
1.79ms,1.51ms,29.47ms,1388.94\nTransfer/sec:,463.88KB\n")
1.84ms,534.24us,6.11ms,1383.90\nTransfer/sec:,462.20KB\n")
1.79ms,0.98ms,19.89ms,1379.04\nTransfer/sec:,460.58KB\n")
1.76ms,697.67us,15.06ms,1377.07\nTransfer/sec:,459.92KB\n")
1.75ms,672.17us,16.28ms,1373.91\nTransfer/sec:,458.86KB\n")
1.75ms,704.34us,18.21ms,1368.78\nTransfer/sec:,457.15KB\n")
1.82ms,595.07us,14.10ms,1363.58\nTransfer/sec:,455.41KB\n")
1.76ms,566.18us,7.10ms,1356.38\nTransfer/sec:,453.01KB\n")
1.75ms,816.01us,18.58ms,1354.08\nTransfer/sec:,452.24KB\n")
3.11ms,9.10ms,104.51ms,1329.42\nTransfer/sec:,444.01KB\n")
1.84ms,548.42us,6.46ms,1350.32\nTransfer/sec:,450.99KB\n")
3.11ms,8.93ms,103.17ms,1327.18\nTransfer/sec:,443.26KB\n")
1.73ms,576.12us,6.08ms,1347.20\nTransfer/sec:,449.94KB\n")
3.29ms,7.93ms,88.58ms,1323.83\nTransfer/sec:,442.14KB\n")
1.72ms,698.33us,23.25ms,1341.04\nTransfer/sec:,447.88KB\n")
1.82ms,579.60us,7.80ms,1339.43\nTransfer/sec:,447.35KB\n")
1.96ms,0.93ms,34.78ms,1337.34\nTransfer/sec:,446.65KB\n")
1.74ms,550.24us,6.20ms,1335.57\nTransfer/sec:,446.06KB\n")
1.72ms,570.54us,6.91ms,1333.45\nTransfer/sec:,445.35KB\n")
1.77ms,794.67us,18.38ms,1330.67\nTransfer/sec:,444.42KB\n")
1.80ms,557.90us,6.93ms,1328.47\nTransfer/sec:,443.69KB\n")
1.73ms,711.77us,29.10ms,1324.30\nTransfer/sec:,442.30KB\n")
1.88ms,535.48us,7.82ms,1321.11\nTransfer/sec:,441.23KB\n")
1.73ms,665.03us,16.58ms,1316.73\nTransfer/sec:,439.77KB\n")
1.73ms,567.88us,7.32ms,1314.48\nTransfer/sec:,439.02KB\n")
1.85ms,1.24ms,31.10ms,1314.44\nTransfer/sec:,439.00KB\n")
35.68ms,145.12ms,1.08s,1300.31\nTransfer/sec:,434.28KB\n")
1.75ms,719.51us,18.18ms,1308.18\nTransfer/sec:,436.91KB\n")
1.70ms,634.83us,14.10ms,1305.92\nTransfer/sec:,436.16KB\n")
1.86ms,580.94us,15.66ms,1304.02\nTransfer/sec:,435.52KB\n")
1.73ms,575.80us,8.70ms,1301.32\nTransfer/sec:,434.62KB\n")
1.77ms,782.36us,18.53ms,1301.59\nTransfer/sec:,434.71KB\n")
1.72ms,557.18us,6.14ms,1301.63\nTransfer/sec:,434.73KB\n")
1.79ms,575.35us,12.72ms,1302.53\nTransfer/sec:,435.02KB\n")
1.78ms,553.64us,8.24ms,1305.13\nTransfer/sec:,435.89KB\n")
47.41ms,165.00ms,1.04s,1278.12\nTransfer/sec:,426.87KB\n")
1.81ms,787.44us,19.90ms,1305.93\nTransfer/sec:,436.16KB\n")
1.76ms,713.37us,23.49ms,1305.70\nTransfer/sec:,436.08KB\n")
1.80ms,814.46us,21.52ms,1304.73\nTransfer/sec:,435.76KB\n")
1.76ms,520.11us,5.58ms,1303.17\nTransfer/sec:,435.24KB\n")
1.77ms,0.99ms,24.13ms,1300.86\nTransfer/sec:,434.47KB\n")
1.72ms,561.99us,6.69ms,1298.57\nTransfer/sec:,433.70KB\n")
1.79ms,712.48us,18.86ms,1296.76\nTransfer/sec:,433.10KB\n")
1.75ms,638.00us,19.33ms,1295.08\nTransfer/sec:,432.54KB\n")
1.76ms,774.99us,25.49ms,1294.37\nTransfer/sec:,432.30KB\n")
1.71ms,619.83us,17.10ms,1293.64\nTransfer/sec:,432.05KB\n")
1.78ms,680.04us,17.02ms,1292.60\nTransfer/sec:,431.71KB\n")
1.82ms,523.99us,6.37ms,1290.76\nTransfer/sec:,431.09KB\n")
1.78ms,0.93ms,24.88ms,1289.43\nTransfer/sec:,430.65KB\n")
1.73ms,557.29us,7.81ms,1288.66\nTransfer/sec:,430.39KB\n")
3.17ms,8.80ms,100.48ms,1266.68\nTransfer/sec:,423.05KB\n")
1.78ms,815.22us,21.57ms,1285.39\nTransfer/sec:,429.30KB\n")
1.74ms,577.03us,7.59ms,1283.02\nTransfer/sec:,428.51KB\n")
1.76ms,689.45us,16.64ms,1282.92\nTransfer/sec:,428.48KB\n")
1.81ms,1.03ms,25.57ms,1283.83\nTransfer/sec:,428.78KB\n")
1.74ms,651.90us,13.38ms,1282.86\nTransfer/sec:,428.46KB\n")
1.75ms,576.92us,6.85ms,1283.72\nTransfer/sec:,428.74KB\n")
3.58ms,7.99ms,87.87ms,1265.70\nTransfer/sec:,422.72KB\n")
1.77ms,670.95us,18.06ms,1283.04\nTransfer/sec:,428.52KB\n")
1.73ms,567.84us,5.90ms,1282.24\nTransfer/sec:,428.25KB\n")
1.74ms,801.77us,18.80ms,1282.12\nTransfer/sec:,428.21KB\n")
1.81ms,547.25us,7.75ms,1278.81\nTransfer/sec:,427.10KB\n")
1.73ms,677.63us,18.40ms,1272.96\nTransfer/sec:,425.15KB\n")
1.76ms,568.95us,7.15ms,1266.30\nTransfer/sec:,422.93KB\n")
1.74ms,652.26us,15.34ms,1259.75\nTransfer/sec:,420.74KB\n")
1.79ms,538.58us,5.94ms,1255.13\nTransfer/sec:,419.20KB\n")
1.77ms,720.63us,19.52ms,1249.54\nTransfer/sec:,417.33KB\n")
1.77ms,555.49us,7.20ms,1246.01\nTransfer/sec:,416.15KB\n")
1.73ms,730.31us,16.91ms,1243.61\nTransfer/sec:,415.35KB\n")
3.19ms,9.63ms,106.18ms,1216.38\nTransfer/sec:,406.25KB\n")
1.76ms,538.93us,6.80ms,1241.42\nTransfer/sec:,414.62KB\n")
1.83ms,778.79us,18.08ms,1242.09\nTransfer/sec:,414.84KB\n")
1.78ms,849.46us,20.05ms,1240.07\nTransfer/sec:,414.16KB\n")
3.16ms,8.35ms,91.01ms,1216.14\nTransfer/sec:,406.17KB\n")
3.21ms,8.21ms,89.73ms,1214.37\nTransfer/sec:,405.58KB\n")
3.25ms,8.96ms,99.65ms,1212.43\nTransfer/sec:,404.93KB\n")
3.10ms,9.38ms,103.10ms,1210.15\nTransfer/sec:,404.17KB\n")
1.72ms,679.68us,17.38ms,1231.04\nTransfer/sec:,411.15KB\n")
1.77ms,661.74us,19.97ms,1229.28\nTransfer/sec:,410.56KB\n")
1.74ms,572.20us,7.22ms,1227.75\nTransfer/sec:,410.05KB\n")
3.12ms,9.47ms,104.45ms,1208.09\nTransfer/sec:,403.48KB\n")
1.77ms,535.93us,6.39ms,1230.07\nTransfer/sec:,410.82KB\n")
1.80ms,584.30us,14.10ms,1229.20\nTransfer/sec:,410.53KB\n")
3.32ms,7.23ms,77.95ms,1207.57\nTransfer/sec:,403.31KB\n")
1.89ms,0.89ms,24.86ms,1223.59\nTransfer/sec:,408.66KB\n")
1.76ms,550.50us,5.78ms,1221.54\nTransfer/sec:,407.98KB\n")
1.80ms,621.23us,16.56ms,1218.21\nTransfer/sec:,406.86KB\n")
1.71ms,646.40us,16.21ms,1214.51\nTransfer/sec:,405.63KB\n")
1.76ms,668.09us,16.15ms,1210.11\nTransfer/sec:,404.16KB\n")
1.83ms,685.50us,16.83ms,1205.33\nTransfer/sec:,402.56KB\n")
3.02ms,7.17ms,82.11ms,1170.50\nTransfer/sec:,390.93KB\n")
1.72ms,571.38us,5.96ms,1200.89\nTransfer/sec:,401.08KB\n")
3.26ms,9.70ms,101.18ms,1175.93\nTransfer/sec:,392.74KB\n")
1.81ms,680.26us,16.35ms,1205.40\nTransfer/sec:,402.58KB\n")
1.77ms,554.89us,7.01ms,1206.25\nTransfer/sec:,402.87KB\n")
1.76ms,1.13ms,28.42ms,1209.12\nTransfer/sec:,403.83KB\n")
1.84ms,551.80us,8.19ms,1209.85\nTransfer/sec:,404.07KB\n")
1.78ms,650.21us,20.75ms,1210.00\nTransfer/sec:,404.12KB\n")
1.74ms,735.36us,25.02ms,1207.39\nTransfer/sec:,403.25KB\n")
1.78ms,648.98us,17.66ms,1204.46\nTransfer/sec:,402.27KB\n")
1.78ms,581.76us,8.75ms,1199.93\nTransfer/sec:,400.76KB\n")
1.89ms,1.25ms,30.72ms,1196.19\nTransfer/sec:,399.51KB\n")
3.24ms,9.88ms,106.62ms,1165.87\nTransfer/sec:,389.38KB\n")
3.22ms,9.43ms,102.40ms,1164.95\nTransfer/sec:,389.08KB\n")
1.87ms,544.38us,7.38ms,1197.58\nTransfer/sec:,399.97KB\n")
1.75ms,565.04us,5.76ms,1202.83\nTransfer/sec:,401.73KB\n")
1.74ms,563.69us,6.37ms,1209.16\nTransfer/sec:,403.84KB\n")
1.83ms,0.97ms,32.51ms,1212.66\nTransfer/sec:,405.01KB\n")
3.18ms,9.78ms,107.14ms,1198.04\nTransfer/sec:,400.13KB\n")
1.75ms,564.44us,6.04ms,1218.95\nTransfer/sec:,407.11KB\n")
3.08ms,8.92ms,97.98ms,1200.95\nTransfer/sec:,401.10KB\n")
1.76ms,563.46us,7.54ms,1215.48\nTransfer/sec:,405.95KB\n")
1.76ms,661.73us,16.62ms,1215.47\nTransfer/sec:,405.95KB\n")
3.20ms,9.43ms,103.49ms,1199.82\nTransfer/sec:,400.72KB\n")
1.79ms,561.57us,12.20ms,1218.05\nTransfer/sec:,406.81KB\n")
1.79ms,537.83us,6.94ms,1218.16\nTransfer/sec:,406.85KB\n")
1.70ms,554.95us,6.50ms,1219.02\nTransfer/sec:,407.13KB\n")
1.77ms,704.21us,17.79ms,1219.83\nTransfer/sec:,407.40KB\n")
1.80ms,544.56us,7.53ms,1222.53\nTransfer/sec:,408.31KB\n")
3.28ms,9.58ms,104.38ms,1206.11\nTransfer/sec:,402.82KB\n")
1.83ms,558.48us,6.67ms,1224.99\nTransfer/sec:,409.13KB\n")
3.52ms,7.72ms,82.69ms,1206.13\nTransfer/sec:,402.83KB\n")
1.81ms,606.00us,20.80ms,1224.28\nTransfer/sec:,408.89KB\n")
1.80ms,659.45us,18.06ms,1224.13\nTransfer/sec:,408.84KB\n")
1.82ms,0.90ms,20.13ms,1222.36\nTransfer/sec:,408.25KB\n")
1.83ms,537.12us,7.10ms,1223.43\nTransfer/sec:,408.61KB\n")
1.86ms,532.15us,6.54ms,1223.35\nTransfer/sec:,408.58KB\n")
1.75ms,547.80us,5.45ms,1226.61\nTransfer/sec:,409.67KB\n")
1.73ms,654.63us,16.93ms,1232.07\nTransfer/sec:,411.49KB\n")
1.78ms,613.39us,17.54ms,1237.07\nTransfer/sec:,413.16KB\n")
1.86ms,1.28ms,33.95ms,1241.28\nTransfer/sec:,414.57KB\n")
3.09ms,8.89ms,96.83ms,1217.27\nTransfer/sec:,406.55KB\n")
1.78ms,722.55us,17.14ms,1246.29\nTransfer/sec:,416.24KB\n")
1.82ms,608.70us,16.23ms,1247.95\nTransfer/sec:,416.80KB\n")
1.82ms,687.27us,17.68ms,1246.07\nTransfer/sec:,416.17KB\n")
1.73ms,552.62us,6.62ms,1243.94\nTransfer/sec:,415.46KB\n")
1.79ms,808.60us,19.26ms,1240.69\nTransfer/sec:,414.37KB\n")
1.78ms,668.23us,17.89ms,1241.98\nTransfer/sec:,414.80KB\n")
1.74ms,690.24us,17.87ms,1242.86\nTransfer/sec:,415.09KB\n")
20.56ms,105.63ms,1.10s,1225.75\nTransfer/sec:,409.38KB\n")
1.75ms,570.74us,6.52ms,1246.23\nTransfer/sec:,416.22KB\n")
3.26ms,8.84ms,97.34ms,1221.62\nTransfer/sec:,408.00KB\n")
1.79ms,776.58us,20.93ms,1254.22\nTransfer/sec:,418.89KB\n")
1.74ms,585.01us,15.92ms,1257.76\nTransfer/sec:,420.07KB\n")
1.74ms,551.33us,6.68ms,1260.79\nTransfer/sec:,421.08KB\n")
1.84ms,659.29us,23.78ms,1263.32\nTransfer/sec:,421.93KB\n")
1.81ms,653.01us,16.54ms,1265.26\nTransfer/sec:,422.58KB\n")
1.74ms,565.49us,6.90ms,1269.80\nTransfer/sec:,424.09KB\n")
1.80ms,1.05ms,25.20ms,1274.72\nTransfer/sec:,425.74KB\n")
1.86ms,0.91ms,25.50ms,1278.84\nTransfer/sec:,427.11KB\n")
1.77ms,786.88us,20.27ms,1281.29\nTransfer/sec:,427.93KB\n")
1.77ms,576.37us,7.20ms,1282.71\nTransfer/sec:,428.40KB\n")
1.77ms,538.65us,5.69ms,1285.30\nTransfer/sec:,429.27KB\n")
3.24ms,8.84ms,98.43ms,1267.92\nTransfer/sec:,423.47KB\n")
1.68ms,645.51us,15.74ms,1292.21\nTransfer/sec:,431.58KB\n")
1.72ms,553.35us,5.85ms,1294.92\nTransfer/sec:,432.48KB\n")
1.77ms,794.23us,22.66ms,1208.41\nTransfer/sec:,403.59KB\n")
3.14ms,8.54ms,97.92ms,1277.61\nTransfer/sec:,426.70KB\n")
1.73ms,735.95us,18.64ms,1306.91\nTransfer/sec:,436.49KB\n")
3.09ms,8.44ms,94.72ms,1281.25\nTransfer/sec:,427.92KB\n")
1.73ms,562.61us,9.03ms,1310.31\nTransfer/sec:,437.62KB\n")
1.74ms,599.38us,11.90ms,1314.54\nTransfer/sec:,439.04KB\n")
1.74ms,610.62us,11.10ms,1318.00\nTransfer/sec:,440.19KB\n")
3.16ms,8.54ms,95.49ms,1289.34\nTransfer/sec:,430.62KB\n")
1.75ms,575.49us,12.13ms,1332.65\nTransfer/sec:,445.09KB\n")
1.84ms,0.90ms,23.84ms,1338.69\nTransfer/sec:,447.10KB\n")
1.82ms,737.38us,19.28ms,1344.19\nTransfer/sec:,448.94KB\n")
1.75ms,600.11us,11.08ms,1348.03\nTransfer/sec:,450.22KB\n")
1.79ms,747.02us,29.70ms,1352.75\nTransfer/sec:,451.80KB\n")
3.24ms,7.85ms,91.26ms,1333.69\nTransfer/sec:,445.43KB\n")
1.75ms,732.78us,18.67ms,1362.44\nTransfer/sec:,455.03KB\n")
1.82ms,776.64us,19.18ms,1367.60\nTransfer/sec:,456.76KB\n")
1.77ms,737.26us,18.21ms,1371.18\nTransfer/sec:,457.95KB\n")
1.79ms,693.03us,18.27ms,1374.05\nTransfer/sec:,458.91KB\n")
1.78ms,762.49us,19.34ms,1377.92\nTransfer/sec:,460.20KB\n")
1.83ms,533.15us,7.16ms,1384.20\nTransfer/sec:,462.30KB\n")
3.03ms,8.38ms,96.45ms,1358.40\nTransfer/sec:,453.69KB\n")
1.78ms,0.92ms,29.52ms,1394.20\nTransfer/sec:,465.64KB\n")
1.74ms,682.13us,16.93ms,1396.95\nTransfer/sec:,466.56KB\n")
1.84ms,529.42us,5.65ms,1401.23\nTransfer/sec:,467.99KB\n")
1.73ms,558.65us,6.07ms,1406.43\nTransfer/sec:,469.72KB\n")
1.74ms,752.00us,19.57ms,1411.22\nTransfer/sec:,471.33KB\n")
1.79ms,775.29us,22.75ms,1413.89\nTransfer/sec:,472.22KB\n")
1.82ms,559.15us,6.90ms,1414.82\nTransfer/sec:,472.53KB\n")
1.88ms,563.59us,7.06ms,1415.54\nTransfer/sec:,472.77KB\n")
1.77ms,671.56us,17.70ms,1417.59\nTransfer/sec:,473.45KB\n")
3.04ms,8.80ms,104.00ms,1393.74\nTransfer/sec:,465.49KB\n")
3.03ms,7.37ms,86.66ms,1393.76\nTransfer/sec:,465.49KB\n")
1.74ms,622.62us,13.57ms,1422.34\nTransfer/sec:,475.04KB\n")
1.72ms,568.65us,6.57ms,1426.39\nTransfer/sec:,476.39KB\n")
1.76ms,533.98us,5.32ms,1432.98\nTransfer/sec:,478.59KB\n")
1.77ms,588.76us,9.97ms,1437.10\nTransfer/sec:,479.97KB\n")
