1.73ms,654.79us,18.21ms,1532.68\nTransfer/sec:,511.84KB\n")
290.99ms,861.00ms,13.08s,1532.67\nTransfer/sec:,511.84KB\n")
32.27ms,155.55ms,1.67s,1532.67\nTransfer/sec:,511.84KB\n")
22.02ms,118.46ms,1.64s,1532.70\nTransfer/sec:,511.85KB\n")
18.10ms,114.25ms,1.65s,1532.66\nTransfer/sec:,511.84KB\n")
30.26ms,175.31ms,1.66s,1532.68\nTransfer/sec:,511.84KB\n")
35.89ms,197.45ms,1.66s,1527.61\nTransfer/sec:,510.15KB\n")
1.78ms,0.93ms,40.86ms,1532.66\nTransfer/sec:,511.84KB\n")
1.75ms,768.92us,29.15ms,1532.66\nTransfer/sec:,511.84KB\n")
45.54ms,219.00ms,1.66s,1532.69\nTransfer/sec:,511.84KB\n")
26.92ms,165.02ms,1.67s,1532.67\nTransfer/sec:,511.84KB\n")
145.69ms,465.58ms,6.54s,1533.69\nTransfer/sec:,512.18KB\n")
63.67ms,242.88ms,1.67s,1535.43\nTransfer/sec:,512.76KB\n")
10.70ms,76.15ms,1.64s,1538.49\nTransfer/sec:,513.78KB\n")
1.88ms,725.29us,19.90ms,1542.51\nTransfer/sec:,515.13KB\n")
1.91ms,751.43us,21.25ms,1545.20\nTransfer/sec:,516.02KB\n")
25.14ms,153.73ms,1.67s,1549.34\nTransfer/sec:,517.41KB\n")
138.70ms,447.78ms,3.29s,1552.37\nTransfer/sec:,518.42KB\n")
26.57ms,123.83ms,1.63s,1555.21\nTransfer/sec:,519.37KB\n")
46.29ms,252.34ms,6.34s,1557.22\nTransfer/sec:,520.04KB\n")
2.52ms,4.25ms,140.80ms,1555.07\nTransfer/sec:,519.32KB\n")
140.21ms,547.57ms,3.35s,1567.12\nTransfer/sec:,523.34KB\n")
39.16ms,182.30ms,1.69s,1575.03\nTransfer/sec:,525.99KB\n")
20.14ms,107.35ms,1.63s,1580.95\nTransfer/sec:,527.97KB\n")
46.05ms,218.48ms,1.75s,1587.91\nTransfer/sec:,530.29KB\n")
48.76ms,221.22ms,1.68s,1590.82\nTransfer/sec:,531.26KB\n")
13.41ms,83.18ms,820.74ms,1594.72\nTransfer/sec:,532.56KB\n")
1.96ms,5.98ms,206.98ms,1597.45\nTransfer/sec:,533.47KB\n")
1.87ms,0.89ms,30.77ms,1598.68\nTransfer/sec:,533.89KB\n")
40.11ms,183.98ms,1.70s,1596.84\nTransfer/sec:,533.27KB\n")
88.77ms,359.72ms,6.35s,1598.73\nTransfer/sec:,533.90KB\n")
77.22ms,277.55ms,1.71s,1602.64\nTransfer/sec:,535.21KB\n")
38.93ms,208.17ms,1.69s,1604.61\nTransfer/sec:,535.87KB\n")
3.49ms,21.83ms,414.21ms,1606.71\nTransfer/sec:,536.57KB\n")
1.82ms,781.14us,25.87ms,1608.59\nTransfer/sec:,537.19KB\n")
36.88ms,202.35ms,1.69s,1614.46\nTransfer/sec:,539.15KB\n")
23.06ms,121.72ms,1.64s,1617.59\nTransfer/sec:,540.20KB\n")
130.45ms,433.35ms,3.28s,1618.57\nTransfer/sec:,540.53KB\n")
38.87ms,207.92ms,1.68s,1619.49\nTransfer/sec:,540.83KB\n")
22.31ms,111.88ms,1.63s,1609.59\nTransfer/sec:,537.53KB\n")
1.79ms,744.40us,23.41ms,1621.42\nTransfer/sec:,541.48KB\n")
2.13ms,19.09ms,1.64s,1624.28\nTransfer/sec:,542.43KB\n")
46.94ms,210.44ms,1.67s,1618.86\nTransfer/sec:,540.62KB\n")
13.30ms,86.70ms,1.64s,1614.86\nTransfer/sec:,539.29KB\n")
578.26ms,1.71s,26.15s,1613.41\nTransfer/sec:,538.80KB\n")
34.78ms,181.47ms,1.68s,1596.23\nTransfer/sec:,533.07KB\n")
1.80ms,826.54us,23.97ms,1616.56\nTransfer/sec:,539.86KB\n")
149.02ms,562.52ms,3.36s,1617.57\nTransfer/sec:,540.19KB\n")
31.14ms,145.51ms,1.64s,1615.58\nTransfer/sec:,539.53KB\n")
531.53ms,1.30s,14.78s,1599.56\nTransfer/sec:,534.18KB\n")
11.98ms,72.46ms,830.98ms,1616.56\nTransfer/sec:,539.86KB\n")
1.74ms,684.42us,23.39ms,1614.45\nTransfer/sec:,539.15KB\n")
2.44ms,4.47ms,126.40ms,1604.62\nTransfer/sec:,535.87KB\n")
25.24ms,150.23ms,1.68s,1605.71\nTransfer/sec:,536.23KB\n")
39.47ms,210.26ms,1.74s,1600.68\nTransfer/sec:,534.55KB\n")
19.68ms,130.96ms,1.67s,1598.79\nTransfer/sec:,533.92KB\n")
36.97ms,178.96ms,1.70s,1595.80\nTransfer/sec:,532.92KB\n")
56.41ms,243.34ms,1.68s,1592.79\nTransfer/sec:,531.92KB\n")
42.54ms,217.27ms,1.77s,1585.55\nTransfer/sec:,529.50KB\n")
1.76ms,1.07ms,42.56ms,1593.82\nTransfer/sec:,532.26KB\n")
46.28ms,266.37ms,5.86s,1592.81\nTransfer/sec:,531.92KB\n")
49.72ms,209.93ms,1.73s,1591.79\nTransfer/sec:,531.58KB\n")
270.03ms,811.22ms,6.55s,1585.58\nTransfer/sec:,529.51KB\n")
54.96ms,219.06ms,1.66s,1584.25\nTransfer/sec:,529.07KB\n")
1.75ms,786.34us,32.38ms,1588.86\nTransfer/sec:,530.61KB\n")
197.69ms,729.47ms,6.55s,1584.87\nTransfer/sec:,529.27KB\n")
45.16ms,181.62ms,1.67s,1580.36\nTransfer/sec:,527.77KB\n")
55.13ms,237.23ms,1.70s,1582.91\nTransfer/sec:,528.62KB\n")
50.93ms,226.95ms,1.72s,1583.95\nTransfer/sec:,528.97KB\n")
63.98ms,323.73ms,3.29s,1581.94\nTransfer/sec:,528.29KB\n")
2.45ms,4.11ms,129.73ms,1576.01\nTransfer/sec:,526.31KB\n")
875.71ms,3.58s,31.03s,1581.87\nTransfer/sec:,528.27KB\n")
61.08ms,233.31ms,1.70s,1582.97\nTransfer/sec:,528.64KB\n")
330.13ms,879.40ms,7.52s,1585.87\nTransfer/sec:,529.61KB\n")
72.18ms,362.21ms,3.28s,1581.71\nTransfer/sec:,528.22KB\n")
2.06ms,803.23us,32.90ms,1584.93\nTransfer/sec:,529.29KB\n")
148.90ms,563.01ms,3.34s,1583.89\nTransfer/sec:,528.95KB\n")
46.32ms,189.69ms,1.64s,1580.98\nTransfer/sec:,527.97KB\n")
34.52ms,191.00ms,1.69s,1579.02\nTransfer/sec:,527.32KB\n")
209.87ms,607.07ms,6.54s,1578.96\nTransfer/sec:,527.30KB\n")
32.89ms,189.85ms,1.64s,1573.39\nTransfer/sec:,525.44KB\n")
1.85ms,699.18us,24.37ms,1575.97\nTransfer/sec:,526.30KB\n")
32.90ms,160.95ms,1.67s,1575.03\nTransfer/sec:,525.99KB\n")
296.19ms,830.61ms,6.55s,1570.83\nTransfer/sec:,524.58KB\n")
82.55ms,284.26ms,1.67s,1574.09\nTransfer/sec:,525.67KB\n")
29.86ms,177.29ms,1.64s,1574.13\nTransfer/sec:,525.69KB\n")
1.77ms,703.94us,22.90ms,1572.01\nTransfer/sec:,524.98KB\n")
1.78ms,669.87us,19.22ms,1570.09\nTransfer/sec:,524.34KB\n")
20.15ms,133.31ms,1.66s,1570.12\nTransfer/sec:,524.35KB\n")
58.45ms,248.42ms,1.69s,1568.16\nTransfer/sec:,523.69KB\n")
19.56ms,118.29ms,1.66s,1567.08\nTransfer/sec:,523.33KB\n")
22.74ms,145.44ms,1.66s,1565.11\nTransfer/sec:,522.67KB\n")
29.56ms,154.55ms,1.67s,1561.02\nTransfer/sec:,521.31KB\n")
62.87ms,348.34ms,6.55s,1520.37\nTransfer/sec:,507.73KB\n")
1.87ms,0.86ms,37.02ms,1560.22\nTransfer/sec:,521.04KB\n")
15.52ms,107.49ms,1.64s,1561.26\nTransfer/sec:,521.39KB\n")
40.90ms,197.17ms,1.66s,1562.24\nTransfer/sec:,521.71KB\n")
54.52ms,228.81ms,1.68s,1561.26\nTransfer/sec:,521.39KB\n")
313.26ms,856.14ms,6.55s,1559.28\nTransfer/sec:,520.73KB\n")
31.07ms,163.22ms,1.64s,1529.62\nTransfer/sec:,510.82KB\n")
13.72ms,78.30ms,1.08s,1552.03\nTransfer/sec:,518.30KB\n")
83.66ms,379.96ms,3.28s,1551.33\nTransfer/sec:,518.07KB\n")
58.99ms,231.90ms,1.69s,1548.34\nTransfer/sec:,517.07KB\n")
23.77ms,144.59ms,1.70s,1542.51\nTransfer/sec:,515.13KB\n")
32.88ms,166.68ms,1.65s,1540.48\nTransfer/sec:,514.45KB\n")
29.58ms,171.37ms,1.67s,1537.44\nTransfer/sec:,513.43KB\n")
7.78ms,59.64ms,822.78ms,1525.84\nTransfer/sec:,509.56KB\n")
1.85ms,0.86ms,38.59ms,1541.51\nTransfer/sec:,514.79KB\n")
226.03ms,811.01ms,6.55s,1542.46\nTransfer/sec:,515.11KB\n")
57.23ms,228.83ms,1.69s,1541.52\nTransfer/sec:,514.79KB\n")
86.80ms,382.13ms,3.31s,1541.49\nTransfer/sec:,514.78KB\n")
33.72ms,165.69ms,1.65s,1537.16\nTransfer/sec:,513.34KB\n")
68.09ms,315.07ms,2.73s,1540.50\nTransfer/sec:,514.45KB\n")
4.11ms,30.10ms,818.18ms,1539.49\nTransfer/sec:,514.12KB\n")
12.39ms,78.31ms,1.07s,1533.43\nTransfer/sec:,512.09KB\n")
2.25ms,21.95ms,1.63s,1534.65\nTransfer/sec:,512.50KB\n")
41.49ms,200.46ms,1.66s,1533.65\nTransfer/sec:,512.17KB\n")
52.64ms,225.98ms,1.68s,1530.66\nTransfer/sec:,511.17KB\n")
46.29ms,195.88ms,1.65s,1522.91\nTransfer/sec:,508.58KB\n")
56.40ms,257.54ms,3.28s,1525.45\nTransfer/sec:,509.43KB\n")
62.87ms,256.36ms,1.71s,1521.09\nTransfer/sec:,507.97KB\n")
14.51ms,87.59ms,1.65s,1520.94\nTransfer/sec:,507.92KB\n")
2.49ms,3.84ms,126.21ms,1517.97\nTransfer/sec:,506.93KB\n")
1.83ms,692.23us,20.67ms,1521.78\nTransfer/sec:,508.20KB\n")
38.35ms,206.85ms,1.67s,1519.70\nTransfer/sec:,507.51KB\n")
68.98ms,275.33ms,1.67s,1513.97\nTransfer/sec:,505.59KB\n")
72.03ms,282.05ms,1.69s,1513.99\nTransfer/sec:,505.60KB\n")
59.62ms,251.90ms,1.69s,1509.88\nTransfer/sec:,504.23KB\n")
68.76ms,274.51ms,1.67s,1506.75\nTransfer/sec:,503.18KB\n")
38.39ms,206.64ms,1.66s,1504.92\nTransfer/sec:,502.57KB\n")
1.79ms,696.69us,29.89ms,1501.06\nTransfer/sec:,501.28KB\n")
148.74ms,575.67ms,7.74s,1504.93\nTransfer/sec:,502.58KB\n")
68.88ms,251.62ms,1.67s,1507.82\nTransfer/sec:,503.54KB\n")
33.67ms,191.34ms,1.66s,1507.81\nTransfer/sec:,503.54KB\n")
217.42ms,638.41ms,6.54s,1505.71\nTransfer/sec:,502.84KB\n")
6.73ms,47.98ms,822.27ms,1494.59\nTransfer/sec:,499.12KB\n")
10.82ms,78.28ms,1.08s,1497.84\nTransfer/sec:,500.21KB\n")
152.81ms,597.04ms,6.55s,1489.07\nTransfer/sec:,497.28KB\n")
41.21ms,185.81ms,1.66s,1484.33\nTransfer/sec:,495.69KB\n")
151.06ms,548.66ms,6.55s,1477.52\nTransfer/sec:,493.42KB\n")
14.46ms,82.94ms,1.63s,1470.07\nTransfer/sec:,490.93KB\n")
1.83ms,0.99ms,36.86ms,1478.14\nTransfer/sec:,493.63KB\n")
278.41ms,837.27ms,6.55s,1477.05\nTransfer/sec:,493.26KB\n")
123.14ms,492.94ms,3.33s,1480.27\nTransfer/sec:,494.34KB\n")
180.42ms,1.09s,15.05s,1481.34\nTransfer/sec:,494.69KB\n")
37.57ms,181.06ms,1.66s,1485.10\nTransfer/sec:,495.95KB\n")
1.87ms,676.58us,21.86ms,1480.23\nTransfer/sec:,494.32KB\n")
2.15ms,1.83ms,52.70ms,1491.74\nTransfer/sec:,498.17KB\n")
1.76ms,687.73us,21.55ms,1500.00\nTransfer/sec:,500.93KB\n")
40.25ms,209.44ms,1.67s,1504.16\nTransfer/sec:,502.32KB\n")
26.21ms,139.72ms,1.64s,1507.73\nTransfer/sec:,503.51KB\n")
37.66ms,186.71ms,1.66s,1510.94\nTransfer/sec:,504.58KB\n")
704.36ms,1.91s,14.77s,1511.64\nTransfer/sec:,504.81KB\n")
17.57ms,103.82ms,1.65s,1516.78\nTransfer/sec:,506.53KB\n")
1.76ms,670.58us,20.59ms,1536.46\nTransfer/sec:,513.10KB\n")
90.33ms,363.58ms,6.54s,1549.38\nTransfer/sec:,517.42KB\n")
29.51ms,143.37ms,1.66s,1557.24\nTransfer/sec:,520.04KB\n")
330.47ms,859.51ms,6.55s,1565.07\nTransfer/sec:,522.66KB\n")
1.94ms,744.88us,39.58ms,1582.91\nTransfer/sec:,528.62KB\n")
89.54ms,926.98ms,15.03s,1590.25\nTransfer/sec:,531.07KB\n")
99.06ms,357.89ms,3.28s,1604.61\nTransfer/sec:,535.87KB\n")
92.54ms,299.49ms,1.73s,1608.65\nTransfer/sec:,537.21KB\n")
48.41ms,221.75ms,1.73s,1613.48\nTransfer/sec:,538.83KB\n")
53.67ms,262.81ms,3.27s,1623.48\nTransfer/sec:,542.17KB\n")
1.95ms,708.34us,27.49ms,1640.21\nTransfer/sec:,547.76KB\n")
97.36ms,394.55ms,3.31s,1649.26\nTransfer/sec:,550.78KB\n")
56.18ms,228.05ms,1.72s,1669.85\nTransfer/sec:,557.65KB\n")
247.09ms,768.18ms,6.55s,1683.42\nTransfer/sec:,562.19KB\n")
35.46ms,197.38ms,1.64s,1657.09\nTransfer/sec:,553.39KB\n")
13.51ms,81.97ms,1.07s,1715.46\nTransfer/sec:,572.89KB\n")
1.82ms,641.32us,19.28ms,1736.17\nTransfer/sec:,579.80KB\n")
117.41ms,449.00ms,6.34s,1750.71\nTransfer/sec:,584.66KB\n")
38.44ms,151.39ms,1.63s,1763.46\nTransfer/sec:,588.92KB\n")
180.02ms,739.94ms,6.55s,1740.88\nTransfer/sec:,581.38KB\n")
1.88ms,631.78us,15.50ms,1788.53\nTransfer/sec:,597.29KB\n")
92.03ms,420.15ms,3.34s,1800.16\nTransfer/sec:,601.18KB\n")
122.77ms,503.91ms,3.34s,1812.90\nTransfer/sec:,605.43KB\n")
31.63ms,144.13ms,1.66s,1824.86\nTransfer/sec:,609.43KB\n")
214.15ms,621.39ms,3.35s,1836.82\nTransfer/sec:,613.42KB\n")
7.08ms,54.40ms,820.22ms,1850.44\nTransfer/sec:,617.97KB\n")
1.84ms,676.55us,22.19ms,1864.36\nTransfer/sec:,622.62KB\n")
42.21ms,216.21ms,1.72s,1878.30\nTransfer/sec:,627.27KB\n")
47.66ms,197.46ms,1.66s,1885.13\nTransfer/sec:,629.56KB\n")
359.76ms,861.76ms,6.55s,1799.95\nTransfer/sec:,601.11KB\n")
23.49ms,156.36ms,1.67s,1879.66\nTransfer/sec:,627.73KB\n")
1.86ms,765.13us,25.68ms,1930.36\nTransfer/sec:,644.66KB\n")
50.15ms,224.30ms,1.71s,1944.35\nTransfer/sec:,649.33KB\n")
224.61ms,760.70ms,6.55s,1958.26\nTransfer/sec:,653.98KB\n")
68.43ms,270.27ms,1.72s,1974.91\nTransfer/sec:,659.53KB\n")
195.67ms,604.67ms,3.35s,1985.62\nTransfer/sec:,663.11KB\n")
2.14ms,835.23us,29.15ms,2015.37\nTransfer/sec:,673.01KB\n")
1.82ms,776.87us,26.96ms,2038.99\nTransfer/sec:,680.89KB\n")
161.48ms,581.51ms,3.35s,2058.70\nTransfer/sec:,687.48KB\n")
73.66ms,342.46ms,3.37s,2076.65\nTransfer/sec:,693.47KB\n")
156.13ms,562.08ms,3.35s,2093.49\nTransfer/sec:,699.10KB\n")
163.70ms,582.53ms,3.35s,2112.38\nTransfer/sec:,705.41KB\n")
2.87ms,16.48ms,411.39ms,2127.85\nTransfer/sec:,710.57KB\n")
1.93ms,692.91us,18.40ms,2139.86\nTransfer/sec:,714.58KB\n")
109.84ms,469.08ms,3.32s,2151.85\nTransfer/sec:,718.59KB\n")
173.92ms,591.34ms,3.36s,2165.48\nTransfer/sec:,723.14KB\n")
64.24ms,327.75ms,3.29s,2178.19\nTransfer/sec:,727.38KB\n")
191.21ms,605.88ms,3.37s,2193.38\nTransfer/sec:,732.46KB\n")
115.36ms,433.14ms,3.32s,2207.86\nTransfer/sec:,737.29KB\n")
3.37ms,14.00ms,350.72ms,2223.92\nTransfer/sec:,742.66KB\n")
1.81ms,669.73us,17.76ms,2237.47\nTransfer/sec:,747.18KB\n")
122.90ms,447.14ms,3.32s,2255.28\nTransfer/sec:,753.13KB\n")
79.49ms,353.50ms,3.31s,2271.20\nTransfer/sec:,758.45KB\n")
276.88ms,720.89ms,3.37s,2275.49\nTransfer/sec:,759.88KB\n")
147.59ms,549.25ms,7.36s,2159.18\nTransfer/sec:,721.04KB\n")
1.89ms,751.89us,32.53ms,2304.76\nTransfer/sec:,769.66KB\n")
154.67ms,400.60ms,3.28s,2313.71\nTransfer/sec:,772.64KB\n")
233.53ms,670.18ms,3.35s,2321.50\nTransfer/sec:,775.25KB\n")
75.70ms,362.52ms,3.30s,2328.37\nTransfer/sec:,777.54KB\n")
74.69ms,287.02ms,2.75s,2331.16\nTransfer/sec:,778.48KB\n")
1.80ms,0.91ms,40.86ms,2340.32\nTransfer/sec:,781.53KB\n")
9.63ms,84.80ms,1.88s,2347.19\nTransfer/sec:,783.83KB\n")
181.17ms,597.49ms,3.35s,2353.14\nTransfer/sec:,785.81KB\n")
126.98ms,462.39ms,3.32s,2360.06\nTransfer/sec:,788.13KB\n")
172.63ms,595.97ms,3.35s,2364.05\nTransfer/sec:,789.46KB\n")
54.56ms,283.46ms,3.28s,2368.02\nTransfer/sec:,790.78KB\n")
1.84ms,764.08us,20.83ms,2371.93\nTransfer/sec:,792.09KB\n")
248.04ms,802.80ms,6.55s,2375.85\nTransfer/sec:,793.40KB\n")
133.98ms,432.03ms,3.31s,2388.72\nTransfer/sec:,797.70KB\n")
219.89ms,772.04ms,9.08s,2392.50\nTransfer/sec:,798.96KB\n")
1.81ms,817.82us,35.84ms,2417.34\nTransfer/sec:,807.26KB\n")
387.29ms,806.23ms,3.36s,2423.13\nTransfer/sec:,809.19KB\n")
290.07ms,746.98ms,3.37s,2417.95\nTransfer/sec:,807.46KB\n")
205.54ms,665.72ms,3.40s,2431.15\nTransfer/sec:,811.87KB\n")
2.91ms,16.81ms,415.23ms,2360.45\nTransfer/sec:,788.26KB\n")
1.80ms,825.90us,22.37ms,2434.03\nTransfer/sec:,812.83KB\n")
534.90ms,1.59s,13.09s,2436.18\nTransfer/sec:,813.55KB\n")
103.75ms,363.89ms,3.30s,2429.89\nTransfer/sec:,811.45KB\n")
240.04ms,673.06ms,3.35s,2438.96\nTransfer/sec:,814.48KB\n")
64.63ms,335.39ms,3.29s,2361.44\nTransfer/sec:,788.59KB\n")
1.82ms,1.07ms,43.94ms,2434.06\nTransfer/sec:,812.84KB\n")
133.55ms,510.05ms,3.36s,2427.29\nTransfer/sec:,810.58KB\n")
818.99ms,2.09s,13.09s,2423.15\nTransfer/sec:,809.20KB\n")
135.72ms,419.98ms,3.32s,2415.96\nTransfer/sec:,806.80KB\n")
41.17ms,208.41ms,1.69s,2317.81\nTransfer/sec:,774.02KB\n")
2.09ms,820.68us,24.16ms,2425.23\nTransfer/sec:,809.89KB\n")
4.99ms,9.11ms,174.46ms,2424.67\nTransfer/sec:,809.70KB\n")
138.34ms,521.46ms,3.35s,2436.20\nTransfer/sec:,813.56KB\n")
54.65ms,241.17ms,3.27s,2440.04\nTransfer/sec:,814.84KB\n")
82.62ms,391.73ms,3.32s,2440.95\nTransfer/sec:,815.14KB\n")
129.40ms,483.08ms,3.44s,2435.87\nTransfer/sec:,813.45KB\n")
2.58ms,22.52ms,1.63s,2393.67\nTransfer/sec:,799.35KB\n")
271.85ms,887.79ms,6.61s,2450.82\nTransfer/sec:,818.44KB\n")
174.54ms,601.15ms,3.36s,2455.87\nTransfer/sec:,820.12KB\n")
256.64ms,680.75ms,3.41s,2453.68\nTransfer/sec:,819.39KB\n")
13.93ms,115.96ms,1.64s,2407.14\nTransfer/sec:,803.85KB\n")
174.92ms,593.42ms,3.39s,2434.61\nTransfer/sec:,813.02KB\n")
160.62ms,516.31ms,3.34s,2436.16\nTransfer/sec:,813.54KB\n")
212.48ms,626.85ms,3.36s,2425.22\nTransfer/sec:,809.89KB\n")
75.39ms,338.92ms,6.55s,2301.00\nTransfer/sec:,768.40KB\n")
35.66ms,190.83ms,2.33s,2396.69\nTransfer/sec:,800.36KB\n")
328.48ms,747.19ms,3.40s,2391.68\nTransfer/sec:,798.69KB\n")
316.64ms,852.51ms,6.55s,2387.68\nTransfer/sec:,797.35KB\n")
5.02ms,47.92ms,1.64s,2334.85\nTransfer/sec:,779.71KB\n")
178.10ms,634.44ms,7.50s,2382.78\nTransfer/sec:,795.71KB\n")
148.30ms,509.88ms,3.31s,2376.83\nTransfer/sec:,793.73KB\n")
174.55ms,601.36ms,3.36s,2384.79\nTransfer/sec:,796.39KB\n")
610.59ms,1.96s,13.10s,2254.97\nTransfer/sec:,753.03KB\n")
1.89ms,0.85ms,23.34ms,2386.77\nTransfer/sec:,797.05KB\n")
59.85ms,305.66ms,3.29s,2384.78\nTransfer/sec:,796.38KB\n")
71.16ms,307.75ms,3.29s,2385.71\nTransfer/sec:,796.69KB\n")
212.27ms,717.34ms,6.56s,2212.87\nTransfer/sec:,738.97KB\n")
1.83ms,1.03ms,50.59ms,2432.15\nTransfer/sec:,812.20KB\n")
120.83ms,490.42ms,3.35s,2443.94\nTransfer/sec:,816.14KB\n")
258.35ms,704.76ms,3.36s,2440.00\nTransfer/sec:,814.82KB\n")
325.15ms,790.01ms,3.35s,2432.06\nTransfer/sec:,812.17KB\n")
91.54ms,414.74ms,3.34s,2416.37\nTransfer/sec:,806.93KB\n")
2.92ms,6.74ms,174.72ms,2402.26\nTransfer/sec:,802.22KB\n")
2.22ms,2.94ms,86.27ms,2395.45\nTransfer/sec:,799.94KB\n")
60.14ms,284.16ms,3.28s,2410.46\nTransfer/sec:,804.96KB\n")
344.51ms,916.39ms,6.55s,2400.61\nTransfer/sec:,801.67KB\n")
80.89ms,280.01ms,1.72s,2389.76\nTransfer/sec:,798.05KB\n")
2.02ms,802.02us,28.32ms,2374.94\nTransfer/sec:,793.10KB\n")
3.83ms,39.19ms,1.48s,2358.03\nTransfer/sec:,787.45KB\n")
87.88ms,370.65ms,3.31s,2342.72\nTransfer/sec:,782.33KB\n")
224.60ms,653.11ms,3.36s,2343.33\nTransfer/sec:,782.54KB\n")
171.11ms,595.72ms,3.36s,2334.48\nTransfer/sec:,779.58KB\n")
223.71ms,842.85ms,6.56s,2195.26\nTransfer/sec:,733.08KB\n")
1.83ms,813.28us,25.98ms,2309.68\nTransfer/sec:,771.30KB\n")
163.51ms,583.61ms,3.35s,2299.72\nTransfer/sec:,767.97KB\n")
80.70ms,386.25ms,3.32s,2291.96\nTransfer/sec:,765.38KB\n")
55.14ms,239.10ms,3.27s,2297.77\nTransfer/sec:,767.32KB\n")
99.81ms,343.51ms,3.28s,2290.01\nTransfer/sec:,764.73KB\n")
111.39ms,414.03ms,3.32s,2284.80\nTransfer/sec:,762.99KB\n")
7.14ms,41.23ms,818.18ms,2296.60\nTransfer/sec:,766.93KB\n")
2.50ms,5.67ms,155.90ms,2337.15\nTransfer/sec:,780.47KB\n")
192.93ms,601.63ms,3.34s,2344.05\nTransfer/sec:,782.78KB\n")
128.39ms,500.84ms,3.34s,2339.39\nTransfer/sec:,781.22KB\n")
44.40ms,219.42ms,1.72s,2339.24\nTransfer/sec:,781.17KB\n")
192.07ms,603.81ms,3.35s,2333.39\nTransfer/sec:,779.22KB\n")
2.16ms,695.50us,18.45ms,2328.36\nTransfer/sec:,777.54KB\n")
1.78ms,646.44us,15.53ms,2301.86\nTransfer/sec:,768.69KB\n")
207.86ms,644.42ms,3.36s,2266.21\nTransfer/sec:,756.78KB\n")
264.05ms,717.17ms,3.37s,2253.58\nTransfer/sec:,752.56KB\n")
132.82ms,497.89ms,3.34s,2251.59\nTransfer/sec:,751.90KB\n")
158.71ms,573.89ms,3.36s,2252.62\nTransfer/sec:,752.24KB\n")
34.32ms,190.85ms,1.65s,2133.39\nTransfer/sec:,712.42KB\n")
1.79ms,661.01us,19.76ms,2258.33\nTransfer/sec:,754.15KB\n")
86.44ms,370.39ms,3.05s,2257.17\nTransfer/sec:,753.76KB\n")
307.58ms,771.55ms,3.35s,2240.67\nTransfer/sec:,748.25KB\n")
187.36ms,591.77ms,3.35s,2241.62\nTransfer/sec:,748.57KB\n")
75.95ms,281.47ms,1.73s,2233.95\nTransfer/sec:,746.01KB\n")
63.50ms,311.01ms,3.31s,2239.58\nTransfer/sec:,747.89KB\n")
33.30ms,186.90ms,1.67s,2237.43\nTransfer/sec:,747.17KB\n")
1.76ms,702.08us,24.90ms,2233.82\nTransfer/sec:,745.96KB\n")
336.84ms,867.96ms,13.08s,2232.91\nTransfer/sec:,745.66KB\n")
206.26ms,611.97ms,3.37s,2233.79\nTransfer/sec:,745.95KB\n")
23.40ms,146.86ms,2.74s,2152.21\nTransfer/sec:,718.71KB\n")
1.95ms,704.18us,24.26ms,2239.56\nTransfer/sec:,747.88KB\n")
36.25ms,276.56ms,3.30s,2238.55\nTransfer/sec:,747.54KB\n")
170.33ms,597.14ms,3.38s,2239.59\nTransfer/sec:,747.89KB\n")
170.09ms,592.98ms,3.38s,2223.86\nTransfer/sec:,742.64KB\n")
189.21ms,605.50ms,3.36s,2223.02\nTransfer/sec:,742.36KB\n")
45.74ms,211.28ms,3.26s,2139.78\nTransfer/sec:,714.56KB\n")
1.89ms,840.26us,24.32ms,2188.11\nTransfer/sec:,730.70KB\n")
157.28ms,573.38ms,3.36s,2139.90\nTransfer/sec:,714.60KB\n")
235.23ms,674.58ms,3.35s,2115.15\nTransfer/sec:,706.33KB\n")
188.66ms,604.09ms,3.35s,2114.23\nTransfer/sec:,706.02KB\n")
168.00ms,584.76ms,3.36s,2096.85\nTransfer/sec:,700.22KB\n")
1.77ms,687.24us,17.15ms,2044.68\nTransfer/sec:,682.79KB\n")
1.85ms,705.98us,21.15ms,2101.60\nTransfer/sec:,701.80KB\n")
159.28ms,578.16ms,3.35s,2098.19\nTransfer/sec:,700.67KB\n")
86.42ms,333.74ms,3.28s,2099.24\nTransfer/sec:,701.01KB\n")
259.09ms,711.71ms,3.36s,2099.31\nTransfer/sec:,701.04KB\n")
160.89ms,579.85ms,3.35s,2096.27\nTransfer/sec:,700.03KB\n")
72.98ms,361.38ms,3.29s,1985.73\nTransfer/sec:,663.11KB\n")
2.05ms,0.90ms,33.44ms,2081.76\nTransfer/sec:,695.18KB\n")
155.94ms,571.84ms,3.35s,2076.58\nTransfer/sec:,693.45KB\n")
164.96ms,585.29ms,3.36s,2066.18\nTransfer/sec:,689.98KB\n")
177.02ms,590.86ms,3.35s,2070.87\nTransfer/sec:,691.54KB\n")
165.53ms,584.10ms,3.35s,2064.81\nTransfer/sec:,689.52KB\n")
49.34ms,274.62ms,3.28s,2006.65\nTransfer/sec:,670.09KB\n")
1.79ms,807.26us,28.16ms,2058.78\nTransfer/sec:,687.50KB\n")
157.26ms,573.63ms,3.35s,2057.84\nTransfer/sec:,687.19KB\n")
163.14ms,584.16ms,3.36s,2057.79\nTransfer/sec:,687.17KB\n")
186.46ms,600.85ms,3.35s,2054.97\nTransfer/sec:,686.23KB\n")
92.83ms,411.99ms,3.32s,2047.84\nTransfer/sec:,683.85KB\n")
3.89ms,26.27ms,818.18ms,2040.21\nTransfer/sec:,681.30KB\n")
3.03ms,6.57ms,176.26ms,2031.04\nTransfer/sec:,678.24KB\n")
160.62ms,580.57ms,3.42s,2029.17\nTransfer/sec:,677.61KB\n")
50.06ms,226.16ms,1.72s,2023.43\nTransfer/sec:,675.70KB\n")
177.71ms,572.82ms,3.34s,2011.97\nTransfer/sec:,671.87KB\n")
158.86ms,575.72ms,3.36s,2013.49\nTransfer/sec:,672.38KB\n")
33.44ms,168.17ms,1.65s,2004.29\nTransfer/sec:,669.31KB\n")
1.85ms,1.22ms,43.55ms,2006.62\nTransfer/sec:,670.09KB\n")
160.99ms,581.25ms,3.35s,2004.60\nTransfer/sec:,669.42KB\n")
162.40ms,577.63ms,3.36s,2002.63\nTransfer/sec:,668.77KB\n")
196.07ms,603.45ms,3.36s,1998.63\nTransfer/sec:,667.43KB\n")
133.36ms,483.21ms,3.33s,1994.75\nTransfer/sec:,666.14KB\n")
1.74ms,780.34us,24.18ms,1933.26\nTransfer/sec:,645.63KB\n")
2.05ms,761.87us,22.99ms,1980.93\nTransfer/sec:,661.54KB\n")
150.19ms,560.55ms,3.35s,1972.94\nTransfer/sec:,658.88KB\n")
281.35ms,746.58ms,3.36s,1964.02\nTransfer/sec:,655.90KB\n")
100.41ms,445.79ms,3.32s,1958.25\nTransfer/sec:,653.98KB\n")
53.89ms,210.01ms,1.73s,1950.20\nTransfer/sec:,651.29KB\n")
61.72ms,294.81ms,6.54s,1941.44\nTransfer/sec:,648.36KB\n")
13.22ms,83.09ms,1.06s,1938.00\nTransfer/sec:,647.21KB\n")
121.96ms,499.76ms,3.34s,1943.33\nTransfer/sec:,648.99KB\n")
35.45ms,156.84ms,1.68s,1940.30\nTransfer/sec:,647.98KB\n")
434.84ms,1.10s,8.33s,1935.45\nTransfer/sec:,646.36KB\n")
131.99ms,507.78ms,3.33s,1933.44\nTransfer/sec:,645.69KB\n")
28.37ms,125.94ms,1.08s,1921.52\nTransfer/sec:,641.71KB\n")
1.91ms,0.86ms,25.15ms,1919.72\nTransfer/sec:,641.11KB\n")
93.84ms,428.83ms,3.33s,1913.73\nTransfer/sec:,639.11KB\n")
176.31ms,586.91ms,3.36s,1909.81\nTransfer/sec:,637.80KB\n")
199.12ms,616.92ms,3.39s,1903.79\nTransfer/sec:,635.79KB\n")
61.99ms,236.79ms,1.77s,1903.87\nTransfer/sec:,635.81KB\n")
72.36ms,287.17ms,3.27s,1890.06\nTransfer/sec:,631.20KB\n")
15.18ms,83.92ms,1.05s,1888.64\nTransfer/sec:,630.73KB\n")
2.32ms,3.90ms,143.49ms,1897.20\nTransfer/sec:,633.59KB\n")
330.90ms,830.43ms,6.54s,1902.77\nTransfer/sec:,635.45KB\n")
83.94ms,278.58ms,1.74s,1901.80\nTransfer/sec:,635.12KB\n")
90.75ms,396.44ms,4.28s,1782.14\nTransfer/sec:,595.16KB\n")
2.52ms,4.20ms,129.98ms,1891.93\nTransfer/sec:,631.83KB\n")
33.95ms,145.99ms,1.65s,1891.93\nTransfer/sec:,631.83KB\n")
318.65ms,802.73ms,6.55s,1884.49\nTransfer/sec:,629.34KB\n")
86.29ms,292.38ms,1.73s,1885.11\nTransfer/sec:,629.55KB\n")
20.99ms,111.53ms,1.64s,1879.27\nTransfer/sec:,627.60KB\n")
1.74ms,728.05us,24.72ms,1874.23\nTransfer/sec:,625.91KB\n")
70.43ms,378.99ms,6.54s,1874.19\nTransfer/sec:,625.90KB\n")
41.18ms,180.06ms,1.67s,1875.22\nTransfer/sec:,626.25KB\n")
237.25ms,710.21ms,6.55s,1688.03\nTransfer/sec:,563.73KB\n")
11.75ms,97.73ms,1.64s,1802.06\nTransfer/sec:,601.81KB\n")
1.87ms,732.90us,21.42ms,1878.41\nTransfer/sec:,627.31KB\n")
48.71ms,686.20ms,15.03s,1880.14\nTransfer/sec:,627.89KB\n")
231.46ms,726.86ms,6.55s,1878.39\nTransfer/sec:,627.30KB\n")
30.58ms,146.89ms,1.67s,1876.31\nTransfer/sec:,626.61KB\n")
666.12ms,2.00s,13.09s,1809.70\nTransfer/sec:,604.36KB\n")
12.46ms,80.69ms,1.07s,1859.45\nTransfer/sec:,620.98KB\n")
36.35ms,197.92ms,1.71s,1865.41\nTransfer/sec:,622.97KB\n")
218.38ms,616.84ms,6.54s,1863.26\nTransfer/sec:,622.25KB\n")
92.52ms,762.41ms,15.12s,1867.51\nTransfer/sec:,623.67KB\n")
126.54ms,451.10ms,3.32s,1867.49\nTransfer/sec:,623.66KB\n")
1.82ms,715.23us,20.75ms,1867.44\nTransfer/sec:,623.65KB\n")
13.03ms,150.61ms,3.19s,1867.52\nTransfer/sec:,623.67KB\n")
83.73ms,318.24ms,3.29s,1869.39\nTransfer/sec:,624.30KB\n")
60.32ms,233.47ms,2.69s,1865.38\nTransfer/sec:,622.96KB\n")
365.49ms,1.16s,13.09s,1821.56\nTransfer/sec:,608.32KB\n")
2.28ms,805.77us,24.80ms,1855.46\nTransfer/sec:,619.65KB\n")
28.10ms,125.49ms,1.63s,1847.80\nTransfer/sec:,617.09KB\n")
283.48ms,770.33ms,6.55s,1840.61\nTransfer/sec:,614.69KB\n")
54.60ms,225.34ms,1.71s,1832.63\nTransfer/sec:,612.02KB\n")
43.93ms,212.16ms,1.64s,1792.99\nTransfer/sec:,598.78KB\n")
1.82ms,777.49us,23.81ms,1822.73\nTransfer/sec:,608.72KB\n")
37.87ms,167.03ms,1.64s,1817.15\nTransfer/sec:,606.85KB\n")
101.84ms,374.96ms,6.54s,1817.18\nTransfer/sec:,606.86KB\n")
102.09ms,419.38ms,3.32s,1810.19\nTransfer/sec:,604.53KB\n")
15.21ms,105.35ms,1.64s,1812.82\nTransfer/sec:,605.40KB\n")
2.53ms,15.53ms,411.65ms,1807.34\nTransfer/sec:,603.57KB\n")
182.02ms,764.90ms,8.67s,1798.29\nTransfer/sec:,600.55KB\n")
70.47ms,258.23ms,1.66s,1791.12\nTransfer/sec:,598.16KB\n")
209.32ms,619.30ms,3.35s,1781.26\nTransfer/sec:,594.87KB\n")
236.70ms,679.10ms,3.36s,1765.65\nTransfer/sec:,589.65KB\n")
12.16ms,82.15ms,1.11s,1759.26\nTransfer/sec:,587.52KB\n")
1.89ms,809.83us,31.58ms,1757.94\nTransfer/sec:,587.08KB\n")
28.64ms,139.08ms,1.67s,1753.58\nTransfer/sec:,585.62KB\n")
82.59ms,288.06ms,1.76s,1750.75\nTransfer/sec:,584.67KB\n")
158.16ms,496.35ms,3.35s,1745.92\nTransfer/sec:,583.06KB\n")
11.93ms,79.89ms,838.66ms,1739.06\nTransfer/sec:,580.77KB\n")
1.76ms,633.15us,14.53ms,1731.01\nTransfer/sec:,578.08KB\n")
1.88ms,734.85us,21.22ms,1723.99\nTransfer/sec:,575.74KB\n")
277.80ms,777.69ms,6.55s,1714.09\nTransfer/sec:,572.43KB\n")
66.07ms,248.34ms,1.69s,1708.42\nTransfer/sec:,570.54KB\n")
275.25ms,762.55ms,6.55s,1702.26\nTransfer/sec:,568.48KB\n")
27.57ms,167.95ms,1.64s,1694.48\nTransfer/sec:,565.88KB\n")
14.21ms,83.56ms,1.11s,1683.93\nTransfer/sec:,562.36KB\n")
1.74ms,0.94ms,42.11ms,1689.62\nTransfer/sec:,564.26KB\n")
226.00ms,641.98ms,6.54s,1691.42\nTransfer/sec:,564.86KB\n")
50.58ms,208.15ms,1.72s,1691.46\nTransfer/sec:,564.87KB\n")
172.06ms,692.41ms,6.55s,1656.19\nTransfer/sec:,553.09KB\n")
2.04ms,765.08us,25.57ms,1699.49\nTransfer/sec:,567.55KB\n")
41.18ms,215.21ms,1.79s,1703.21\nTransfer/sec:,568.80KB\n")
59.22ms,250.21ms,1.72s,1706.67\nTransfer/sec:,569.95KB\n")
210.72ms,626.15ms,6.34s,1703.23\nTransfer/sec:,568.80KB\n")
87.69ms,295.30ms,1.74s,1711.17\nTransfer/sec:,571.45KB\n")
12.83ms,90.21ms,1.64s,1686.69\nTransfer/sec:,563.28KB\n")
19.74ms,142.76ms,2.24s,1718.32\nTransfer/sec:,573.84KB\n")
55.00ms,228.12ms,1.72s,1722.00\nTransfer/sec:,575.07KB\n")
277.17ms,787.22ms,6.55s,1729.16\nTransfer/sec:,577.46KB\n")
51.08ms,201.02ms,1.65s,1738.98\nTransfer/sec:,580.74KB\n")
6.94ms,53.95ms,824.83ms,1728.87\nTransfer/sec:,577.37KB\n")
6.89ms,10.48ms,182.66ms,1753.40\nTransfer/sec:,585.56KB\n")
60.46ms,298.36ms,3.28s,1771.36\nTransfer/sec:,591.56KB\n")
177.82ms,590.32ms,3.36s,1782.16\nTransfer/sec:,595.16KB\n")
66.38ms,247.54ms,1.66s,1794.23\nTransfer/sec:,599.20KB\n")
51.52ms,284.34ms,3.29s,1800.14\nTransfer/sec:,601.17KB\n")
1.88ms,703.31us,24.45ms,1810.08\nTransfer/sec:,604.49KB\n")
67.66ms,344.83ms,3.30s,1821.65\nTransfer/sec:,608.35KB\n")
173.40ms,564.67ms,3.33s,1833.66\nTransfer/sec:,612.36KB\n")
204.55ms,639.44ms,3.41s,1845.68\nTransfer/sec:,616.38KB\n")
49.49ms,211.31ms,1.76s,1858.62\nTransfer/sec:,620.70KB\n")
52.19ms,279.01ms,3.27s,1875.24\nTransfer/sec:,626.25KB\n")
1.86ms,819.99us,28.27ms,1889.99\nTransfer/sec:,631.18KB\n")
24.20ms,119.05ms,1.64s,1905.90\nTransfer/sec:,636.49KB\n")
242.96ms,668.82ms,3.36s,1918.84\nTransfer/sec:,640.81KB\n")
27.17ms,123.71ms,1.64s,1930.46\nTransfer/sec:,644.70KB\n")
45.33ms,243.40ms,3.27s,1939.16\nTransfer/sec:,647.60KB\n")
3.37ms,5.35ms,150.40ms,1945.30\nTransfer/sec:,649.65KB\n")
169.71ms,582.42ms,3.36s,1965.10\nTransfer/sec:,656.26KB\n")
226.53ms,656.91ms,3.34s,1974.98\nTransfer/sec:,659.56KB\n")
180.48ms,592.27ms,3.36s,1987.77\nTransfer/sec:,663.82KB\n")
192.51ms,600.00ms,3.35s,1998.58\nTransfer/sec:,667.42KB\n")
38.24ms,222.47ms,3.30s,2006.15\nTransfer/sec:,669.93KB\n")
1.81ms,633.74us,10.47ms,2027.16\nTransfer/sec:,676.94KB\n")
102.10ms,449.21ms,3.34s,2040.14\nTransfer/sec:,681.28KB\n")
166.12ms,584.39ms,3.36s,2052.05\nTransfer/sec:,685.25KB\n")
194.39ms,605.46ms,3.36s,2062.91\nTransfer/sec:,688.88KB\n")
162.56ms,583.57ms,3.35s,2077.37\nTransfer/sec:,693.71KB\n")
99.61ms,447.54ms,3.29s,2085.35\nTransfer/sec:,696.38KB\n")
1.86ms,674.76us,14.78ms,2104.27\nTransfer/sec:,702.70KB\n")
151.28ms,563.90ms,3.35s,2115.18\nTransfer/sec:,706.34KB\n")
303.24ms,768.69ms,3.35s,2120.08\nTransfer/sec:,707.98KB\n")
148.34ms,514.71ms,3.32s,2127.74\nTransfer/sec:,710.53KB\n")
199.05ms,612.69ms,3.35s,2134.93\nTransfer/sec:,712.94KB\n")
3.14ms,17.38ms,412.67ms,2023.56\nTransfer/sec:,675.74KB\n")
1.82ms,740.73us,23.62ms,2151.83\nTransfer/sec:,718.58KB\n")
159.00ms,577.14ms,3.36s,2158.43\nTransfer/sec:,720.78KB\n")
168.05ms,592.28ms,3.36s,2167.33\nTransfer/sec:,723.76KB\n")
77.26ms,293.24ms,2.74s,2175.32\nTransfer/sec:,726.43KB\n")
169.03ms,592.67ms,3.36s,2184.35\nTransfer/sec:,729.44KB\n")
95.49ms,436.12ms,3.29s,2105.38\nTransfer/sec:,703.07KB\n")
1.83ms,715.90us,20.86ms,2195.18\nTransfer/sec:,733.06KB\n")
168.48ms,577.46ms,3.36s,2198.95\nTransfer/sec:,734.32KB\n")
75.22ms,290.01ms,3.27s,2204.95\nTransfer/sec:,736.32KB\n")
181.79ms,598.54ms,3.36s,2214.85\nTransfer/sec:,739.63KB\n")
166.62ms,588.91ms,3.36s,2220.91\nTransfer/sec:,741.65KB\n")
128.15ms,512.80ms,3.38s,2225.67\nTransfer/sec:,743.24KB\n")
1.84ms,0.87ms,27.92ms,2172.20\nTransfer/sec:,725.38KB\n")
2.07ms,1.22ms,40.42ms,2238.39\nTransfer/sec:,747.49KB\n")
222.63ms,663.83ms,3.36s,2240.83\nTransfer/sec:,748.31KB\n")
811.04ms,1.60s,9.22s,2252.48\nTransfer/sec:,752.19KB\n")
108.70ms,478.16ms,4.01s,2205.11\nTransfer/sec:,736.38KB\n")
683.84ms,1.60s,6.64s,2262.32\nTransfer/sec:,755.48KB\n")
720.99ms,1.60s,6.64s,2267.05\nTransfer/sec:,757.06KB\n")
43.69ms,273.28ms,3.28s,2271.28\nTransfer/sec:,758.47KB\n")
116.62ms,468.56ms,4.46s,2266.25\nTransfer/sec:,756.79KB\n")
738.26ms,1.67s,6.64s,2273.30\nTransfer/sec:,759.15KB\n")
709.90ms,1.60s,6.65s,2265.65\nTransfer/sec:,756.59KB\n")
1.84ms,794.72us,23.90ms,2273.35\nTransfer/sec:,759.17KB\n")
621.74ms,1.54s,6.64s,2268.85\nTransfer/sec:,757.66KB\n")
688.87ms,1.60s,6.63s,2280.02\nTransfer/sec:,761.39KB\n")
1.30s,2.02s,6.63s,2289.39\nTransfer/sec:,764.52KB\n")
1.92ms,817.66us,23.95ms,2295.32\nTransfer/sec:,766.50KB\n")
690.35ms,1.61s,6.65s,2302.51\nTransfer/sec:,768.90KB\n")
757.69ms,1.62s,6.64s,2310.31\nTransfer/sec:,771.51KB\n")
150.85ms,558.87ms,3.33s,2241.04\nTransfer/sec:,748.37KB\n")
1.98ms,796.52us,22.54ms,2316.99\nTransfer/sec:,773.74KB\n")
206.32ms,621.75ms,3.37s,2323.22\nTransfer/sec:,775.82KB\n")
152.99ms,539.84ms,3.33s,2331.03\nTransfer/sec:,778.43KB\n")
276.79ms,723.84ms,3.36s,2334.95\nTransfer/sec:,779.74KB\n")
22.64ms,144.72ms,1.65s,2330.27\nTransfer/sec:,778.18KB\n")
1.81ms,0.86ms,27.10ms,2342.94\nTransfer/sec:,782.40KB\n")
145.02ms,544.60ms,3.34s,2347.83\nTransfer/sec:,784.04KB\n")
235.63ms,655.16ms,3.35s,2352.77\nTransfer/sec:,785.69KB\n")
232.47ms,665.48ms,3.36s,2352.72\nTransfer/sec:,785.67KB\n")
160.05ms,482.92ms,3.30s,2339.22\nTransfer/sec:,781.16KB\n")
34.81ms,193.96ms,3.26s,2298.14\nTransfer/sec:,767.44KB\n")
2.59ms,6.23ms,166.53ms,2347.67\nTransfer/sec:,783.99KB\n")
174.24ms,600.86ms,3.36s,2353.77\nTransfer/sec:,786.02KB\n")
54.74ms,236.28ms,1.73s,2351.82\nTransfer/sec:,785.37KB\n")
272.25ms,725.50ms,3.36s,2350.81\nTransfer/sec:,785.03KB\n")
120.74ms,467.26ms,3.36s,2349.78\nTransfer/sec:,784.69KB\n")
2.04ms,11.17ms,818.18ms,2247.47\nTransfer/sec:,750.52KB\n")
2.07ms,2.01ms,67.33ms,2342.62\nTransfer/sec:,782.30KB\n")
175.13ms,602.85ms,3.37s,2347.73\nTransfer/sec:,784.01KB\n")
98.99ms,410.13ms,3.32s,2350.81\nTransfer/sec:,785.03KB\n")
63.79ms,319.12ms,3.29s,2354.67\nTransfer/sec:,786.32KB\n")
118.85ms,482.12ms,3.33s,2354.71\nTransfer/sec:,786.34KB\n")
53.44ms,292.36ms,3.28s,2357.69\nTransfer/sec:,787.33KB\n")
1.79ms,687.90us,24.93ms,2356.62\nTransfer/sec:,786.98KB\n")
859.68ms,1.61s,6.62s,2355.72\nTransfer/sec:,786.67KB\n")
365.02ms,1.19s,13.09s,2350.84\nTransfer/sec:,785.05KB\n")
29.37ms,177.80ms,3.48s,2347.73\nTransfer/sec:,784.00KB\n")
806.00ms,1.68s,6.66s,2334.83\nTransfer/sec:,779.70KB\n")
813.14ms,1.66s,6.64s,2337.88\nTransfer/sec:,780.72KB\n")
2.03ms,0.85ms,33.89ms,2332.98\nTransfer/sec:,779.08KB\n")
694.60ms,1.61s,6.65s,2324.93\nTransfer/sec:,776.39KB\n")
703.10ms,1.62s,6.64s,2321.51\nTransfer/sec:,775.25KB\n")
49.91ms,301.12ms,3.27s,2281.75\nTransfer/sec:,761.97KB\n")
1.96ms,0.89ms,32.67ms,2322.05\nTransfer/sec:,775.43KB\n")
48.91ms,238.03ms,3.27s,2328.99\nTransfer/sec:,777.75KB\n")
173.36ms,598.50ms,3.36s,2328.01\nTransfer/sec:,777.42KB\n")
140.96ms,535.87ms,3.34s,2321.21\nTransfer/sec:,775.15KB\n")
222.24ms,666.22ms,3.45s,2302.29\nTransfer/sec:,768.83KB\n")
2.07ms,11.66ms,818.18ms,2235.48\nTransfer/sec:,746.52KB\n")
1.81ms,767.56us,24.10ms,2290.59\nTransfer/sec:,764.92KB\n")
180.87ms,595.93ms,3.36s,2284.50\nTransfer/sec:,762.89KB\n")
327.91ms,790.76ms,3.35s,2276.63\nTransfer/sec:,760.26KB\n")
87.86ms,388.06ms,3.31s,2268.90\nTransfer/sec:,757.68KB\n")
77.81ms,374.92ms,3.32s,2261.98\nTransfer/sec:,755.37KB\n")
1.80ms,823.90us,25.58ms,2253.01\nTransfer/sec:,752.37KB\n")
47.05ms,236.73ms,2.58s,2245.96\nTransfer/sec:,750.01KB\n")
234.94ms,670.55ms,3.38s,2234.21\nTransfer/sec:,746.09KB\n")
209.74ms,619.72ms,3.38s,2219.94\nTransfer/sec:,741.33KB\n")
172.52ms,598.77ms,3.36s,2214.34\nTransfer/sec:,739.46KB\n")
35.54ms,193.59ms,1.68s,2145.66\nTransfer/sec:,716.52KB\n")
1.88ms,0.95ms,26.08ms,2191.64\nTransfer/sec:,731.88KB\n")
103.47ms,450.83ms,3.33s,2182.77\nTransfer/sec:,728.91KB\n")
208.56ms,626.96ms,3.34s,2172.91\nTransfer/sec:,725.62KB\n")
107.74ms,460.76ms,3.33s,2161.07\nTransfer/sec:,721.66KB\n")
168.85ms,593.18ms,3.36s,2151.26\nTransfer/sec:,718.39KB\n")
137.48ms,526.28ms,3.33s,2140.52\nTransfer/sec:,714.80KB\n")
1.82ms,769.37us,20.64ms,2130.60\nTransfer/sec:,711.49KB\n")
519.99ms,1.30s,13.09s,2119.76\nTransfer/sec:,707.87KB\n")
341.95ms,772.39ms,3.35s,2108.05\nTransfer/sec:,703.96KB\n")
56.87ms,306.80ms,3.28s,2076.04\nTransfer/sec:,693.27KB\n")
1.99ms,736.34us,24.56ms,2083.93\nTransfer/sec:,695.90KB\n")
54.87ms,231.40ms,1.72s,2068.07\nTransfer/sec:,690.60KB\n")
170.77ms,593.57ms,3.35s,2067.54\nTransfer/sec:,690.43KB\n")
123.63ms,500.78ms,3.34s,2051.51\nTransfer/sec:,685.08KB\n")
218.53ms,646.38ms,3.36s,2032.81\nTransfer/sec:,678.85KB\n")
144.95ms,544.12ms,3.33s,2013.86\nTransfer/sec:,672.54KB\n")
2.07ms,0.90ms,34.34ms,2010.90\nTransfer/sec:,671.55KB\n")
1.84ms,679.86us,19.55ms,2005.25\nTransfer/sec:,669.67KB\n")
218.80ms,646.98ms,3.36s,1999.30\nTransfer/sec:,667.69KB\n")
165.24ms,587.61ms,3.36s,1991.41\nTransfer/sec:,665.05KB\n")
222.97ms,653.78ms,3.35s,1981.51\nTransfer/sec:,661.74KB\n")
83.67ms,400.74ms,3.28s,1918.02\nTransfer/sec:,640.54KB\n")
1.82ms,625.40us,16.13ms,1969.61\nTransfer/sec:,657.77KB\n")
153.40ms,566.46ms,3.35s,1962.76\nTransfer/sec:,655.48KB\n")
162.19ms,582.52ms,3.38s,1953.84\nTransfer/sec:,652.50KB\n")
254.86ms,704.92ms,3.36s,1947.17\nTransfer/sec:,650.27KB\n")
274.28ms,734.07ms,3.36s,1945.08\nTransfer/sec:,649.58KB\n")
12.18ms,90.38ms,1.64s,1949.02\nTransfer/sec:,650.89KB\n")
2.22ms,800.34us,29.06ms,1946.97\nTransfer/sec:,650.21KB\n")
16.80ms,95.99ms,1.64s,1937.15\nTransfer/sec:,646.93KB\n")
289.64ms,828.32ms,6.55s,1934.68\nTransfer/sec:,646.10KB\n")
211.43ms,635.40ms,3.35s,1936.03\nTransfer/sec:,646.55KB\n")
46.85ms,223.93ms,1.66s,1874.28\nTransfer/sec:,625.93KB\n")
1.87ms,706.12us,20.74ms,1927.19\nTransfer/sec:,643.60KB\n")
1.73ms,709.60us,21.62ms,1922.24\nTransfer/sec:,641.95KB\n")
28.02ms,156.56ms,1.64s,1916.41\nTransfer/sec:,640.00KB\n")
111.53ms,380.44ms,3.27s,1911.48\nTransfer/sec:,638.36KB\n")
234.51ms,638.94ms,6.71s,1909.57\nTransfer/sec:,637.72KB\n")
46.07ms,200.28ms,1.73s,1909.52\nTransfer/sec:,637.70KB\n")
1.73ms,774.52us,22.78ms,1908.49\nTransfer/sec:,637.36KB\n")
99.38ms,442.76ms,3.33s,1906.53\nTransfer/sec:,636.70KB\n")
69.11ms,248.63ms,1.72s,1900.71\nTransfer/sec:,634.76KB\n")
231.25ms,696.12ms,6.56s,1893.60\nTransfer/sec:,632.38KB\n")
16.59ms,87.26ms,824.83ms,1843.85\nTransfer/sec:,615.77KB\n")
2.34ms,4.29ms,130.75ms,1884.33\nTransfer/sec:,629.29KB\n")
292.77ms,877.52ms,6.55s,1886.80\nTransfer/sec:,630.11KB\n")
166.01ms,590.22ms,3.37s,1884.74\nTransfer/sec:,629.43KB\n")
64.39ms,244.28ms,1.79s,1883.52\nTransfer/sec:,629.01KB\n")
8.64ms,62.30ms,821.76ms,1867.95\nTransfer/sec:,623.82KB\n")
15.48ms,175.83ms,9.18s,1883.63\nTransfer/sec:,629.05KB\n")
32.50ms,146.30ms,1.66s,1885.78\nTransfer/sec:,629.77KB\n")
416.76ms,1.12s,13.09s,1883.63\nTransfer/sec:,629.05KB\n")
60.46ms,235.66ms,1.74s,1883.66\nTransfer/sec:,629.06KB\n")
1.97ms,735.66us,20.14ms,1884.69\nTransfer/sec:,629.41KB\n")
176.44ms,724.21ms,6.55s,1882.61\nTransfer/sec:,628.71KB\n")
182.83ms,614.38ms,3.37s,1881.71\nTransfer/sec:,628.41KB\n")
57.77ms,221.92ms,1.73s,1875.06\nTransfer/sec:,626.19KB\n")
48.95ms,220.17ms,1.66s,1873.33\nTransfer/sec:,625.61KB\n")
1.79ms,797.88us,28.18ms,1879.05\nTransfer/sec:,627.52KB\n")
77.82ms,321.89ms,3.28s,1876.91\nTransfer/sec:,626.81KB\n")
279.95ms,737.94ms,3.37s,1875.91\nTransfer/sec:,626.47KB\n")
49.65ms,208.94ms,1.71s,1872.79\nTransfer/sec:,625.43KB\n")
54.91ms,290.36ms,3.29s,1864.93\nTransfer/sec:,622.81KB\n")
1.94ms,660.51us,23.17ms,1870.97\nTransfer/sec:,624.83KB\n")
40.87ms,194.19ms,1.71s,1870.18\nTransfer/sec:,624.56KB\n")
248.75ms,706.87ms,6.55s,1869.16\nTransfer/sec:,624.22KB\n")
51.47ms,221.02ms,1.74s,1840.43\nTransfer/sec:,614.63KB\n")
1.74ms,713.00us,25.78ms,1863.95\nTransfer/sec:,622.48KB\n")
11.65ms,80.60ms,1.07s,1860.23\nTransfer/sec:,621.24KB\n")
67.55ms,269.44ms,1.74s,1856.15\nTransfer/sec:,619.88KB\n")
40.36ms,210.46ms,1.71s,1853.02\nTransfer/sec:,618.83KB\n")
43.79ms,218.84ms,1.74s,1842.51\nTransfer/sec:,615.32KB\n")
181.22ms,666.26ms,6.55s,1842.08\nTransfer/sec:,615.18KB\n")
3.76ms,23.28ms,412.16ms,1836.46\nTransfer/sec:,613.30KB\n")
1.83ms,712.22us,21.09ms,1831.34\nTransfer/sec:,611.59KB\n")
63.16ms,244.52ms,1.76s,1826.67\nTransfer/sec:,610.03KB\n")
28.76ms,149.34ms,1.64s,1819.72\nTransfer/sec:,607.71KB\n")
237.60ms,709.69ms,6.55s,1811.58\nTransfer/sec:,604.99KB\n")
12.39ms,73.75ms,828.42ms,1805.07\nTransfer/sec:,602.81KB\n")
1.78ms,763.69us,30.00ms,1802.66\nTransfer/sec:,602.01KB\n")
43.52ms,219.98ms,1.73s,1798.94\nTransfer/sec:,600.77KB\n")
34.59ms,189.46ms,1.71s,1794.92\nTransfer/sec:,599.42KB\n")
30.29ms,144.64ms,1.65s,1783.94\nTransfer/sec:,595.76KB\n")
46.50ms,221.28ms,1.73s,1784.04\nTransfer/sec:,595.79KB\n")
21.97ms,114.84ms,1.63s,1779.21\nTransfer/sec:,594.18KB\n")
39.29ms,188.85ms,1.65s,1773.01\nTransfer/sec:,592.11KB\n")
1.73ms,730.96us,22.61ms,1767.54\nTransfer/sec:,590.28KB\n")
1.80ms,689.16us,23.94ms,1761.14\nTransfer/sec:,588.14KB\n")
100.75ms,346.71ms,3.30s,1752.32\nTransfer/sec:,585.20KB\n")
52.31ms,217.37ms,1.73s,1756.69\nTransfer/sec:,586.66KB\n")
57.56ms,245.24ms,1.72s,1756.73\nTransfer/sec:,586.67KB\n")
41.90ms,216.03ms,1.72s,1751.20\nTransfer/sec:,584.82KB\n")
2.01ms,723.74us,24.62ms,1747.73\nTransfer/sec:,583.67KB\n")
1.76ms,686.11us,20.08ms,1742.41\nTransfer/sec:,581.89KB\n")
12.29ms,81.59ms,1.63s,1738.63\nTransfer/sec:,580.63KB\n")
46.89ms,222.21ms,1.73s,1736.84\nTransfer/sec:,580.03KB\n")
20.08ms,105.00ms,827.39ms,1735.97\nTransfer/sec:,579.74KB\n")
16.94ms,103.19ms,1.64s,1731.49\nTransfer/sec:,578.24KB\n")
14.43ms,94.72ms,1.63s,1728.78\nTransfer/sec:,577.34KB\n")
46.01ms,217.62ms,1.71s,1727.90\nTransfer/sec:,577.04KB\n")
1.74ms,807.94us,30.70ms,1727.89\nTransfer/sec:,577.04KB\n")
1.75ms,775.10us,33.06ms,1728.82\nTransfer/sec:,577.35KB\n")
27.97ms,168.09ms,1.71s,1729.70\nTransfer/sec:,577.64KB\n")
52.39ms,230.70ms,1.69s,1729.74\nTransfer/sec:,577.66KB\n")
46.55ms,212.65ms,1.70s,1730.65\nTransfer/sec:,577.96KB\n")
65.82ms,265.32ms,1.71s,1730.64\nTransfer/sec:,577.96KB\n")
26.65ms,157.20ms,1.68s,1732.64\nTransfer/sec:,578.63KB\n")
3.66ms,30.55ms,820.22ms,1696.52\nTransfer/sec:,566.56KB\n")
62.59ms,367.47ms,3.32s,1734.76\nTransfer/sec:,579.33KB\n")
219.21ms,653.63ms,3.36s,1733.74\nTransfer/sec:,578.99KB\n")
55.60ms,254.17ms,2.66s,1727.02\nTransfer/sec:,576.75KB\n")
29.56ms,122.49ms,909.31ms,1730.28\nTransfer/sec:,577.84KB\n")
6.45ms,51.38ms,819.71ms,1706.17\nTransfer/sec:,569.79KB\n")
113.42ms,492.20ms,3.34s,1734.79\nTransfer/sec:,579.34KB\n")
155.93ms,567.49ms,6.54s,1731.67\nTransfer/sec:,578.30KB\n")
43.64ms,168.53ms,1.68s,1731.76\nTransfer/sec:,578.33KB\n")
107.08ms,459.01ms,6.54s,1712.51\nTransfer/sec:,571.90KB\n")
1.88ms,664.69us,20.03ms,1732.53\nTransfer/sec:,578.59KB\n")
10.86ms,90.96ms,1.65s,1727.90\nTransfer/sec:,577.04KB\n")
221.54ms,614.78ms,3.36s,1718.86\nTransfer/sec:,574.02KB\n")
127.44ms,513.96ms,3.36s,1711.19\nTransfer/sec:,571.46KB\n")
29.90ms,141.44ms,1.65s,1715.10\nTransfer/sec:,572.77KB\n")
1.74ms,751.24us,22.56ms,1711.67\nTransfer/sec:,571.62KB\n")
88.06ms,454.68ms,6.55s,1711.76\nTransfer/sec:,571.65KB\n")
43.78ms,214.77ms,1.72s,1706.37\nTransfer/sec:,569.85KB\n")
53.30ms,225.03ms,1.72s,1711.77\nTransfer/sec:,571.65KB\n")
179.10ms,695.93ms,6.55s,1681.81\nTransfer/sec:,561.65KB\n")
1.86ms,736.14us,26.08ms,1711.77\nTransfer/sec:,571.65KB\n")
32.58ms,150.64ms,1.64s,1707.12\nTransfer/sec:,570.10KB\n")
123.73ms,435.29ms,3.30s,1704.22\nTransfer/sec:,569.13KB\n")
26.50ms,119.66ms,838.66ms,1702.97\nTransfer/sec:,568.72KB\n")
5.10ms,42.29ms,819.71ms,1683.36\nTransfer/sec:,562.17KB\n")
137.74ms,537.33ms,3.35s,1697.26\nTransfer/sec:,566.81KB\n")
131.59ms,516.33ms,3.34s,1693.28\nTransfer/sec:,565.48KB\n")
50.76ms,209.54ms,1.72s,1689.23\nTransfer/sec:,564.13KB\n")
30.03ms,176.20ms,1.70s,1686.51\nTransfer/sec:,563.22KB\n")
64.99ms,263.24ms,1.74s,1684.57\nTransfer/sec:,562.57KB\n")
1.74ms,680.45us,20.14ms,1683.41\nTransfer/sec:,562.18KB\n")
76.21ms,397.95ms,6.54s,1680.25\nTransfer/sec:,561.13KB\n")
102.19ms,407.95ms,3.31s,1676.54\nTransfer/sec:,559.89KB\n")
45.73ms,216.15ms,1.70s,1673.59\nTransfer/sec:,558.90KB\n")
50.43ms,224.48ms,1.72s,1668.54\nTransfer/sec:,557.22KB\n")
1.83ms,832.34us,30.14ms,1665.70\nTransfer/sec:,556.27KB\n")
109.41ms,471.21ms,3.33s,1659.57\nTransfer/sec:,554.22KB\n")
110.94ms,423.38ms,3.33s,1650.01\nTransfer/sec:,551.03KB\n")
42.89ms,191.50ms,1.71s,1649.76\nTransfer/sec:,550.94KB\n")
55.86ms,365.18ms,6.55s,1574.17\nTransfer/sec:,525.70KB\n")
148.51ms,561.90ms,3.37s,1647.75\nTransfer/sec:,550.27KB\n")
150.57ms,442.07ms,3.30s,1640.67\nTransfer/sec:,547.91KB\n")
49.46ms,221.70ms,1.73s,1645.90\nTransfer/sec:,549.65KB\n")
58.47ms,247.54ms,1.69s,1640.84\nTransfer/sec:,547.97KB\n")
1.77ms,735.61us,24.43ms,1637.95\nTransfer/sec:,547.00KB\n")
14.18ms,39.42ms,738.82ms,1631.85\nTransfer/sec:,544.96KB\n")
1.70ms,803.71us,23.90ms,1634.18\nTransfer/sec:,545.74KB\n")
14.59ms,85.60ms,835.58ms,1628.98\nTransfer/sec:,544.01KB\n")
256.17ms,719.67ms,6.54s,1621.10\nTransfer/sec:,541.37KB\n")
54.79ms,224.90ms,1.72s,1618.23\nTransfer/sec:,540.41KB\n")
1.84ms,729.41us,25.04ms,1617.25\nTransfer/sec:,540.09KB\n")
235.11ms,801.31ms,6.10s,1619.15\nTransfer/sec:,540.72KB\n")
101.33ms,366.22ms,3.28s,1620.16\nTransfer/sec:,541.06KB\n")
226.16ms,693.53ms,7.46s,1618.17\nTransfer/sec:,540.39KB\n")
23.36ms,112.49ms,1.08s,1620.12\nTransfer/sec:,541.04KB\n")
13.11ms,81.53ms,1.09s,1617.39\nTransfer/sec:,540.13KB\n")
335.31ms,912.86ms,6.55s,1626.13\nTransfer/sec:,543.05KB\n")
97.23ms,374.81ms,3.30s,1621.92\nTransfer/sec:,541.65KB\n")
51.49ms,201.24ms,1.65s,1629.02\nTransfer/sec:,544.02KB\n")
32.58ms,204.11ms,3.27s,1590.33\nTransfer/sec:,531.10KB\n")
4.68ms,7.10ms,168.70ms,1627.27\nTransfer/sec:,543.43KB\n")
37.12ms,161.42ms,1.66s,1630.12\nTransfer/sec:,544.39KB\n")
313.26ms,855.52ms,6.55s,1633.97\nTransfer/sec:,545.67KB\n")
25.02ms,115.11ms,1.63s,1644.97\nTransfer/sec:,549.35KB\n")
4.82ms,41.72ms,820.22ms,1648.11\nTransfer/sec:,550.39KB\n")
85.84ms,546.37ms,9.04s,1654.77\nTransfer/sec:,552.62KB\n")
50.60ms,224.86ms,1.75s,1662.69\nTransfer/sec:,555.26KB\n")
13.92ms,95.19ms,1.65s,1670.40\nTransfer/sec:,557.84KB\n")
60.20ms,250.42ms,1.73s,1678.39\nTransfer/sec:,560.51KB\n")
22.11ms,114.47ms,1.64s,1684.61\nTransfer/sec:,562.58KB\n")
42.06ms,216.93ms,1.72s,1691.11\nTransfer/sec:,564.75KB\n")
1.71ms,678.61us,22.64ms,1703.12\nTransfer/sec:,568.76KB\n")
1.93ms,676.22us,18.59ms,1720.72\nTransfer/sec:,574.64KB\n")
12.15ms,80.63ms,833.54ms,1739.56\nTransfer/sec:,580.94KB\n")
113.15ms,398.62ms,6.55s,1753.40\nTransfer/sec:,585.56KB\n")
39.67ms,179.01ms,1.69s,1766.58\nTransfer/sec:,589.96KB\n")
13.79ms,93.91ms,1.64s,1780.94\nTransfer/sec:,594.76KB\n")
12.47ms,79.71ms,1.06s,1791.37\nTransfer/sec:,598.24KB\n")
1.76ms,719.82us,22.16ms,1809.76\nTransfer/sec:,604.38KB\n")
73.00ms,282.53ms,1.71s,1824.43\nTransfer/sec:,609.28KB\n")
39.92ms,190.74ms,1.70s,1838.60\nTransfer/sec:,614.02KB\n")
108.44ms,445.01ms,3.35s,1851.99\nTransfer/sec:,618.48KB\n")
53.16ms,232.57ms,1.74s,1861.90\nTransfer/sec:,621.80KB\n")
61.39ms,333.08ms,6.55s,1761.16\nTransfer/sec:,588.15KB\n")
1.87ms,669.96us,30.10ms,1889.85\nTransfer/sec:,631.13KB\n")
30.20ms,134.09ms,1.64s,1908.52\nTransfer/sec:,637.37KB\n")
77.90ms,290.21ms,1.76s,1930.20\nTransfer/sec:,644.61KB\n")
291.60ms,756.26ms,6.55s,1945.28\nTransfer/sec:,649.64KB\n")
12.62ms,84.10ms,1.12s,1959.65\nTransfer/sec:,654.44KB\n")
1.86ms,701.07us,23.34ms,1983.54\nTransfer/sec:,662.42KB\n")
130.39ms,517.95ms,3.35s,2001.23\nTransfer/sec:,668.33KB\n")
174.96ms,590.23ms,3.36s,2016.14\nTransfer/sec:,673.30KB\n")
102.48ms,449.45ms,3.33s,2031.74\nTransfer/sec:,678.49KB\n")
162.49ms,581.96ms,3.36s,2051.59\nTransfer/sec:,685.10KB\n")
7.32ms,55.37ms,826.88ms,2068.40\nTransfer/sec:,690.71KB\n")
3.54ms,7.66ms,176.00ms,2072.16\nTransfer/sec:,691.97KB\n")
92.48ms,422.08ms,3.33s,2091.05\nTransfer/sec:,698.28KB\n")
238.61ms,670.26ms,3.36s,2103.80\nTransfer/sec:,702.54KB\n")
170.25ms,595.45ms,3.36s,2117.00\nTransfer/sec:,706.95KB\n")
172.73ms,595.80ms,3.35s,2126.83\nTransfer/sec:,710.23KB\n")
19.58ms,110.21ms,1.64s,2137.78\nTransfer/sec:,713.88KB\n")
1.80ms,790.58us,24.43ms,2145.37\nTransfer/sec:,716.42KB\n")
341.20ms,882.64ms,6.55s,2151.30\nTransfer/sec:,718.40KB\n")
189.65ms,554.80ms,3.34s,2156.24\nTransfer/sec:,720.05KB\n")
40.12ms,208.00ms,2.73s,2043.80\nTransfer/sec:,682.51KB\n")
3.39ms,7.75ms,167.68ms,2163.24\nTransfer/sec:,722.39KB\n")
9.71ms,86.58ms,2.00s,2180.98\nTransfer/sec:,728.31KB\n")
65.65ms,325.07ms,3.30s,2198.90\nTransfer/sec:,734.30KB\n")
247.68ms,690.82ms,3.38s,2220.68\nTransfer/sec:,741.57KB\n")
174.19ms,601.59ms,3.37s,2234.00\nTransfer/sec:,746.02KB\n")
155.40ms,561.43ms,3.33s,2115.79\nTransfer/sec:,706.54KB\n")
1.79ms,751.96us,23.22ms,2248.15\nTransfer/sec:,750.75KB\n")
55.82ms,344.30ms,3.32s,2258.69\nTransfer/sec:,754.27KB\n")
54.56ms,255.03ms,3.28s,2282.67\nTransfer/sec:,762.28KB\n")
176.71ms,602.39ms,3.36s,2288.57\nTransfer/sec:,764.25KB\n")
296.91ms,753.54ms,3.36s,2288.62\nTransfer/sec:,764.27KB\n")
1.99ms,830.98us,23.18ms,2284.50\nTransfer/sec:,762.89KB\n")
2.04ms,0.90ms,33.76ms,2283.60\nTransfer/sec:,762.59KB\n")
176.47ms,604.81ms,3.36s,2286.55\nTransfer/sec:,763.57KB\n")
140.34ms,490.15ms,3.33s,2280.13\nTransfer/sec:,761.43KB\n")
50.88ms,228.09ms,1.72s,2288.55\nTransfer/sec:,764.24KB\n")
89.57ms,313.57ms,2.75s,2289.59\nTransfer/sec:,764.59KB\n")
1.93ms,4.85ms,409.86ms,2249.32\nTransfer/sec:,751.14KB\n")
3.73ms,8.42ms,193.41ms,2280.91\nTransfer/sec:,761.69KB\n")
237.15ms,674.79ms,3.36s,2288.62\nTransfer/sec:,764.26KB\n")
133.71ms,477.10ms,3.34s,2293.43\nTransfer/sec:,765.87KB\n")
45.03ms,221.11ms,1.72s,2303.39\nTransfer/sec:,769.20KB\n")
192.86ms,614.47ms,3.35s,2307.31\nTransfer/sec:,770.51KB\n")
1.79ms,734.57us,22.69ms,2314.13\nTransfer/sec:,772.78KB\n")
1.84ms,1.28ms,48.32ms,2321.23\nTransfer/sec:,775.15KB\n")
179.81ms,608.88ms,3.36s,2322.13\nTransfer/sec:,775.46KB\n")
205.77ms,624.96ms,3.36s,2322.21\nTransfer/sec:,775.48KB\n")
197.91ms,630.10ms,3.36s,2320.18\nTransfer/sec:,774.80KB\n")
6.82ms,52.32ms,824.83ms,2318.22\nTransfer/sec:,774.15KB\n")
1.84ms,0.91ms,25.15ms,2319.13\nTransfer/sec:,774.45KB\n")
94.63ms,425.39ms,3.32s,2319.00\nTransfer/sec:,774.41KB\n")
179.11ms,608.42ms,3.37s,2319.18\nTransfer/sec:,774.47KB\n")
195.08ms,614.20ms,3.36s,2311.33\nTransfer/sec:,771.85KB\n")
44.21ms,230.83ms,2.75s,2231.21\nTransfer/sec:,745.09KB\n")
1.82ms,1.39ms,61.92ms,2298.44\nTransfer/sec:,767.54KB\n")
1.79ms,845.68us,31.57ms,2300.42\nTransfer/sec:,768.20KB\n")
208.33ms,624.07ms,3.36s,2301.45\nTransfer/sec:,768.55KB\n")
155.33ms,566.02ms,3.35s,2298.30\nTransfer/sec:,767.50KB\n")
139.39ms,482.85ms,3.33s,2296.37\nTransfer/sec:,766.85KB\n")
7.03ms,53.26ms,840.19ms,2307.31\nTransfer/sec:,770.51KB\n")
1.79ms,769.34us,24.86ms,2310.31\nTransfer/sec:,771.51KB\n")
70.27ms,345.59ms,3.30s,2313.27\nTransfer/sec:,772.50KB\n")
339.61ms,813.40ms,3.39s,2314.18\nTransfer/sec:,772.80KB\n")
116.25ms,480.65ms,3.33s,2316.06\nTransfer/sec:,773.43KB\n")
194.22ms,641.81ms,3.40s,2319.22\nTransfer/sec:,774.48KB\n")
1.98ms,2.09ms,55.33ms,2287.81\nTransfer/sec:,763.99KB\n")
1.86ms,769.36us,29.70ms,2323.15\nTransfer/sec:,775.80KB\n")
142.30ms,517.35ms,3.34s,2328.00\nTransfer/sec:,777.42KB\n")
177.50ms,606.94ms,3.36s,2333.08\nTransfer/sec:,779.11KB\n")
179.92ms,608.22ms,3.36s,2333.94\nTransfer/sec:,779.40KB\n")
3.47ms,22.43ms,749.06ms,2279.77\nTransfer/sec:,761.31KB\n")
1.85ms,789.45us,34.78ms,2334.94\nTransfer/sec:,779.73KB\n")
46.88ms,229.94ms,3.27s,2335.88\nTransfer/sec:,780.05KB\n")
86.18ms,361.46ms,3.30s,2334.88\nTransfer/sec:,779.72KB\n")
166.90ms,564.98ms,3.35s,2337.87\nTransfer/sec:,780.71KB\n")
202.95ms,644.62ms,3.36s,2342.88\nTransfer/sec:,782.39KB\n")
2.69ms,4.32ms,144.26ms,2341.76\nTransfer/sec:,782.01KB\n")
713.63ms,2.29s,20.33s,2358.57\nTransfer/sec:,787.63KB\n")
435.83ms,1.30s,13.09s,2282.14\nTransfer/sec:,762.10KB\n")
2.09ms,832.41us,25.44ms,2371.35\nTransfer/sec:,791.90KB\n")
202.56ms,619.50ms,3.37s,2371.20\nTransfer/sec:,791.84KB\n")
193.59ms,614.46ms,3.36s,2377.31\nTransfer/sec:,793.89KB\n")
150.61ms,618.28ms,6.55s,2375.48\nTransfer/sec:,793.27KB\n")
47.55ms,307.74ms,4.07s,2365.96\nTransfer/sec:,790.10KB\n")
178.59ms,606.53ms,3.36s,2374.47\nTransfer/sec:,792.94KB\n")
130.41ms,422.41ms,3.31s,2373.51\nTransfer/sec:,792.61KB\n")
199.63ms,615.32ms,3.37s,2372.24\nTransfer/sec:,792.19KB\n")
2.51ms,5.78ms,155.52ms,2354.43\nTransfer/sec:,786.24KB\n")
1.83ms,737.51us,23.76ms,2360.49\nTransfer/sec:,788.27KB\n")
180.78ms,610.79ms,3.36s,2352.79\nTransfer/sec:,785.70KB\n")
202.30ms,624.63ms,3.37s,2351.79\nTransfer/sec:,785.36KB\n")
328.16ms,793.77ms,3.39s,2342.57\nTransfer/sec:,782.28KB\n")
4.09ms,27.30ms,750.08ms,2323.70\nTransfer/sec:,775.98KB\n")
1.82ms,771.09us,27.17ms,2341.80\nTransfer/sec:,782.02KB\n")
182.18ms,613.44ms,3.36s,2328.69\nTransfer/sec:,777.65KB\n")
78.07ms,285.31ms,3.27s,2331.01\nTransfer/sec:,778.42KB\n")
59.96ms,239.56ms,3.27s,2317.77\nTransfer/sec:,774.00KB\n")
154.87ms,544.34ms,3.35s,2319.18\nTransfer/sec:,774.47KB\n")
3.06ms,17.41ms,428.29ms,2315.15\nTransfer/sec:,773.12KB\n")
1.84ms,742.09us,23.78ms,2307.10\nTransfer/sec:,770.44KB\n")
92.94ms,444.07ms,3.34s,2306.28\nTransfer/sec:,770.16KB\n")
233.96ms,644.99ms,3.39s,2313.49\nTransfer/sec:,772.57KB\n")
178.73ms,605.11ms,3.38s,2304.71\nTransfer/sec:,769.64KB\n")
100.92ms,429.87ms,3.32s,2307.19\nTransfer/sec:,770.47KB\n")
17.19ms,124.56ms,1.64s,2299.39\nTransfer/sec:,767.86KB\n")
4.06ms,9.08ms,182.78ms,2282.43\nTransfer/sec:,762.20KB\n")
179.85ms,600.35ms,3.36s,2278.71\nTransfer/sec:,760.96KB\n")
45.09ms,221.65ms,1.73s,2267.85\nTransfer/sec:,757.33KB\n")
196.90ms,598.64ms,3.33s,2259.05\nTransfer/sec:,754.39KB\n")
114.77ms,476.79ms,3.36s,2252.08\nTransfer/sec:,752.06KB\n")
1.95ms,678.10us,23.47ms,2230.11\nTransfer/sec:,744.72KB\n")
24.91ms,120.75ms,1.12s,2231.31\nTransfer/sec:,745.12KB\n")
176.16ms,604.78ms,3.36s,2238.24\nTransfer/sec:,747.44KB\n")
204.17ms,619.65ms,3.36s,2241.22\nTransfer/sec:,748.43KB\n")
73.56ms,284.65ms,3.27s,2252.14\nTransfer/sec:,752.08KB\n")
108.07ms,464.65ms,3.30s,2167.31\nTransfer/sec:,723.75KB\n")
1.83ms,0.87ms,26.61ms,2258.95\nTransfer/sec:,754.36KB\n")
69.74ms,385.77ms,3.32s,2251.19\nTransfer/sec:,751.76KB\n")
298.13ms,756.75ms,3.36s,2252.96\nTransfer/sec:,752.35KB\n")
129.91ms,467.56ms,3.33s,2257.95\nTransfer/sec:,754.02KB\n")
221.14ms,647.18ms,3.36s,2252.13\nTransfer/sec:,752.08KB\n")
2.68ms,5.68ms,181.50ms,2241.24\nTransfer/sec:,748.44KB\n")
1.91ms,0.87ms,28.37ms,2244.94\nTransfer/sec:,749.68KB\n")
505.66ms,1.13s,6.55s,2244.99\nTransfer/sec:,749.69KB\n")
170.17ms,490.52ms,3.33s,2244.02\nTransfer/sec:,749.37KB\n")
38.39ms,202.80ms,1.68s,2244.96\nTransfer/sec:,749.68KB\n")
2.03ms,778.39us,22.26ms,2243.02\nTransfer/sec:,749.03KB\n")
295.27ms,760.83ms,3.36s,2241.22\nTransfer/sec:,748.43KB\n")
236.04ms,674.25ms,3.36s,2236.09\nTransfer/sec:,746.72KB\n")
49.54ms,231.83ms,1.73s,2225.84\nTransfer/sec:,743.30KB\n")
1.71ms,677.39us,21.14ms,2195.56\nTransfer/sec:,733.18KB\n")
2.49ms,5.31ms,140.54ms,2194.98\nTransfer/sec:,732.99KB\n")
172.01ms,598.97ms,3.36s,2201.64\nTransfer/sec:,735.21KB\n")
174.64ms,560.65ms,3.33s,2197.84\nTransfer/sec:,733.94KB\n")
210.18ms,624.13ms,3.36s,2194.59\nTransfer/sec:,732.86KB\n")
196.01ms,613.19ms,3.35s,2197.79\nTransfer/sec:,733.93KB\n")
5.27ms,41.91ms,819.20ms,2176.78\nTransfer/sec:,726.91KB\n")
2.12ms,736.50us,24.59ms,2197.86\nTransfer/sec:,733.95KB\n")
246.80ms,689.37ms,3.36s,2194.55\nTransfer/sec:,732.85KB\n")
96.59ms,374.60ms,3.30s,2189.97\nTransfer/sec:,731.32KB\n")
172.78ms,599.41ms,3.36s,2185.89\nTransfer/sec:,729.95KB\n")
85.81ms,384.87ms,3.33s,2131.37\nTransfer/sec:,711.74KB\n")
1.85ms,769.47us,33.89ms,2172.91\nTransfer/sec:,725.62KB\n")
67.42ms,377.54ms,3.31s,2161.13\nTransfer/sec:,721.69KB\n")
84.19ms,396.12ms,3.30s,2142.30\nTransfer/sec:,715.39KB\n")
44.06ms,219.23ms,1.72s,2116.98\nTransfer/sec:,706.94KB\n")
96.43ms,431.06ms,3.32s,2110.03\nTransfer/sec:,704.62KB\n")
115.18ms,484.66ms,3.30s,1996.41\nTransfer/sec:,666.72KB\n")
1.85ms,723.09us,26.74ms,2100.91\nTransfer/sec:,701.57KB\n")
185.49ms,600.58ms,3.37s,2077.82\nTransfer/sec:,693.86KB\n")
183.33ms,601.15ms,3.36s,2077.35\nTransfer/sec:,693.70KB\n")
256.35ms,706.59ms,3.37s,2074.22\nTransfer/sec:,692.66KB\n")
78.30ms,375.79ms,3.32s,2069.37\nTransfer/sec:,691.04KB\n")
1.80ms,749.84us,24.06ms,2063.33\nTransfer/sec:,689.02KB\n")
1.85ms,784.77us,21.76ms,2057.57\nTransfer/sec:,687.10KB\n")
43.47ms,218.12ms,1.72s,2050.59\nTransfer/sec:,684.77KB\n")
56.85ms,238.83ms,1.73s,2047.71\nTransfer/sec:,683.81KB\n")
308.09ms,775.03ms,3.36s,2041.71\nTransfer/sec:,681.81KB\n")
68.21ms,322.13ms,3.31s,2028.89\nTransfer/sec:,677.55KB\n")
2.48ms,4.18ms,130.43ms,2023.23\nTransfer/sec:,675.67KB\n")
1.78ms,745.76us,25.52ms,2026.89\nTransfer/sec:,676.88KB\n")
168.08ms,592.85ms,3.36s,2025.08\nTransfer/sec:,676.28KB\n")
230.44ms,670.99ms,3.40s,2023.98\nTransfer/sec:,675.91KB\n")
46.89ms,224.51ms,1.73s,2021.94\nTransfer/sec:,675.23KB\n")
30.59ms,266.74ms,3.32s,1912.01\nTransfer/sec:,638.53KB\n")
2.00ms,807.98us,22.06ms,2011.07\nTransfer/sec:,671.61KB\n")
167.69ms,592.75ms,3.37s,2004.26\nTransfer/sec:,669.34KB\n")
306.34ms,754.25ms,3.36s,1971.09\nTransfer/sec:,658.27KB\n")
292.09ms,759.53ms,3.36s,1990.42\nTransfer/sec:,664.72KB\n")
167.07ms,613.44ms,3.38s,1910.37\nTransfer/sec:,637.98KB\n")
2.01ms,0.87ms,38.56ms,1978.55\nTransfer/sec:,660.76KB\n")
106.68ms,456.79ms,3.32s,1974.62\nTransfer/sec:,659.44KB\n")
216.94ms,646.51ms,3.35s,1970.70\nTransfer/sec:,658.13KB\n")
243.69ms,688.13ms,3.38s,1968.69\nTransfer/sec:,657.46KB\n")
102.09ms,432.45ms,3.32s,1966.68\nTransfer/sec:,656.79KB\n")
38.11ms,212.48ms,1.73s,1928.38\nTransfer/sec:,644.00KB\n")
1.89ms,635.04us,19.17ms,1962.77\nTransfer/sec:,655.48KB\n")
29.01ms,171.07ms,1.71s,1960.86\nTransfer/sec:,654.85KB\n")
216.18ms,603.13ms,6.55s,1959.81\nTransfer/sec:,654.50KB\n")
54.76ms,253.15ms,3.27s,1949.92\nTransfer/sec:,651.19KB\n")
151.18ms,539.95ms,3.36s,1950.15\nTransfer/sec:,651.27KB\n")
1.89ms,758.73us,25.62ms,1950.99\nTransfer/sec:,651.55KB\n")
1.92ms,714.67us,23.55ms,1949.96\nTransfer/sec:,651.21KB\n")
19.63ms,127.29ms,1.67s,1948.95\nTransfer/sec:,650.87KB\n")
43.93ms,216.63ms,1.73s,1945.95\nTransfer/sec:,649.87KB\n")
122.12ms,460.48ms,3.34s,1945.95\nTransfer/sec:,649.87KB\n")
246.85ms,713.30ms,6.55s,1942.09\nTransfer/sec:,648.58KB\n")
135.49ms,508.13ms,3.33s,1909.23\nTransfer/sec:,637.60KB\n")
1.83ms,713.48us,21.34ms,1939.98\nTransfer/sec:,647.87KB\n")
44.08ms,221.04ms,1.73s,1938.12\nTransfer/sec:,647.25KB\n")
214.23ms,723.05ms,6.55s,1935.11\nTransfer/sec:,646.25KB\n")
30.93ms,151.62ms,1.67s,1930.33\nTransfer/sec:,644.65KB\n")
95.99ms,475.17ms,6.55s,1926.27\nTransfer/sec:,643.30KB\n")
7.71ms,11.82ms,184.83ms,1915.58\nTransfer/sec:,639.72KB\n")
451.63ms,1.11s,13.09s,1917.33\nTransfer/sec:,640.31KB\n")
164.66ms,546.50ms,6.71s,1918.36\nTransfer/sec:,640.65KB\n")
163.60ms,548.61ms,3.34s,1915.79\nTransfer/sec:,639.79KB\n")
1.85ms,739.40us,25.26ms,1925.20\nTransfer/sec:,642.94KB\n")
9.41ms,74.67ms,1.74s,1929.22\nTransfer/sec:,644.28KB\n")
35.83ms,163.32ms,1.70s,1932.15\nTransfer/sec:,645.26KB\n")
202.28ms,606.61ms,3.36s,1933.08\nTransfer/sec:,645.57KB\n")
164.65ms,572.45ms,3.38s,1926.08\nTransfer/sec:,643.23KB\n")
51.94ms,285.76ms,3.28s,1931.33\nTransfer/sec:,644.99KB\n")
1.83ms,733.43us,22.50ms,1928.25\nTransfer/sec:,643.96KB\n")
44.20ms,223.11ms,1.79s,1925.18\nTransfer/sec:,642.93KB\n")
104.07ms,369.88ms,6.54s,1924.15\nTransfer/sec:,642.59KB\n")
53.05ms,214.46ms,1.72s,1922.24\nTransfer/sec:,641.95KB\n")
44.99ms,242.57ms,3.27s,1923.21\nTransfer/sec:,642.27KB\n")
1.84ms,735.48us,24.29ms,1923.16\nTransfer/sec:,642.26KB\n")
87.34ms,407.68ms,3.32s,1925.16\nTransfer/sec:,642.92KB\n")
45.38ms,231.65ms,3.28s,1925.23\nTransfer/sec:,642.95KB\n")
107.76ms,677.17ms,15.55s,1928.31\nTransfer/sec:,643.98KB\n")
149.96ms,629.17ms,6.55s,1853.13\nTransfer/sec:,618.87KB\n")
1.87ms,774.12us,21.73ms,1926.24\nTransfer/sec:,643.29KB\n")
13.51ms,97.74ms,1.89s,1929.30\nTransfer/sec:,644.31KB\n")
31.93ms,152.32ms,1.66s,1928.29\nTransfer/sec:,643.97KB\n")
194.39ms,618.80ms,6.55s,1929.30\nTransfer/sec:,644.31KB\n")
49.40ms,198.66ms,1.70s,1928.23\nTransfer/sec:,643.95KB\n")
15.78ms,110.85ms,1.64s,1900.75\nTransfer/sec:,634.77KB\n")
4.78ms,7.27ms,156.93ms,1926.43\nTransfer/sec:,643.35KB\n")
129.06ms,506.79ms,3.32s,1937.08\nTransfer/sec:,646.90KB\n")
182.28ms,587.48ms,3.35s,1939.16\nTransfer/sec:,647.60KB\n")
66.99ms,249.92ms,1.73s,1941.14\nTransfer/sec:,648.26KB\n")
91.88ms,345.97ms,3.28s,1937.81\nTransfer/sec:,647.15KB\n")
2.04ms,703.07us,21.23ms,1944.79\nTransfer/sec:,649.48KB\n")
43.41ms,220.09ms,1.73s,1942.09\nTransfer/sec:,648.58KB\n")
17.05ms,99.35ms,1.65s,1939.07\nTransfer/sec:,647.57KB\n")
36.29ms,177.01ms,1.65s,1932.14\nTransfer/sec:,645.26KB\n")
140.12ms,466.38ms,3.33s,1928.22\nTransfer/sec:,643.95KB\n")
218.82ms,661.32ms,3.36s,1898.90\nTransfer/sec:,634.15KB\n")
11.75ms,81.69ms,1.08s,1923.23\nTransfer/sec:,642.28KB\n")
1.79ms,754.91us,22.19ms,1922.26\nTransfer/sec:,641.96KB\n")
121.28ms,494.40ms,3.37s,1913.46\nTransfer/sec:,639.02KB\n")
202.49ms,601.84ms,3.33s,1907.31\nTransfer/sec:,636.96KB\n")
46.90ms,189.99ms,1.71s,1913.26\nTransfer/sec:,638.95KB\n")
38.55ms,185.52ms,1.64s,1912.34\nTransfer/sec:,638.64KB\n")
1.83ms,753.32us,23.95ms,1908.53\nTransfer/sec:,637.37KB\n")
116.82ms,465.12ms,3.36s,1895.02\nTransfer/sec:,632.86KB\n")
45.75ms,232.06ms,3.27s,1892.51\nTransfer/sec:,632.02KB\n")
69.00ms,247.01ms,1.74s,1886.74\nTransfer/sec:,630.09KB\n")
108.68ms,392.50ms,3.27s,1882.56\nTransfer/sec:,628.70KB\n")
2.57ms,4.68ms,147.71ms,1873.53\nTransfer/sec:,625.68KB\n")
13.53ms,80.89ms,1.09s,1866.60\nTransfer/sec:,623.37KB\n")
30.49ms,156.97ms,1.72s,1864.48\nTransfer/sec:,622.66KB\n")
99.79ms,336.95ms,3.27s,1864.99\nTransfer/sec:,622.83KB\n")
92.98ms,411.35ms,3.32s,1861.92\nTransfer/sec:,621.80KB\n")
136.83ms,518.05ms,3.35s,1859.29\nTransfer/sec:,620.93KB\n")
2.11ms,736.82us,19.02ms,1843.07\nTransfer/sec:,615.51KB\n")
8.49ms,12.57ms,179.07ms,1843.83\nTransfer/sec:,615.76KB\n")
59.52ms,253.18ms,1.71s,1841.27\nTransfer/sec:,614.90KB\n")
103.12ms,352.82ms,3.28s,1829.59\nTransfer/sec:,611.00KB\n")
63.40ms,243.91ms,3.27s,1829.63\nTransfer/sec:,611.02KB\n")
54.21ms,291.29ms,6.54s,1824.50\nTransfer/sec:,609.31KB\n")
1.85ms,742.43us,23.38ms,1819.74\nTransfer/sec:,607.71KB\n")
30.10ms,146.37ms,1.65s,1819.74\nTransfer/sec:,607.72KB\n")
211.59ms,617.39ms,6.54s,1822.38\nTransfer/sec:,608.60KB\n")
28.13ms,130.15ms,1.65s,1822.32\nTransfer/sec:,608.58KB\n")
17.48ms,117.82ms,1.64s,1793.49\nTransfer/sec:,598.95KB\n")
1.90ms,0.88ms,25.06ms,1823.43\nTransfer/sec:,608.95KB\n")
162.04ms,583.69ms,3.36s,1822.34\nTransfer/sec:,608.58KB\n")
59.49ms,311.16ms,3.29s,1821.45\nTransfer/sec:,608.28KB\n")
1.85ms,690.95us,21.42ms,1822.34\nTransfer/sec:,608.58KB\n")
13.16ms,87.56ms,1.64s,1823.47\nTransfer/sec:,608.96KB\n")
44.46ms,223.07ms,1.74s,1823.38\nTransfer/sec:,608.93KB\n")
36.60ms,185.52ms,1.69s,1823.40\nTransfer/sec:,608.94KB\n")
15.21ms,95.08ms,1.64s,1824.48\nTransfer/sec:,609.30KB\n")
51.11ms,220.74ms,1.75s,1830.40\nTransfer/sec:,611.28KB\n")
23.33ms,132.25ms,1.64s,1809.52\nTransfer/sec:,604.30KB\n")
11.70ms,16.53ms,199.68ms,1841.04\nTransfer/sec:,614.83KB\n")
91.09ms,289.26ms,1.72s,1850.37\nTransfer/sec:,617.94KB\n")
22.41ms,110.10ms,1.63s,1852.45\nTransfer/sec:,618.64KB\n")
166.65ms,597.04ms,6.55s,1863.89\nTransfer/sec:,622.46KB\n")
19.27ms,101.24ms,846.34ms,1861.27\nTransfer/sec:,621.58KB\n")
1.79ms,795.86us,22.11ms,1879.72\nTransfer/sec:,627.75KB\n")
41.90ms,212.70ms,1.73s,1883.54\nTransfer/sec:,629.02KB\n")
379.46ms,1.06s,6.56s,1896.65\nTransfer/sec:,633.40KB\n")
87.60ms,287.53ms,1.74s,1907.56\nTransfer/sec:,637.05KB\n")
60.04ms,261.98ms,1.72s,1882.74\nTransfer/sec:,628.76KB\n")
1.77ms,702.98us,22.37ms,1928.25\nTransfer/sec:,643.95KB\n")
1.75ms,723.68us,25.49ms,1940.11\nTransfer/sec:,647.92KB\n")
280.60ms,735.65ms,6.55s,1950.03\nTransfer/sec:,651.23KB\n")
180.66ms,576.07ms,3.35s,1963.69\nTransfer/sec:,655.79KB\n")
112.82ms,460.08ms,3.33s,1977.56\nTransfer/sec:,660.43KB\n")
1.82ms,756.84us,26.53ms,1990.46\nTransfer/sec:,664.73KB\n")
1.85ms,0.89ms,24.82ms,2000.21\nTransfer/sec:,667.99KB\n")
140.73ms,517.22ms,3.32s,2008.15\nTransfer/sec:,670.63KB\n")
153.52ms,525.48ms,3.35s,2021.96\nTransfer/sec:,675.23KB\n")
51.93ms,265.30ms,3.28s,2036.84\nTransfer/sec:,680.19KB\n")
143.18ms,493.62ms,3.31s,2051.50\nTransfer/sec:,685.07KB\n")
2.56ms,4.80ms,161.41ms,2059.51\nTransfer/sec:,687.74KB\n")
2.03ms,806.76us,25.79ms,2082.06\nTransfer/sec:,695.28KB\n")
144.19ms,539.07ms,3.36s,2097.19\nTransfer/sec:,700.33KB\n")
86.74ms,334.49ms,3.30s,2105.20\nTransfer/sec:,703.01KB\n")
198.77ms,610.16ms,3.35s,2130.58\nTransfer/sec:,711.48KB\n")
162.68ms,545.40ms,3.34s,2145.42\nTransfer/sec:,716.44KB\n")
162.03ms,552.60ms,3.34s,2160.24\nTransfer/sec:,721.39KB\n")
1.83ms,0.86ms,32.32ms,2173.82\nTransfer/sec:,725.92KB\n")
1.85ms,746.24us,22.51ms,2189.00\nTransfer/sec:,730.99KB\n")
151.69ms,557.66ms,3.36s,2193.83\nTransfer/sec:,732.60KB\n")
87.53ms,379.93ms,3.31s,2212.42\nTransfer/sec:,738.81KB\n")
54.45ms,244.83ms,3.27s,2223.29\nTransfer/sec:,742.44KB\n")
78.91ms,359.67ms,3.32s,2236.22\nTransfer/sec:,746.76KB\n")
1.82ms,792.29us,22.48ms,2226.14\nTransfer/sec:,743.40KB\n")
1.94ms,740.72us,21.78ms,2261.96\nTransfer/sec:,755.36KB\n")
300.41ms,760.54ms,3.36s,2272.78\nTransfer/sec:,758.97KB\n")
126.69ms,452.58ms,3.30s,2282.70\nTransfer/sec:,762.29KB\n")
96.93ms,405.24ms,3.36s,2288.59\nTransfer/sec:,764.26KB\n")
84.13ms,395.53ms,3.32s,2299.46\nTransfer/sec:,767.89KB\n")
13.02ms,85.08ms,1.12s,2299.20\nTransfer/sec:,767.80KB\n")
1.84ms,742.77us,25.07ms,2313.09\nTransfer/sec:,772.44KB\n")
47.32ms,220.19ms,1.73s,2312.97\nTransfer/sec:,772.40KB\n")
289.66ms,717.17ms,8.38s,2327.09\nTransfer/sec:,777.11KB\n")
64.68ms,261.03ms,1.66s,2332.02\nTransfer/sec:,778.76KB\n")
1.83ms,693.51us,23.39ms,2335.93\nTransfer/sec:,780.06KB\n")
190.25ms,611.85ms,3.36s,2341.91\nTransfer/sec:,782.06KB\n")
127.17ms,503.65ms,3.33s,2349.74\nTransfer/sec:,784.68KB\n")
304.73ms,764.99ms,3.36s,2353.74\nTransfer/sec:,786.01KB\n")
168.31ms,554.09ms,3.35s,2357.59\nTransfer/sec:,787.30KB\n")
17.32ms,132.63ms,1.66s,2306.53\nTransfer/sec:,770.24KB\n")
1.82ms,708.25us,21.68ms,2370.47\nTransfer/sec:,791.60KB\n")
131.94ms,490.07ms,3.32s,2377.39\nTransfer/sec:,793.91KB\n")
858.10ms,2.46s,30.83s,2375.89\nTransfer/sec:,793.41KB\n")
201.36ms,631.39ms,3.37s,2361.31\nTransfer/sec:,788.54KB\n")
1.88ms,804.39us,25.17ms,2390.29\nTransfer/sec:,798.22KB\n")
50.52ms,244.99ms,3.27s,2391.14\nTransfer/sec:,798.51KB\n")
183.75ms,576.43ms,3.34s,2394.16\nTransfer/sec:,799.51KB\n")
910.94ms,1.75s,6.63s,2396.16\nTransfer/sec:,800.18KB\n")
3.02ms,24.21ms,820.22ms,2398.29\nTransfer/sec:,800.89KB\n")
2.46s,3.97s,31.08s,2406.36\nTransfer/sec:,803.59KB\n")
1.05s,1.85s,6.81s,2416.57\nTransfer/sec:,807.00KB\n")
60.50ms,333.01ms,3.28s,2422.66\nTransfer/sec:,809.03KB\n")
162.18ms,612.76ms,4.16s,2426.83\nTransfer/sec:,810.42KB\n")
1.12s,1.90s,6.64s,2428.70\nTransfer/sec:,811.05KB\n")
1.10s,1.87s,6.64s,2428.80\nTransfer/sec:,811.08KB\n")
51.12ms,299.88ms,3.27s,2431.75\nTransfer/sec:,812.07KB\n")
383.20ms,1.07s,5.76s,2437.67\nTransfer/sec:,814.05KB\n")
1.02s,1.83s,6.95s,2443.50\nTransfer/sec:,815.99KB\n")
942.26ms,1.73s,6.64s,2445.50\nTransfer/sec:,816.66KB\n")
71.14ms,395.19ms,3.32s,2343.30\nTransfer/sec:,782.53KB\n")
692.51ms,1.61s,6.64s,2458.38\nTransfer/sec:,820.96KB\n")
895.57ms,1.68s,6.64s,2461.23\nTransfer/sec:,821.91KB\n")
674.68ms,1.69s,6.64s,2243.43\nTransfer/sec:,749.17KB\n")
1.97ms,0.86ms,26.21ms,2466.23\nTransfer/sec:,823.58KB\n")
211.16ms,628.71ms,3.37s,2468.37\nTransfer/sec:,824.30KB\n")
185.86ms,618.53ms,3.36s,2473.04\nTransfer/sec:,825.86KB\n")
180.84ms,574.35ms,3.35s,2464.54\nTransfer/sec:,823.02KB\n")
184.61ms,617.31ms,3.36s,2468.32\nTransfer/sec:,824.28KB\n")
1.79ms,754.64us,23.18ms,2437.06\nTransfer/sec:,813.84KB\n")
1.87ms,1.54ms,56.10ms,2458.46\nTransfer/sec:,820.99KB\n")
279.37ms,732.79ms,3.37s,2446.90\nTransfer/sec:,817.13KB\n")
866.10ms,2.29s,26.18s,2444.21\nTransfer/sec:,816.23KB\n")
4.42ms,30.00ms,819.71ms,2449.48\nTransfer/sec:,817.99KB\n")
3.62ms,8.01ms,199.04ms,2440.90\nTransfer/sec:,815.12KB\n")
179.64ms,608.36ms,3.36s,2453.33\nTransfer/sec:,819.27KB\n")
333.39ms,759.17ms,3.36s,2454.29\nTransfer/sec:,819.60KB\n")
212.55ms,635.05ms,3.36s,2453.42\nTransfer/sec:,819.30KB\n")
14.91ms,87.19ms,1.10s,2384.38\nTransfer/sec:,796.25KB\n")
3.75ms,8.10ms,177.92ms,2435.94\nTransfer/sec:,813.47KB\n")
173.99ms,601.01ms,3.37s,2437.68\nTransfer/sec:,814.05KB\n")
531.18ms,1.32s,14.48s,2428.81\nTransfer/sec:,811.09KB\n")
210.41ms,576.22ms,3.36s,2414.38\nTransfer/sec:,806.26KB\n")
34.74ms,188.72ms,1.65s,2406.98\nTransfer/sec:,803.80KB\n")
1.94ms,1.31ms,40.86ms,2411.81\nTransfer/sec:,805.41KB\n")
175.12ms,601.40ms,3.38s,2413.82\nTransfer/sec:,806.08KB\n")
175.37ms,602.81ms,3.37s,2408.95\nTransfer/sec:,804.45KB\n")
153.17ms,559.55ms,3.35s,2406.11\nTransfer/sec:,803.50KB\n")
104.84ms,444.87ms,3.33s,2401.04\nTransfer/sec:,801.81KB\n")
52.59ms,288.83ms,3.28s,2397.20\nTransfer/sec:,800.53KB\n")
1.81ms,697.19us,23.76ms,2391.19\nTransfer/sec:,798.52KB\n")
399.32ms,949.88ms,6.55s,2386.25\nTransfer/sec:,796.87KB\n")
702.50ms,3.06s,26.20s,2220.52\nTransfer/sec:,741.53KB\n")
15.11ms,107.68ms,1.65s,2245.73\nTransfer/sec:,749.94KB\n")
1.80ms,727.21us,25.38ms,2366.51\nTransfer/sec:,790.28KB\n")
1.79ms,728.45us,28.53ms,2359.63\nTransfer/sec:,787.98KB\n")
293.12ms,750.29ms,3.35s,2350.80\nTransfer/sec:,785.03KB\n")
183.42ms,615.50ms,3.37s,2335.47\nTransfer/sec:,779.91KB\n")
185.14ms,610.14ms,3.36s,2342.91\nTransfer/sec:,782.39KB\n")
201.14ms,609.68ms,3.32s,2338.89\nTransfer/sec:,781.05KB\n")
3.15ms,8.22ms,197.38ms,2324.93\nTransfer/sec:,776.39KB\n")
517.78ms,1.80s,26.18s,2324.96\nTransfer/sec:,776.40KB\n")
223.17ms,615.41ms,3.36s,2318.08\nTransfer/sec:,774.10KB\n")
276.94ms,721.98ms,3.35s,2307.25\nTransfer/sec:,770.49KB\n")
149.11ms,553.56ms,3.33s,2296.33\nTransfer/sec:,766.84KB\n")
2.16ms,802.51us,22.82ms,2281.74\nTransfer/sec:,761.96KB\n")
76.40ms,368.35ms,3.32s,2268.79\nTransfer/sec:,757.64KB\n")
144.48ms,485.32ms,3.34s,2251.87\nTransfer/sec:,751.99KB\n")
178.10ms,608.22ms,3.37s,2251.27\nTransfer/sec:,751.79KB\n")
208.12ms,626.41ms,3.36s,2243.94\nTransfer/sec:,749.34KB\n")
7.07ms,75.16ms,1.92s,2148.78\nTransfer/sec:,717.56KB\n")
1.81ms,795.56us,28.14ms,2232.25\nTransfer/sec:,745.44KB\n")
96.25ms,430.29ms,3.32s,2229.53\nTransfer/sec:,744.53KB\n")
207.11ms,631.34ms,3.40s,2218.52\nTransfer/sec:,740.85KB\n")
113.77ms,476.19ms,3.34s,2208.70\nTransfer/sec:,737.57KB\n")
178.57ms,604.45ms,3.36s,2195.69\nTransfer/sec:,733.23KB\n")
11.12ms,83.67ms,1.64s,2184.72\nTransfer/sec:,729.56KB\n")
3.30ms,4.87ms,84.54ms,2167.67\nTransfer/sec:,723.87KB\n")
61.85ms,303.30ms,3.29s,2158.77\nTransfer/sec:,720.89KB\n")
207.73ms,627.99ms,3.36s,2157.35\nTransfer/sec:,720.42KB\n")
147.17ms,550.97ms,3.35s,2148.56\nTransfer/sec:,717.49KB\n")
236.63ms,672.58ms,3.36s,2140.54\nTransfer/sec:,714.81KB\n")
1.79ms,761.62us,31.71ms,2131.50\nTransfer/sec:,711.79KB\n")
1.88ms,0.96ms,30.21ms,2127.89\nTransfer/sec:,710.58KB\n")
1.03s,1.94s,13.09s,2117.70\nTransfer/sec:,707.18KB\n")
44.55ms,274.34ms,3.28s,2028.32\nTransfer/sec:,677.34KB\n")
2.03ms,0.88ms,31.26ms,2113.53\nTransfer/sec:,705.79KB\n")
195.52ms,602.37ms,3.36s,2107.06\nTransfer/sec:,703.63KB\n")
170.46ms,595.40ms,3.35s,2099.01\nTransfer/sec:,700.94KB\n")
176.36ms,598.22ms,3.37s,2091.97\nTransfer/sec:,698.59KB\n")
3.28ms,32.30ms,1.64s,2019.36\nTransfer/sec:,674.37KB\n")
2.06ms,753.09us,22.30ms,2082.12\nTransfer/sec:,695.30KB\n")
164.44ms,585.86ms,3.36s,2073.30\nTransfer/sec:,692.35KB\n")
