latecny Avg(),Latency SD (),latency max (),\nTransfer/sec:,,If SLA Violation,,,
29.66,9.6,65.44,1527.92\nTransfer/sec:,"510.25KB\n"")",0,average latency,98.70909823,ms
29.52,9.5,64.61,1531.66\nTransfer/sec:,"511.50KB\n"")",0,counif SLA violation,645,
63.61,158.52,1.80s,1531.92\nTransfer/sec:,"511.59KB\n"")",1,SLA violation %,10.37811746,%
45.9,93.99,976.9,1531.88\nTransfer/sec:,"511.58KB\n"")",0,,,
71.63,198.22,1.97s,1531.84\nTransfer/sec:,"511.56KB\n"")",1,,,
69.78,201.07,1.84s,1531.71\nTransfer/sec:,"511.52KB\n"")",1,,,
52.08,134.81,1.76s,1531.90\nTransfer/sec:,"511.58KB\n"")",0,,,
48.49,73.95,971.26,1525.89\nTransfer/sec:,"509.57KB\n"")",0,,,
31.71,28.38,490.24,1501.60\nTransfer/sec:,"501.46KB\n"")",0,,,
32.97,10.13,70.02,1531.74\nTransfer/sec:,"511.53KB\n"")",0,,,
32.76,10.15,65.15,1531.96\nTransfer/sec:,"511.60KB\n"")",0,,,
79.08,226.53,1.88s,1528.13\nTransfer/sec:,"510.32KB\n"")",1,,,
40.62,79.1,951.3,1534.83\nTransfer/sec:,"512.56KB\n"")",0,,,
86.06,245.71,1.84s,1537.64\nTransfer/sec:,"513.50KB\n"")",1,,,
81.54,217.49,2.04s,1535.90\nTransfer/sec:,"512.92KB\n"")",1,,,
86.14,242.35,2.05s,1544.59\nTransfer/sec:,"515.82KB\n"")",1,,,
45.64,108.59,1.79s,1548.54\nTransfer/sec:,"517.14KB\n"")",0,,,
65.31,130.35,1.25s,1545.40\nTransfer/sec:,"516.09KB\n"")",1,,,
32.98,10.16,65.38,1554.54\nTransfer/sec:,"519.14KB\n"")",0,,,
32.79,10.12,63.87,1556.41\nTransfer/sec:,"519.77KB\n"")",0,,,
43.97,88.96,975.36,1560.42\nTransfer/sec:,"521.11KB\n"")",0,,,
96.24,253.54,2.02s,1561.20\nTransfer/sec:,"521.37KB\n"")",1,,,
51.55,86.94,964.1,1570.36\nTransfer/sec:,"524.43KB\n"")",0,,,
48.56,104.82,1.68s,1580.13\nTransfer/sec:,"527.69KB\n"")",0,,,
46.52,96.52,988.16,1587.15\nTransfer/sec:,"530.03KB\n"")",0,,,
50.46,113.5,1.69s,1589.98\nTransfer/sec:,"530.98KB\n"")",0,,,
84.97,241.08,1.83s,1593.95\nTransfer/sec:,"532.31KB\n"")",1,,,
33.07,10.26,265.47,1590.39\nTransfer/sec:,"531.12KB\n"")",0,,,
33.16,10.13,67.58,1597.87\nTransfer/sec:,"533.61KB\n"")",0,,,
33.07,11.23,369.15,1595.96\nTransfer/sec:,"532.98KB\n"")",0,,,
53.99,122.86,1.69s,1597.97\nTransfer/sec:,"533.65KB\n"")",0,,,
50.66,110.77,980.99,1601.79\nTransfer/sec:,"534.92KB\n"")",0,,,
100.04,276.76,1.85s,1603.78\nTransfer/sec:,"535.59KB\n"")",1,,,
64.07,195.93,1.77s,1605.82\nTransfer/sec:,"536.27KB\n"")",1,,,
42.51,82.02,950.78,1607.72\nTransfer/sec:,"536.90KB\n"")",0,,,
87.79,247.73,1.84s,1613.62\nTransfer/sec:,"538.87KB\n"")",1,,,
42.34,82.17,986.11,1609.73\nTransfer/sec:,"537.58KB\n"")",0,,,
32.63,10.15,83.58,1617.61\nTransfer/sec:,"540.21KB\n"")",0,,,
41.04,17.63,256.13,1613.39\nTransfer/sec:,"538.80KB\n"")",0,,,
52.79,117.48,1.00s,1620.29\nTransfer/sec:,"541.10KB\n"")",0,,,
45.47,101.68,1.74s,1620.54\nTransfer/sec:,"541.19KB\n"")",0,,,
49.27,106.1,981.5,1623.51\nTransfer/sec:,"542.18KB\n"")",0,,,
114.47,304.7,1.96s,1622.46\nTransfer/sec:,"541.83KB\n"")",1,,,
79.09,240.47,1.84s,1620.64\nTransfer/sec:,"541.22KB\n"")",1,,,
79.83,226.66,1.96s,1617.69\nTransfer/sec:,"540.24KB\n"")",1,,,
47.75,80.19,1.82s,1588.19\nTransfer/sec:,"530.38KB\n"")",0,,,
33.11,10.45,101.44,1615.76\nTransfer/sec:,"539.59KB\n"")",0,,,
33.21,10.11,75.26,1616.81\nTransfer/sec:,"539.94KB\n"")",0,,,
62.95,81.43,960,1605.07\nTransfer/sec:,"536.02KB\n"")",1,,,
52.76,91.94,1.00s,1611.25\nTransfer/sec:,"538.08KB\n"")",0,,,
60.37,181.84,1.82s,1615.59\nTransfer/sec:,"539.53KB\n"")",1,,,
76.37,118.73,1.06s,1602.66\nTransfer/sec:,"535.22KB\n"")",1,,,
55.18,124.44,1.00s,1609.66\nTransfer/sec:,"537.55KB\n"")",0,,,
46.52,99.62,985.09,1604.73\nTransfer/sec:,"535.90KB\n"")",0,,,
51.34,141.82,1.79s,1599.73\nTransfer/sec:,"534.23KB\n"")",0,,,
36.53,55.37,899.58,1598.74\nTransfer/sec:,"533.90KB\n"")",0,,,
49.75,23.15,253.44,1590.68\nTransfer/sec:,"531.21KB\n"")",0,,,
32.89,10.16,72.51,1592.00\nTransfer/sec:,"531.65KB\n"")",0,,,
66.68,205.73,1.82s,1590.98\nTransfer/sec:,"531.32KB\n"")",1,,,
53.01,117.25,1.00s,1592.94\nTransfer/sec:,"531.97KB\n"")",0,,,
62.86,151.66,1.82s,1587.11\nTransfer/sec:,"530.02KB\n"")",1,,,
118.57,353.56,3.37s,1591.01\nTransfer/sec:,"531.32KB\n"")",1,,,
49.6,105.11,998.4,1590.93\nTransfer/sec:,"531.30KB\n"")",0,,,
84.86,232.66,1.83s,1584.77\nTransfer/sec:,"529.24KB\n"")",1,,,
38.66,68.73,981.5,1570.94\nTransfer/sec:,"524.62KB\n"")",0,,,
33.12,10.17,72,1584.01\nTransfer/sec:,"528.99KB\n"")",0,,,
40.2,16.24,181.89,1576.98\nTransfer/sec:,"526.64KB\n"")",0,,,
43.64,81.67,956.42,1582.03\nTransfer/sec:,"528.32KB\n"")",0,,,
86.05,245.28,1.84s,1583.01\nTransfer/sec:,"528.65KB\n"")",1,,,
54.15,134.14,1.95s,1580.99\nTransfer/sec:,"527.98KB\n"")",0,,,
41.86,79.94,946.69,1581.24\nTransfer/sec:,"528.06KB\n"")",0,,,
54.01,145.73,1.84s,1581.13\nTransfer/sec:,"528.02KB\n"")",0,,,
42.9,82.3,972.29,1582.06\nTransfer/sec:,"528.33KB\n"")",0,,,
57.64,149.56,1.76s,1585.03\nTransfer/sec:,"529.33KB\n"")",0,,,
33.25,10.15,69.95,1584.94\nTransfer/sec:,"529.30KB\n"")",0,,,
39.88,16.2,240.26,1580.36\nTransfer/sec:,"527.77KB\n"")",0,,,
81.94,240.96,1.88s,1583.17\nTransfer/sec:,"528.70KB\n"")",1,,,
44.49,101.5,1.74s,1580.21\nTransfer/sec:,"527.72KB\n"")",0,,,
48.67,105.67,983.04,1578.11\nTransfer/sec:,"527.02KB\n"")",0,,,
40.31,78.77,939.52,1578.17\nTransfer/sec:,"527.04KB\n"")",0,,,
56.89,146.23,1.71s,1576.12\nTransfer/sec:,"526.35KB\n"")",0,,,
43.36,93.45,1.68s,1575.18\nTransfer/sec:,"526.04KB\n"")",0,,,
87.86,247.68,1.88s,1570.45\nTransfer/sec:,"524.46KB\n"")",1,,,
31.98,11.4,64.26,1574.98\nTransfer/sec:,"525.97KB\n"")",0,,,
32.99,10.22,80.26,1573.23\nTransfer/sec:,"525.39KB\n"")",0,,,
47.16,22.33,242.94,1569.00\nTransfer/sec:,"523.97KB\n"")",0,,,
50.66,112.4,1.69s,1571.28\nTransfer/sec:,"524.73KB\n"")",0,,,
79.4,224.64,1.96s,1569.12\nTransfer/sec:,"524.01KB\n"")",1,,,
52.33,84.15,953.86,1563.86\nTransfer/sec:,"522.26KB\n"")",0,,,
48.72,103.67,1.09s,1567.22\nTransfer/sec:,"523.38KB\n"")",0,,,
45.67,97.56,1.68s,1566.28\nTransfer/sec:,"523.06KB\n"")",0,,,
67.17,99.09,1.01s,1554.84\nTransfer/sec:,"519.24KB\n"")",1,,,
41.27,84.4,1.69s,1520.57\nTransfer/sec:,"507.80KB\n"")",0,,,
39.05,16.65,245.76,1555.34\nTransfer/sec:,"519.41KB\n"")",0,,,
33.6,10.15,71.36,1559.44\nTransfer/sec:,"520.78KB\n"")",0,,,
58.84,103.72,1.72s,1554.63\nTransfer/sec:,"519.17KB\n"")",0,,,
43.82,82.87,975.36,1561.32\nTransfer/sec:,"521.41KB\n"")",0,,,
42.57,83.35,956.93,1560.47\nTransfer/sec:,"521.13KB\n"")",0,,,
52.04,92.18,957.44,1553.35\nTransfer/sec:,"518.74KB\n"")",0,,,
46.96,94.72,1.23s,1558.29\nTransfer/sec:,"520.39KB\n"")",0,,,
49.76,73.8,958.46,1550.94\nTransfer/sec:,"517.94KB\n"")",0,,,
55.79,167.32,1.80s,1550.45\nTransfer/sec:,"517.78KB\n"")",0,,,
31.51,21.96,454.66,1548.37\nTransfer/sec:,"517.08KB\n"")",0,,,
33.34,10.11,62.98,1541.66\nTransfer/sec:,"514.84KB\n"")",0,,,
32.9,10.12,62.66,1539.56\nTransfer/sec:,"514.14KB\n"")",0,,,
41.24,18.78,622.08,1532.31\nTransfer/sec:,"511.72KB\n"")",0,,,
45.19,104.5,1.78s,1536.72\nTransfer/sec:,"513.19KB\n"")",0,,,
42.46,85.61,945.15,1540.70\nTransfer/sec:,"514.52KB\n"")",0,,,
68.07,148.29,1.80s,1535.32\nTransfer/sec:,"512.72KB\n"")",1,,,
64.52,131.54,1.79s,1534.74\nTransfer/sec:,"512.53KB\n"")",1,,,
87.13,240.38,1.88s,1534.75\nTransfer/sec:,"512.53KB\n"")",1,,,
82.71,211.35,1.86s,1535.97\nTransfer/sec:,"512.94KB\n"")",1,,,
72.5,231.02,1.99s,1540.57\nTransfer/sec:,"514.48KB\n"")",1,,,
47.74,22.81,235.26,1533.53\nTransfer/sec:,"512.12KB\n"")",0,,,
43.78,20.02,250.11,1532.80\nTransfer/sec:,"511.88KB\n"")",0,,,
65.95,130.07,1.95s,1530.13\nTransfer/sec:,"510.99KB\n"")",1,,,
94.35,245.28,1.87s,1527.60\nTransfer/sec:,"510.15KB\n"")",1,,,
59.18,145.69,1.76s,1529.76\nTransfer/sec:,"510.87KB\n"")",0,,,
85.14,235.78,1.96s,1526.68\nTransfer/sec:,"509.84KB\n"")",1,,,
45.47,111.46,1.76s,1524.91\nTransfer/sec:,"509.25KB\n"")",0,,,
48.66,103.3,979.46,1524.08\nTransfer/sec:,"508.97KB\n"")",0,,,
38.54,67.86,917.5,1496.44\nTransfer/sec:,"499.74KB\n"")",0,,,
33.43,10.12,66.5,1521.90\nTransfer/sec:,"508.24KB\n"")",0,,,
40.8,17.37,207.36,1514.87\nTransfer/sec:,"505.89KB\n"")",0,,,
69.53,205.85,1.87s,1518.99\nTransfer/sec:,"507.27KB\n"")",1,,,
54.15,149.19,1.80s,1513.08\nTransfer/sec:,"505.30KB\n"")",0,,,
62.85,117.57,1.04s,1509.37\nTransfer/sec:,"504.06KB\n"")",1,,,
57.53,147.68,1.79s,1509.07\nTransfer/sec:,"503.96KB\n"")",0,,,
45.21,92.39,1.18s,1505.89\nTransfer/sec:,"502.90KB\n"")",0,,,
89.75,248.39,1.95s,1504.25\nTransfer/sec:,"502.35KB\n"")",1,,,
82.22,239.85,1.82s,1500.22\nTransfer/sec:,"501.00KB\n"")",1,,,
31.53,11.85,67.97,1504.93\nTransfer/sec:,"502.57KB\n"")",0,,,
32.96,10.12,70.91,1507.01\nTransfer/sec:,"503.27KB\n"")",0,,,
33.39,10.13,71.17,1506.77\nTransfer/sec:,"503.19KB\n"")",0,,,
41.44,78.19,942.08,1504.95\nTransfer/sec:,"502.58KB\n"")",0,,,
67.99,207.58,1.82s,1502.33\nTransfer/sec:,"501.70KB\n"")",1,,,
59.51,130.13,1.95s,1492.43\nTransfer/sec:,"498.40KB\n"")",0,,,
55.37,130.32,1.69s,1488.28\nTransfer/sec:,"497.01KB\n"")",0,,,
50.16,124.15,1.75s,1483.52\nTransfer/sec:,"495.42KB\n"")",0,,,
58.87,177.95,1.80s,1481.52\nTransfer/sec:,"494.76KB\n"")",0,,,
34.06,43.04,976.9,1482.41\nTransfer/sec:,"495.05KB\n"")",0,,,
48.6,22.42,226.3,1472.89\nTransfer/sec:,"491.87KB\n"")",0,,,
33.2,10.43,661.5,1476.31\nTransfer/sec:,"493.02KB\n"")",0,,,
50.22,109.96,990.21,1479.42\nTransfer/sec:,"494.06KB\n"")",0,,,
62.53,153.28,1.83s,1474.70\nTransfer/sec:,"492.48KB\n"")",1,,,
89.18,251.08,1.86s,1484.50\nTransfer/sec:,"495.75KB\n"")",1,,,
41.56,83.77,940.54,1487.13\nTransfer/sec:,"496.63KB\n"")",0,,,
74.64,211.71,2.66s,1493.49\nTransfer/sec:,"498.75KB\n"")",1,,,
50.15,139.41,1.79s,1499.21\nTransfer/sec:,"500.67KB\n"")",0,,,
65.8,205.45,1.96s,1504.13\nTransfer/sec:,"502.31KB\n"")",1,,,
48.16,22.37,231.42,1502.52\nTransfer/sec:,"501.77KB\n"")",0,,,
32.93,10.18,69.57,1509.97\nTransfer/sec:,"504.26KB\n"")",0,,,
75.89,223.42,1.99s,1515.00\nTransfer/sec:,"505.94KB\n"")",1,,,
41.19,78.94,965.63,1522.92\nTransfer/sec:,"508.58KB\n"")",0,,,
81.81,238.16,1.83s,1535.50\nTransfer/sec:,"512.78KB\n"")",1,,,
44.89,96.98,1.69s,1548.42\nTransfer/sec:,"517.10KB\n"")",0,,,
44.79,93.81,951.81,1556.35\nTransfer/sec:,"519.75KB\n"")",0,,,
43.34,86.21,952.32,1570.34\nTransfer/sec:,"524.42KB\n"")",0,,,
85.37,239.67,1.84s,1581.40\nTransfer/sec:,"528.11KB\n"")",1,,,
32.72,10.18,90.37,1592.99\nTransfer/sec:,"531.98KB\n"")",0,,,
33.1,10.2,68.16,1603.90\nTransfer/sec:,"535.63KB\n"")",0,,,
76.81,226.14,1.87s,1607.76\nTransfer/sec:,"536.92KB\n"")",1,,,
88.05,248.42,1.84s,1612.55\nTransfer/sec:,"538.52KB\n"")",1,,,
67.1,177.88,1.96s,1624.55\nTransfer/sec:,"542.52KB\n"")",1,,,
89.31,246.91,1.83s,1639.50\nTransfer/sec:,"547.52KB\n"")",1,,,
56.5,141.94,1.80s,1653.08\nTransfer/sec:,"552.05KB\n"")",0,,,
68.24,200.15,1.83s,1668.98\nTransfer/sec:,"557.36KB\n"")",1,,,
55.01,95.27,1.03s,1682.55\nTransfer/sec:,"561.90KB\n"")",0,,,
38.82,61.35,977.92,1708.50\nTransfer/sec:,"570.56KB\n"")",0,,,
33.7,10.3,99.39,1721.23\nTransfer/sec:,"574.81KB\n"")",0,,,
32.93,10.29,97.66,1735.12\nTransfer/sec:,"579.45KB\n"")",0,,,
82.99,247.06,1.85s,1749.88\nTransfer/sec:,"584.38KB\n"")",1,,,
42.99,83.23,973.82,1762.41\nTransfer/sec:,"588.57KB\n"")",0,,,
61.18,179.37,1.82s,1773.22\nTransfer/sec:,"592.18KB\n"")",1,,,
53.76,114.51,1.19s,1787.53\nTransfer/sec:,"596.96KB\n"")",0,,,
59.53,147.49,1.79s,1799.33\nTransfer/sec:,"600.90KB\n"")",0,,,
84.03,196.38,2.03s,1804.96\nTransfer/sec:,"602.78KB\n"")",1,,,
40.41,83.89,962.56,1812.25\nTransfer/sec:,"605.21KB\n"")",0,,,
39.38,15.91,220.8,1830.71\nTransfer/sec:,"611.38KB\n"")",0,,,
168.59,678.06,7.70s,1849.77\nTransfer/sec:,"617.75KB\n"")",1,,,
104.88,257.27,1.91s,1856.76\nTransfer/sec:,"620.08KB\n"")",1,,,
82.57,233.12,1.80s,1877.24\nTransfer/sec:,"626.92KB\n"")",1,,,
47.46,96.06,1.00s,1890.85\nTransfer/sec:,"631.47KB\n"")",0,,,
61.67,155.37,1.82s,1901.64\nTransfer/sec:,"635.07KB\n"")",1,,,
34.37,21.91,531.97,1897.49\nTransfer/sec:,"633.68KB\n"")",0,,,
128.59,459.95,3.41s,1929.60\nTransfer/sec:,"644.41KB\n"")",1,,,
51.08,103.97,1.01s,1943.29\nTransfer/sec:,"648.98KB\n"")",0,,,
169.05,500.88,7.44s,1957.34\nTransfer/sec:,"653.67KB\n"")",1,,,
86.18,229.34,1.81s,1973.86\nTransfer/sec:,"659.19KB\n"")",1,,,
104.83,299.37,2.00s,1963.64\nTransfer/sec:,"655.77KB\n"")",1,,,
38.46,16.71,281.34,2003.41\nTransfer/sec:,"669.02KB\n"")",0,,,
33.48,10.35,81.79,2037.87\nTransfer/sec:,"680.52KB\n"")",0,,,
325.62,738.47,4.13s,2057.72\nTransfer/sec:,"687.15KB\n"")",1,,,
127.75,289.19,2.23s,2075.59\nTransfer/sec:,"693.12KB\n"")",1,,,
288.33,693.53,3.60s,2092.66\nTransfer/sec:,"698.82KB\n"")",1,,,
30.89,12.22,916.99,2054.36\nTransfer/sec:,"686.03KB\n"")",0,,,
40.49,21.61,228.35,2121.30\nTransfer/sec:,"708.38KB\n"")",0,,,
84.58,199.36,1.81s,2132.43\nTransfer/sec:,"712.10KB\n"")",1,,,
63.3,168.78,1.76s,2150.54\nTransfer/sec:,"718.15KB\n"")",1,,,
158.32,437.3,7.20s,2164.52\nTransfer/sec:,"722.82KB\n"")",1,,,
142.9,358.78,3.41s,2171.27\nTransfer/sec:,"725.07KB\n"")",1,,,
29.39,11.04,85.12,2193.30\nTransfer/sec:,"732.43KB\n"")",0,,,
30.75,11.23,127.81,2206.69\nTransfer/sec:,"736.90KB\n"")",0,,,
279.17,700.89,4.00s,2222.82\nTransfer/sec:,"742.29KB\n"")",1,,,
206.85,558.57,3.40s,2236.31\nTransfer/sec:,"746.80KB\n"")",1,,,
130.53,432.74,3.37s,2254.38\nTransfer/sec:,"752.83KB\n"")",1,,,
176.06,526.19,3.40s,2270.20\nTransfer/sec:,"758.11KB\n"")",1,,,
71.76,211.55,2.11s,2275.37\nTransfer/sec:,"759.84KB\n"")",1,,,
32.17,14.2,130.3,2292.91\nTransfer/sec:,"765.70KB\n"")",0,,,
99.21,258.59,1.85s,2295.80\nTransfer/sec:,"766.66KB\n"")",1,,,
119.78,310.96,1.85s,2312.50\nTransfer/sec:,"772.24KB\n"")",1,,,
92.69,258.05,1.77s,2313.11\nTransfer/sec:,"772.44KB\n"")",1,,,
87.46,253.23,1.78s,2327.25\nTransfer/sec:,"777.17KB\n"")",1,,,
114.55,328.17,2.10s,2334.08\nTransfer/sec:,"779.45KB\n"")",1,,,
28.83,15.52,123.33,2340.29\nTransfer/sec:,"781.52KB\n"")",0,,,
32.28,14.29,137.98,2346.11\nTransfer/sec:,"783.46KB\n"")",0,,,
257.12,678.68,3.45s,2352.14\nTransfer/sec:,"785.48KB\n"")",1,,,
195.97,546.31,3.94s,2358.75\nTransfer/sec:,"787.69KB\n"")",1,,,
85.18,247.52,1.78s,2362.97\nTransfer/sec:,"789.10KB\n"")",1,,,
114.3,307.27,1.85s,2366.72\nTransfer/sec:,"790.35KB\n"")",1,,,
43.11,68.49,1.04s,2299.47\nTransfer/sec:,"767.89KB\n"")",0,,,
33.23,14.92,135.68,2374.59\nTransfer/sec:,"792.98KB\n"")",0,,,
261.92,674.73,3.47s,2380.43\nTransfer/sec:,"794.93KB\n"")",1,,,
138.57,347.07,2.25s,2403.19\nTransfer/sec:,"802.53KB\n"")",1,,,
336.15,757.94,3.76s,2416.23\nTransfer/sec:,"806.89KB\n"")",1,,,
91.43,262.79,1.78s,2421.96\nTransfer/sec:,"808.80KB\n"")",1,,,
123.24,316.08,1.98s,2425.08\nTransfer/sec:,"809.84KB\n"")",1,,,
38.07,66.68,916.99,2431.01\nTransfer/sec:,"811.82KB\n"")",0,,,
32.61,14.6,132.22,2431.03\nTransfer/sec:,"811.83KB\n"")",0,,,
96.42,264.42,1.79s,2432.81\nTransfer/sec:,"812.42KB\n"")",1,,,
316.89,708.86,3.50s,2426.22\nTransfer/sec:,"810.22KB\n"")",1,,,
265.39,688.64,3.43s,2435.89\nTransfer/sec:,"813.45KB\n"")",1,,,
326.14,795.7,3.76s,2438.00\nTransfer/sec:,"814.16KB\n"")",1,,,
117.91,414.94,3.64s,2437.22\nTransfer/sec:,"813.90KB\n"")",1,,,
34.41,15.15,133.12,2426.46\nTransfer/sec:,"810.30KB\n"")",0,,,
93.16,258.84,3.33s,2425.95\nTransfer/sec:,"810.13KB\n"")",1,,,
127.97,313.92,1.97s,2421.95\nTransfer/sec:,"808.79KB\n"")",1,,,
249.38,657.76,3.42s,2423.15\nTransfer/sec:,"809.20KB\n"")",1,,,
345.63,748.78,3.60s,2422.05\nTransfer/sec:,"808.83KB\n"")",1,,,
140.73,367.48,3.37s,2423.94\nTransfer/sec:,"809.46KB\n"")",1,,,
32.93,15.62,139.65,2430.94\nTransfer/sec:,"811.80KB\n"")",0,,,
32.5,16.28,147.84,2434.87\nTransfer/sec:,"813.11KB\n"")",0,,,
92.78,262.47,1.83s,2438.92\nTransfer/sec:,"814.46KB\n"")",1,,,
97.89,265.41,1.79s,2432.38\nTransfer/sec:,"812.28KB\n"")",1,,,
120.98,310.96,1.85s,2442.57\nTransfer/sec:,"815.68KB\n"")",1,,,
160.86,508.37,3.44s,2444.88\nTransfer/sec:,"816.45KB\n"")",1,,,
44.45,68.79,1.01s,2443.22\nTransfer/sec:,"815.90KB\n"")",0,,,
32.81,15.13,123.58,2454.65\nTransfer/sec:,"819.72KB\n"")",0,,,
205.09,585.59,3.41s,2452.41\nTransfer/sec:,"818.97KB\n"")",1,,,
105.73,283.63,3.50s,2440.79\nTransfer/sec:,"815.09KB\n"")",1,,,
134.35,323.92,2.57s,2433.13\nTransfer/sec:,"812.53KB\n"")",1,,,
150.2,428.04,3.38s,2434.93\nTransfer/sec:,"813.13KB\n"")",1,,,
93.3,268.13,1.82s,2424.01\nTransfer/sec:,"809.48KB\n"")",1,,,
32.5,17.6,918.53,2356.55\nTransfer/sec:,"786.95KB\n"")",0,,,
31.98,13.51,133.12,2395.50\nTransfer/sec:,"799.96KB\n"")",0,,,
263.67,683.57,3.45s,2390.51\nTransfer/sec:,"798.30KB\n"")",1,,,
132.09,339.3,2.02s,2386.66\nTransfer/sec:,"797.01KB\n"")",1,,,
121.61,315.63,2.02s,2383.64\nTransfer/sec:,"796.00KB\n"")",1,,,
120.37,314.89,3.46s,2381.50\nTransfer/sec:,"795.29KB\n"")",1,,,
68.91,218.31,2.07s,2311.88\nTransfer/sec:,"772.03KB\n"")",1,,,
32.27,14.71,149.12,2383.64\nTransfer/sec:,"796.00KB\n"")",0,,,
257.01,678.87,3.46s,2386.56\nTransfer/sec:,"796.98KB\n"")",1,,,
114.29,266.47,1.84s,2368.74\nTransfer/sec:,"791.02KB\n"")",1,,,
143.45,354.75,3.14s,2383.64\nTransfer/sec:,"796.00KB\n"")",1,,,
122.08,359.88,3.33s,2384.68\nTransfer/sec:,"796.35KB\n"")",1,,,
94.98,264.78,1.78s,2407.36\nTransfer/sec:,"803.92KB\n"")",1,,,
37.22,58.7,915.46,2432.14\nTransfer/sec:,"812.20KB\n"")",0,,,
36.3,22.63,305.15,2434.83\nTransfer/sec:,"813.10KB\n"")",0,,,
300.34,735.33,3.93s,2438.92\nTransfer/sec:,"814.46KB\n"")",1,,,
136.28,331.3,2.01s,2423.79\nTransfer/sec:,"809.41KB\n"")",1,,,
139.1,402.28,3.37s,2415.21\nTransfer/sec:,"806.54KB\n"")",1,,,
156.93,380,3.59s,2407.22\nTransfer/sec:,"803.88KB\n"")",1,,,
38.54,25.29,324.86,2393.63\nTransfer/sec:,"799.34KB\n"")",0,,,
36.17,28.35,460.29,2409.43\nTransfer/sec:,"804.62KB\n"")",0,,,
273.82,688.34,3.50s,2392.25\nTransfer/sec:,"798.88KB\n"")",1,,,
148.14,388.58,3.60s,2388.46\nTransfer/sec:,"797.61KB\n"")",1,,,
170.38,525.43,3.41s,2373.51\nTransfer/sec:,"792.62KB\n"")",1,,,
104.08,269.58,1.80s,2357.03\nTransfer/sec:,"787.11KB\n"")",1,,,
38.57,92.88,1.69s,2273.68\nTransfer/sec:,"759.28KB\n"")",0,,,
32.28,13.75,127.36,2342.17\nTransfer/sec:,"782.15KB\n"")",0,,,
39.52,23.41,354.56,2324.83\nTransfer/sec:,"776.36KB\n"")",0,,,
219.54,599.73,3.40s,2321.66\nTransfer/sec:,"775.30KB\n"")",1,,,
253.38,674.78,3.45s,2308.45\nTransfer/sec:,"770.89KB\n"")",1,,,
125.71,321.35,1.87s,2298.72\nTransfer/sec:,"767.64KB\n"")",1,,,
117.86,312.16,2.01s,2290.88\nTransfer/sec:,"765.02KB\n"")",1,,,
36.85,55.15,918.02,2278.23\nTransfer/sec:,"760.80KB\n"")",0,,,
39.68,22.4,301.82,2282.39\nTransfer/sec:,"762.19KB\n"")",0,,,
254.48,660.65,3.43s,2283.86\nTransfer/sec:,"762.67KB\n"")",1,,,
113.85,299.05,2.01s,2303.80\nTransfer/sec:,"769.34KB\n"")",1,,,
241.21,645.83,3.43s,2335.99\nTransfer/sec:,"780.09KB\n"")",1,,,
130.91,352.91,3.36s,2341.81\nTransfer/sec:,"782.03KB\n"")",1,,,
47.75,57.36,951.81,2308.58\nTransfer/sec:,"770.93KB\n"")",0,,,
32.59,14.66,124.1,2338.23\nTransfer/sec:,"780.84KB\n"")",0,,,
100.58,257.23,1.80s,2324.54\nTransfer/sec:,"776.26KB\n"")",1,,,
343.11,801,3.45s,2327.25\nTransfer/sec:,"777.17KB\n"")",1,,,
456.53,912.9,4.07s,2300.70\nTransfer/sec:,"768.30KB\n"")",1,,,
160.29,506.38,3.44s,2273.06\nTransfer/sec:,"759.07KB\n"")",1,,,
69.08,197.59,2.22s,2245.50\nTransfer/sec:,"749.86KB\n"")",1,,,
42.84,23.19,282.37,2243.71\nTransfer/sec:,"749.27KB\n"")",0,,,
89.38,253.54,1.79s,2251.28\nTransfer/sec:,"751.79KB\n"")",1,,,
93.74,260.21,1.83s,2256.18\nTransfer/sec:,"753.43KB\n"")",1,,,
84.36,248.96,1.79s,2257.11\nTransfer/sec:,"753.74KB\n"")",1,,,
199.22,589.28,3.41s,2256.01\nTransfer/sec:,"753.38KB\n"")",1,,,
188.66,481.9,4.08s,2239.47\nTransfer/sec:,"747.85KB\n"")",1,,,
34.9,24.92,397.06,2241.61\nTransfer/sec:,"748.57KB\n"")",0,,,
35.53,19.93,249.86,2233.05\nTransfer/sec:,"745.71KB\n"")",0,,,
188.31,520.76,3.96s,2238.43\nTransfer/sec:,"747.50KB\n"")",1,,,
101.91,269.31,1.78s,2236.36\nTransfer/sec:,"746.81KB\n"")",1,,,
95.34,253.8,1.78s,2225.29\nTransfer/sec:,"743.11KB\n"")",1,,,
294.29,752.34,3.43s,2231.79\nTransfer/sec:,"745.29KB\n"")",1,,,
29.84,11.78,104.26,2233.83\nTransfer/sec:,"745.97KB\n"")",0,,,
36.37,21.07,291.07,2229.20\nTransfer/sec:,"744.42KB\n"")",0,,,
86.76,253.86,1.80s,2238.33\nTransfer/sec:,"747.47KB\n"")",1,,,
103.7,286.82,1.80s,2237.33\nTransfer/sec:,"747.13KB\n"")",1,,,
95.32,264.79,1.86s,2238.41\nTransfer/sec:,"747.50KB\n"")",1,,,
213.15,579.25,3.67s,2222.98\nTransfer/sec:,"742.34KB\n"")",1,,,
28.14,14.74,123.07,2223.09\nTransfer/sec:,"742.38KB\n"")",0,,,
32.66,14.38,126.98,2209.88\nTransfer/sec:,"737.97KB\n"")",0,,,
39.21,21.09,266.5,2181.33\nTransfer/sec:,"728.43KB\n"")",0,,,
260.01,653.77,3.41s,2138.74\nTransfer/sec:,"714.21KB\n"")",1,,,
107.16,308.78,2.96s,2114.13\nTransfer/sec:,"705.99KB\n"")",1,,,
69.17,177.83,1.82s,2113.05\nTransfer/sec:,"705.63KB\n"")",1,,,
95.03,257.58,1.99s,2103.37\nTransfer/sec:,"702.40KB\n"")",1,,,
48.39,118.31,1.80s,2047.73\nTransfer/sec:,"683.81KB\n"")",0,,,
33.53,10.6,95.94,2100.28\nTransfer/sec:,"701.36KB\n"")",0,,,
33.58,10.57,88.45,2097.03\nTransfer/sec:,"700.28KB\n"")",0,,,
47.45,95.02,1.01s,2098.15\nTransfer/sec:,"700.65KB\n"")",0,,,
457.88,1.06s,7.57s,2098.17\nTransfer/sec:,"700.66KB\n"")",1,,,
136.43,333.51,2.05s,2095.39\nTransfer/sec:,"699.73KB\n"")",1,,,
128.21,411.34,7.05s,2076.16\nTransfer/sec:,"693.31KB\n"")",1,,,
30.66,10.14,102.72,2080.59\nTransfer/sec:,"694.79KB\n"")",0,,,
82.51,242.36,1.78s,2075.67\nTransfer/sec:,"693.14KB\n"")",1,,,
117.04,315.71,1.98s,2072.79\nTransfer/sec:,"692.18KB\n"")",1,,,
146.31,484.22,3.40s,2069.59\nTransfer/sec:,"691.11KB\n"")",1,,,
50.66,107.48,1.01s,2063.73\nTransfer/sec:,"689.16KB\n"")",0,,,
54.01,106.1,1.71s,2054.40\nTransfer/sec:,"686.04KB\n"")",0,,,
33.49,10.56,86.53,2058.65\nTransfer/sec:,"687.46KB\n"")",0,,,
64.76,299.05,6.73s,2056.74\nTransfer/sec:,"686.82KB\n"")",1,,,
113.36,304.99,1.84s,2056.87\nTransfer/sec:,"686.86KB\n"")",1,,,
83.24,244.61,1.80s,2053.78\nTransfer/sec:,"685.83KB\n"")",1,,,
107.43,258.58,2.68s,2046.84\nTransfer/sec:,"683.51KB\n"")",1,,,
111.11,394.41,7.69s,1975.14\nTransfer/sec:,"659.57KB\n"")",1,,,
31.12,10.63,101.76,2035.19\nTransfer/sec:,"679.62KB\n"")",0,,,
163.59,510.72,3.46s,2022.27\nTransfer/sec:,"675.31KB\n"")",1,,,
94.23,266.7,1.95s,2021.95\nTransfer/sec:,"675.20KB\n"")",1,,,
269.58,683.83,6.57s,2016.40\nTransfer/sec:,"673.35KB\n"")",1,,,
66.14,144.12,1.04s,2012.42\nTransfer/sec:,"672.03KB\n"")",1,,,
168.59,470.82,5.36s,2003.10\nTransfer/sec:,"668.92KB\n"")",1,,,
30.94,10.68,102.98,2005.49\nTransfer/sec:,"669.72KB\n"")",0,,,
81.25,238.78,1.78s,2003.54\nTransfer/sec:,"669.07KB\n"")",1,,,
79.71,193.97,2.02s,2001.64\nTransfer/sec:,"668.44KB\n"")",1,,,
362.28,794.72,7.57s,1991.58\nTransfer/sec:,"665.10KB\n"")",1,,,
80.89,247.32,1.83s,1993.67\nTransfer/sec:,"665.78KB\n"")",1,,,
30.07,9.72,75.2,1986.88\nTransfer/sec:,"663.52KB\n"")",0,,,
37.48,18.3,197.12,1973.97\nTransfer/sec:,"659.22KB\n"")",0,,,
80.52,245.77,1.79s,1971.96\nTransfer/sec:,"658.55KB\n"")",1,,,
114.39,296.68,1.83s,1963.02\nTransfer/sec:,"655.57KB\n"")",1,,,
50.36,114.33,1.74s,1957.13\nTransfer/sec:,"653.60KB\n"")",0,,,
121.77,332.14,7.69s,1949.31\nTransfer/sec:,"650.99KB\n"")",1,,,
44.22,75,1.06s,1930.51\nTransfer/sec:,"644.71KB\n"")",0,,,
33.19,10.2,69.06,1943.31\nTransfer/sec:,"648.99KB\n"")",0,,,
45.51,89.69,980.48,1942.21\nTransfer/sec:,"648.62KB\n"")",0,,,
174.58,527.94,7.06s,1939.62\nTransfer/sec:,"647.76KB\n"")",1,,,
89.72,246.06,1.83s,1934.45\nTransfer/sec:,"646.03KB\n"")",1,,,
59.45,121.5,1.74s,1925.49\nTransfer/sec:,"643.03KB\n"")",0,,,
45.1,90.07,972.8,1925.54\nTransfer/sec:,"643.05KB\n"")",0,,,
43.33,79.5,983.55,1908.38\nTransfer/sec:,"637.32KB\n"")",0,,,
33.45,10.21,68.54,1912.61\nTransfer/sec:,"638.73KB\n"")",0,,,
65.79,191.66,1.83s,1908.96\nTransfer/sec:,"637.51KB\n"")",1,,,
82.39,224.53,1.82s,1902.67\nTransfer/sec:,"635.41KB\n"")",1,,,
54.66,119.67,1.01s,1902.63\nTransfer/sec:,"635.40KB\n"")",0,,,
59.4,135.83,1.11s,1902.94\nTransfer/sec:,"635.50KB\n"")",0,,,
51.68,97.74,1.01s,1894.90\nTransfer/sec:,"632.82KB\n"")",0,,,
79.96,218.86,1.81s,1902.76\nTransfer/sec:,"635.44KB\n"")",1,,,
61.92,160.41,2.25s,1854.00\nTransfer/sec:,"619.16KB\n"")",1,,,
35.11,15.58,217.98,1894.57\nTransfer/sec:,"632.71KB\n"")",0,,,
57.51,166.75,1.81s,1897.07\nTransfer/sec:,"633.54KB\n"")",0,,,
145.77,382.78,3.60s,1896.14\nTransfer/sec:,"633.23KB\n"")",1,,,
58.7,126.79,1.03s,1895.92\nTransfer/sec:,"633.16KB\n"")",0,,,
53.55,96.99,1.00s,1884.03\nTransfer/sec:,"629.19KB\n"")",0,,,
35.8,58.65,914.43,1856.67\nTransfer/sec:,"620.05KB\n"")",0,,,
44.18,20.19,271.1,1873.02\nTransfer/sec:,"625.51KB\n"")",0,,,
270.88,758.41,7.57s,1866.59\nTransfer/sec:,"623.36KB\n"")",1,,,
93.98,264.84,1.95s,1873.05\nTransfer/sec:,"625.52KB\n"")",1,,,
86.92,239.07,1.79s,1868.64\nTransfer/sec:,"624.05KB\n"")",1,,,
74.78,186.37,1.80s,1876.38\nTransfer/sec:,"626.63KB\n"")",1,,,
50.1,91.63,987.14,1871.13\nTransfer/sec:,"624.88KB\n"")",0,,,
43.34,43.83,1.01s,1862.45\nTransfer/sec:,"621.98KB\n"")",0,,,
32.99,10.2,87.55,1879.32\nTransfer/sec:,"627.61KB\n"")",0,,,
44.52,96,1.63s,1877.40\nTransfer/sec:,"626.97KB\n"")",0,,,
50.07,109.31,1.74s,1875.05\nTransfer/sec:,"626.19KB\n"")",0,,,
86.21,240.18,1.86s,1868.52\nTransfer/sec:,"624.01KB\n"")",1,,,
54.08,118.01,1.09s,1864.31\nTransfer/sec:,"622.60KB\n"")",0,,,
56.9,128.22,1.05s,1864.45\nTransfer/sec:,"622.65KB\n"")",0,,,
55.73,102.18,988.16,1855.43\nTransfer/sec:,"619.64KB\n"")",0,,,
55.7,135.7,1.78s,1866.53\nTransfer/sec:,"623.34KB\n"")",0,,,
52.97,114.57,1.01s,1866.20\nTransfer/sec:,"623.23KB\n"")",0,,,
32.49,10.15,79.74,1866.39\nTransfer/sec:,"623.30KB\n"")",0,,,
32.97,10.15,63.94,1866.53\nTransfer/sec:,"623.34KB\n"")",0,,,
58.6,163.08,1.79s,1868.58\nTransfer/sec:,"624.03KB\n"")",0,,,
84.43,236.61,1.83s,1864.29\nTransfer/sec:,"622.59KB\n"")",1,,,
52.27,111.91,1.69s,1859.55\nTransfer/sec:,"621.01KB\n"")",0,,,
350.86,789.65,7.18s,1854.47\nTransfer/sec:,"619.31KB\n"")",1,,,
83.4,235.57,2.02s,1741.32\nTransfer/sec:,"581.53KB\n"")",1,,,
37.64,17.26,240.64,1833.86\nTransfer/sec:,"612.43KB\n"")",0,,,
33.8,19.07,984.06,1831.48\nTransfer/sec:,"611.64KB\n"")",0,,,
53.82,91.72,996.86,1821.97\nTransfer/sec:,"608.46KB\n"")",0,,,
47.99,109.02,1.72s,1821.69\nTransfer/sec:,"608.37KB\n"")",0,,,
43.73,87.77,989.18,1816.23\nTransfer/sec:,"606.54KB\n"")",0,,,
62.98,164.91,2.74s,1815.97\nTransfer/sec:,"606.46KB\n"")",1,,,
126.85,345.03,3.79s,1813.94\nTransfer/sec:,"605.78KB\n"")",1,,,
29.85,9.71,88.26,1811.89\nTransfer/sec:,"605.09KB\n"")",0,,,
32.76,10.25,74.18,1806.31\nTransfer/sec:,"603.23KB\n"")",0,,,
109.72,305.06,3.59s,1797.58\nTransfer/sec:,"600.31KB\n"")",1,,,
59.8,121.18,1.68s,1784.20\nTransfer/sec:,"595.85KB\n"")",0,,,
44.37,95.23,1.03s,1780.50\nTransfer/sec:,"594.61KB\n"")",0,,,
41.82,81.43,1.01s,1771.33\nTransfer/sec:,"591.55KB\n"")",0,,,
42.62,85.29,976.9,1763.50\nTransfer/sec:,"588.93KB\n"")",0,,,
33.21,11.62,228.1,1748.55\nTransfer/sec:,"583.94KB\n"")",0,,,
32.81,10.12,67.52,1752.63\nTransfer/sec:,"585.30KB\n"")",0,,,
50.74,120.41,1.71s,1749.86\nTransfer/sec:,"584.38KB\n"")",0,,,
77.87,214.28,1.90s,1744.86\nTransfer/sec:,"582.71KB\n"")",1,,,
67.89,180.76,1.96s,1738.28\nTransfer/sec:,"580.51KB\n"")",1,,,
51.13,116.96,1.74s,1730.08\nTransfer/sec:,"577.77KB\n"")",0,,,
86.69,246.2,1.85s,1722.94\nTransfer/sec:,"575.39KB\n"")",1,,,
49.85,105,990.21,1712.97\nTransfer/sec:,"572.06KB\n"")",0,,,
55.32,126.61,1.00s,1707.57\nTransfer/sec:,"570.25KB\n"")",0,,,
37.51,53.26,978.43,1702.19\nTransfer/sec:,"568.46KB\n"")",0,,,
33.25,10.25,71.1,1693.48\nTransfer/sec:,"565.55KB\n"")",0,,,
82.58,239.23,1.84s,1688.77\nTransfer/sec:,"563.97KB\n"")",1,,,
43.31,89.77,973.31,1688.75\nTransfer/sec:,"563.97KB\n"")",0,,,
47.41,98.44,990.21,1690.55\nTransfer/sec:,"564.57KB\n"")",0,,,
66.66,177.12,1.95s,1690.61\nTransfer/sec:,"564.59KB\n"")",1,,,
80,236.99,1.83s,1693.38\nTransfer/sec:,"565.51KB\n"")",1,,,
41.69,82.39,986.62,1698.66\nTransfer/sec:,"567.28KB\n"")",0,,,
57.6,122.62,1.74s,1697.00\nTransfer/sec:,"566.72KB\n"")",0,,,
46.85,117.79,1.81s,1697.18\nTransfer/sec:,"566.78KB\n"")",0,,,
33.16,10.1,72,1707.54\nTransfer/sec:,"570.24KB\n"")",0,,,
32.51,10.11,62.72,1710.35\nTransfer/sec:,"571.18KB\n"")",0,,,
54.23,121.21,1.69s,1713.28\nTransfer/sec:,"572.16KB\n"")",0,,,
45.02,90.26,976.38,1717.48\nTransfer/sec:,"573.56KB\n"")",0,,,
72.94,211.72,1.80s,1721.11\nTransfer/sec:,"574.78KB\n"")",1,,,
39.76,76.4,932.86,1728.29\nTransfer/sec:,"577.17KB\n"")",0,,,
53.66,153.23,1.77s,1738.29\nTransfer/sec:,"580.51KB\n"")",0,,,
74.07,224.7,1.82s,1744.87\nTransfer/sec:,"582.71KB\n"")",1,,,
45.19,31.75,484.86,1733.99\nTransfer/sec:,"579.08KB\n"")",0,,,
33.39,10.17,86.27,1770.47\nTransfer/sec:,"591.26KB\n"")",0,,,
144.54,439.29,7.57s,1767.32\nTransfer/sec:,"590.21KB\n"")",1,,,
51.82,103.89,983.04,1793.09\nTransfer/sec:,"598.81KB\n"")",0,,,
60.02,116.92,1.04s,1799.43\nTransfer/sec:,"600.93KB\n"")",1,,,
68.32,185.99,1.81s,1809.22\nTransfer/sec:,"604.20KB\n"")",1,,,
53.03,118.25,1.00s,1820.87\nTransfer/sec:,"608.09KB\n"")",0,,,
53.62,91.85,973.82,1826.43\nTransfer/sec:,"609.95KB\n"")",0,,,
40.39,17.18,244.1,1839.07\nTransfer/sec:,"614.17KB\n"")",0,,,
137.28,571.23,7.70s,1857.66\nTransfer/sec:,"620.38KB\n"")",1,,,
63.66,139.08,1.03s,1874.29\nTransfer/sec:,"625.94KB\n"")",1,,,
452.69,1.05s,7.85s,1889.28\nTransfer/sec:,"630.94KB\n"")",1,,,
66.19,137.95,1.08s,1898.93\nTransfer/sec:,"634.16KB\n"")",1,,,
38.03,15.63,230.14,1912.37\nTransfer/sec:,"638.65KB\n"")",0,,,
176.3,680.63,7.57s,1923.85\nTransfer/sec:,"642.49KB\n"")",1,,,
85.74,245.13,1.80s,1933.98\nTransfer/sec:,"645.87KB\n"")",1,,,
81.35,186.03,3.18s,1951.12\nTransfer/sec:,"651.59KB\n"")",1,,,
50.99,132.1,1.78s,1964.03\nTransfer/sec:,"655.90KB\n"")",0,,,
165.77,606.85,7.57s,1913.42\nTransfer/sec:,"639.00KB\n"")",1,,,
30.86,9.92,76.16,1986.78\nTransfer/sec:,"663.49KB\n"")",0,,,
33.31,10.26,87.17,1997.29\nTransfer/sec:,"666.99KB\n"")",0,,,
221.73,724.43,7.21s,2003.31\nTransfer/sec:,"668.99KB\n"")",1,,,
191.85,582.62,3.42s,2026.39\nTransfer/sec:,"676.68KB\n"")",1,,,
66.18,145.17,1.69s,2038.93\nTransfer/sec:,"680.87KB\n"")",1,,,
49,100.77,1.74s,2021.65\nTransfer/sec:,"675.11KB\n"")",0,,,
45.83,100.3,1.26s,2061.94\nTransfer/sec:,"688.56KB\n"")",0,,,
96.76,312.34,3.40s,2076.59\nTransfer/sec:,"693.45KB\n"")",1,,,
130.15,341.83,2.88s,2091.63\nTransfer/sec:,"698.47KB\n"")",1,,,
89.35,219.01,2.02s,2103.32\nTransfer/sec:,"702.38KB\n"")",1,,,
77.59,258.5,3.73s,2054.74\nTransfer/sec:,"686.16KB\n"")",1,,,
31.32,11.89,114.43,2118.90\nTransfer/sec:,"707.58KB\n"")",0,,,
40.99,22.64,299.52,2121.46\nTransfer/sec:,"708.44KB\n"")",0,,,
118.54,314.5,2.00s,2133.82\nTransfer/sec:,"712.57KB\n"")",1,,,
102.31,350.57,3.35s,2138.84\nTransfer/sec:,"714.24KB\n"")",1,,,
107.93,256.88,1.85s,2136.55\nTransfer/sec:,"713.48KB\n"")",1,,,
260.09,664.28,3.47s,2151.41\nTransfer/sec:,"718.44KB\n"")",1,,,
40.46,91.27,1.82s,2167.21\nTransfer/sec:,"723.72KB\n"")",0,,,
30.53,9.97,76.93,2174.42\nTransfer/sec:,"726.12KB\n"")",0,,,
100.59,331.87,3.33s,2183.51\nTransfer/sec:,"729.16KB\n"")",1,,,
274.05,666.7,3.47s,2176.84\nTransfer/sec:,"726.93KB\n"")",1,,,
85.93,252.5,1.78s,2194.14\nTransfer/sec:,"732.71KB\n"")",1,,,
136.9,347.94,2.21s,2197.92\nTransfer/sec:,"733.97KB\n"")",1,,,
97.41,265.54,1.79s,2204.01\nTransfer/sec:,"736.01KB\n"")",1,,,
31.43,12.74,116.35,2214.02\nTransfer/sec:,"739.35KB\n"")",0,,,
38.05,21.86,289.54,2213.11\nTransfer/sec:,"739.05KB\n"")",0,,,
189.46,544.32,3.40s,2224.66\nTransfer/sec:,"742.90KB\n"")",1,,,
92.64,247,1.81s,2223.63\nTransfer/sec:,"742.56KB\n"")",1,,,
168.8,476.54,3.40s,2237.39\nTransfer/sec:,"747.16KB\n"")",1,,,
247.72,682.94,3.43s,2223.17\nTransfer/sec:,"742.41KB\n"")",1,,,
31.37,12.28,118.91,2251.24\nTransfer/sec:,"751.78KB\n"")",0,,,
31.64,13.74,125.18,2256.97\nTransfer/sec:,"753.69KB\n"")",0,,,
96.21,258.61,1.83s,2253.96\nTransfer/sec:,"752.69KB\n"")",1,,,
289.96,704.68,3.47s,2266.10\nTransfer/sec:,"756.74KB\n"")",1,,,
104.67,355.2,3.36s,2269.95\nTransfer/sec:,"758.03KB\n"")",1,,,
263.9,670.33,3.40s,2273.30\nTransfer/sec:,"759.15KB\n"")",1,,,
134.77,315.82,2.11s,2204.56\nTransfer/sec:,"736.19KB\n"")",1,,,
32.14,13.32,122.69,2272.20\nTransfer/sec:,"758.78KB\n"")",0,,,
38.03,20.27,292.61,2264.55\nTransfer/sec:,"756.23KB\n"")",0,,,
90.41,261.12,1.80s,2274.20\nTransfer/sec:,"759.45KB\n"")",1,,,
84.59,250.56,1.80s,2278.85\nTransfer/sec:,"761.00KB\n"")",1,,,
88.63,257.69,1.80s,2288.68\nTransfer/sec:,"764.29KB\n"")",1,,,
118.47,350.21,3.36s,2294.86\nTransfer/sec:,"766.35KB\n"")",1,,,
38.69,67.89,979.97,2302.78\nTransfer/sec:,"768.99KB\n"")",0,,,
32.13,13.62,126.53,2309.66\nTransfer/sec:,"771.29KB\n"")",0,,,
259.16,669.33,3.44s,2305.61\nTransfer/sec:,"769.94KB\n"")",1,,,
298.32,744.46,3.64s,2316.43\nTransfer/sec:,"773.56KB\n"")",1,,,
102.36,270.98,1.80s,2322.16\nTransfer/sec:,"775.47KB\n"")",1,,,
97.49,263.84,1.86s,2330.23\nTransfer/sec:,"778.16KB\n"")",1,,,
28.99,18.28,145.79,2246.97\nTransfer/sec:,"750.36KB\n"")",0,,,
40.87,24.07,326.4,2329.15\nTransfer/sec:,"777.80KB\n"")",0,,,
32.06,13.52,117.12,2341.85\nTransfer/sec:,"782.04KB\n"")",0,,,
145.59,356.96,2.25s,2347.07\nTransfer/sec:,"783.79KB\n"")",1,,,
244.96,645.24,3.42s,2351.97\nTransfer/sec:,"785.43KB\n"")",1,,,
205.94,596.03,3.41s,2352.15\nTransfer/sec:,"785.48KB\n"")",1,,,
143.76,360.07,2.02s,2354.99\nTransfer/sec:,"786.43KB\n"")",1,,,
30.52,16.73,161.79,2356.05\nTransfer/sec:,"786.79KB\n"")",0,,,
34.82,25.6,486.14,2355.05\nTransfer/sec:,"786.45KB\n"")",0,,,
259.08,667.95,3.42s,2353.05\nTransfer/sec:,"785.78KB\n"")",1,,,
122.46,328.88,2.01s,2350.95\nTransfer/sec:,"785.08KB\n"")",1,,,
125.44,419.23,3.37s,2350.01\nTransfer/sec:,"784.77KB\n"")",1,,,
99.69,270.01,1.78s,2349.22\nTransfer/sec:,"784.50KB\n"")",1,,,
68.13,214.58,2.07s,2282.17\nTransfer/sec:,"762.11KB\n"")",1,,,
32.38,14.7,138.11,2347.07\nTransfer/sec:,"783.79KB\n"")",0,,,
230.67,636.37,3.42s,2347.11\nTransfer/sec:,"783.80KB\n"")",1,,,
264.59,643.98,3.62s,2350.02\nTransfer/sec:,"784.77KB\n"")",1,,,
248.83,668.69,3.42s,2354.01\nTransfer/sec:,"786.10KB\n"")",1,,,
281.59,693.79,3.43s,2345.81\nTransfer/sec:,"783.37KB\n"")",1,,,
49.18,115.37,1.77s,2288.45\nTransfer/sec:,"764.21KB\n"")",0,,,
33.22,16.29,136.83,2355.86\nTransfer/sec:,"786.72KB\n"")",0,,,
32.71,15.83,137.34,2355.01\nTransfer/sec:,"786.44KB\n"")",0,,,
95.57,263.06,1.78s,2350.09\nTransfer/sec:,"784.80KB\n"")",1,,,
270.53,689.9,3.43s,2347.06\nTransfer/sec:,"783.78KB\n"")",1,,,
137.85,344.58,2.07s,2342.23\nTransfer/sec:,"782.17KB\n"")",1,,,
90.21,265.7,1.84s,2337.19\nTransfer/sec:,"780.49KB\n"")",1,,,
37.17,64.39,1.01s,2333.45\nTransfer/sec:,"779.24KB\n"")",0,,,
38.32,22.14,287.23,2324.90\nTransfer/sec:,"776.38KB\n"")",0,,,
233.73,639.3,3.41s,2327.32\nTransfer/sec:,"777.19KB\n"")",1,,,
112.61,307.78,1.79s,2321.58\nTransfer/sec:,"775.27KB\n"")",1,,,
295.73,697.62,3.42s,2321.57\nTransfer/sec:,"775.27KB\n"")",1,,,
294.59,731.09,3.44s,2328.35\nTransfer/sec:,"777.53KB\n"")",1,,,
29.21,16.04,131.07,2328.48\nTransfer/sec:,"777.58KB\n"")",0,,,
32.46,13.99,145.02,2320.10\nTransfer/sec:,"774.78KB\n"")",0,,,
46.32,88.54,2.68s,2301.56\nTransfer/sec:,"768.59KB\n"")",0,,,
95.19,254.4,1.80s,2291.91\nTransfer/sec:,"765.37KB\n"")",1,,,
89.12,256.42,1.77s,2289.82\nTransfer/sec:,"764.67KB\n"")",1,,,
96.5,264.53,1.82s,2284.00\nTransfer/sec:,"762.72KB\n"")",1,,,
99.77,267.15,1.78s,2276.02\nTransfer/sec:,"760.06KB\n"")",1,,,
39.58,40.27,560.13,2262.41\nTransfer/sec:,"755.51KB\n"")",0,,,
32.54,14.52,121.47,2261.29\nTransfer/sec:,"755.14KB\n"")",0,,,
32.8,19.01,437.76,2252.39\nTransfer/sec:,"752.17KB\n"")",0,,,
253.21,665.98,3.43s,2245.23\nTransfer/sec:,"749.77KB\n"")",1,,,
86.87,257.98,3.30s,2238.33\nTransfer/sec:,"747.47KB\n"")",1,,,
131.07,337.2,2.03s,2225.74\nTransfer/sec:,"743.26KB\n"")",1,,,
107.6,289.48,1.78s,2205.97\nTransfer/sec:,"736.66KB\n"")",1,,,
67.26,220.04,2.06s,2175.72\nTransfer/sec:,"726.56KB\n"")",1,,,
35.69,20.17,280.06,2184.17\nTransfer/sec:,"729.38KB\n"")",0,,,
85.65,246.24,1.79s,2182.50\nTransfer/sec:,"728.82KB\n"")",1,,,
83.3,247.34,1.83s,2172.56\nTransfer/sec:,"725.50KB\n"")",1,,,
112.21,339.33,3.38s,2153.77\nTransfer/sec:,"719.23KB\n"")",1,,,
169.44,459.52,3.93s,2150.58\nTransfer/sec:,"718.16KB\n"")",1,,,
154.69,383.57,2.02s,2139.63\nTransfer/sec:,"714.50KB\n"")",1,,,
31.74,12.71,126.4,2110.28\nTransfer/sec:,"704.70KB\n"")",0,,,
31.34,10.41,90.62,2119.00\nTransfer/sec:,"707.62KB\n"")",0,,,
84.81,212.75,2.10s,2107.05\nTransfer/sec:,"703.62KB\n"")",1,,,
300.82,699.92,3.86s,2089.66\nTransfer/sec:,"697.82KB\n"")",1,,,
135.61,344.76,2.22s,2083.74\nTransfer/sec:,"695.84KB\n"")",1,,,
89.19,254.92,1.84s,2073.66\nTransfer/sec:,"692.47KB\n"")",1,,,
35.19,59.74,1.01s,2042.88\nTransfer/sec:,"682.19KB\n"")",0,,,
40.94,39.94,649.22,2044.49\nTransfer/sec:,"682.73KB\n"")",0,,,
81.34,242.86,1.79s,2032.15\nTransfer/sec:,"678.61KB\n"")",1,,,
288.39,721.68,4.01s,2018.07\nTransfer/sec:,"673.91KB\n"")",1,,,
243.88,646.95,3.48s,2010.63\nTransfer/sec:,"671.43KB\n"")",1,,,
93.01,251.86,1.82s,1996.72\nTransfer/sec:,"666.81KB\n"")",1,,,
57.69,188.53,1.99s,1999.60\nTransfer/sec:,"667.76KB\n"")",0,,,
30.48,9.86,77.63,1990.65\nTransfer/sec:,"664.78KB\n"")",0,,,
58.28,29.27,446.98,1967.18\nTransfer/sec:,"656.96KB\n"")",0,,,
222.83,585.57,7.20s,1967.39\nTransfer/sec:,"657.03KB\n"")",1,,,
50.62,107.66,1.01s,1968.92\nTransfer/sec:,"657.54KB\n"")",0,,,
45.06,95.23,1.05s,1962.03\nTransfer/sec:,"655.24KB\n"")",0,,,
78,244.37,3.79s,1958.85\nTransfer/sec:,"654.18KB\n"")",1,,,
48.4,25.17,302.34,1945.55\nTransfer/sec:,"649.73KB\n"")",0,,,
86.64,275.5,3.37s,1950.19\nTransfer/sec:,"651.28KB\n"")",1,,,
135.84,327.29,2.05s,1948.30\nTransfer/sec:,"650.65KB\n"")",1,,,
49.86,113.93,1.15s,1946.22\nTransfer/sec:,"649.96KB\n"")",0,,,
78,215.61,1.99s,1943.35\nTransfer/sec:,"649.00KB\n"")",1,,,
51.3,123.37,1.33s,1939.29\nTransfer/sec:,"647.64KB\n"")",0,,,
46.07,101.24,1.69s,1935.44\nTransfer/sec:,"646.36KB\n"")",0,,,
34.51,18.39,549.89,1918.28\nTransfer/sec:,"640.63KB\n"")",0,,,
29.71,9.61,70.27,1926.73\nTransfer/sec:,"643.45KB\n"")",0,,,
60.93,141.03,1.75s,1921.58\nTransfer/sec:,"641.73KB\n"")",1,,,
43.13,86.72,982.02,1915.71\nTransfer/sec:,"639.77KB\n"")",0,,,
48.64,106.81,1.06s,1910.68\nTransfer/sec:,"638.09KB\n"")",0,,,
43.87,91.45,993.79,1908.97\nTransfer/sec:,"637.52KB\n"")",0,,,
49.51,105.34,986.11,1908.87\nTransfer/sec:,"637.48KB\n"")",0,,,
45.61,95.91,1.01s,1907.95\nTransfer/sec:,"637.18KB\n"")",0,,,
47.31,97.71,989.7,1905.89\nTransfer/sec:,"636.49KB\n"")",0,,,
33.46,10.25,74.37,1899.95\nTransfer/sec:,"634.51KB\n"")",0,,,
44.83,19.8,239.1,1885.47\nTransfer/sec:,"629.67KB\n"")",0,,,
50.04,114,1.75s,1890.93\nTransfer/sec:,"631.49KB\n"")",0,,,
49.29,120.61,1.78s,1889.21\nTransfer/sec:,"630.92KB\n"")",0,,,
52.17,113.95,996.35,1886.12\nTransfer/sec:,"629.89KB\n"")",0,,,
49.02,98.99,979.97,1884.02\nTransfer/sec:,"629.19KB\n"")",0,,,
96.18,248.07,1.85s,1876.36\nTransfer/sec:,"626.63KB\n"")",1,,,
45.82,91.18,980.48,1882.69\nTransfer/sec:,"628.74KB\n"")",0,,,
54.49,150.7,1.82s,1883.12\nTransfer/sec:,"628.88KB\n"")",0,,,
50.81,125.51,1.95s,1885.98\nTransfer/sec:,"629.84KB\n"")",0,,,
33.05,10.18,74.43,1882.99\nTransfer/sec:,"628.84KB\n"")",0,,,
33.4,10.28,81.73,1883.04\nTransfer/sec:,"628.86KB\n"")",0,,,
126.85,327.29,3.78s,1884.05\nTransfer/sec:,"629.19KB\n"")",1,,,
74.14,169.35,1.74s,1881.78\nTransfer/sec:,"628.44KB\n"")",1,,,
72.45,196.21,1.83s,1880.91\nTransfer/sec:,"628.15KB\n"")",1,,,
100.39,321.58,7.17s,1870.28\nTransfer/sec:,"624.60KB\n"")",1,,,
30.54,9.85,70.72,1879.44\nTransfer/sec:,"627.66KB\n"")",0,,,
81.87,242.92,1.81s,1878.50\nTransfer/sec:,"627.34KB\n"")",1,,,
66.95,153.83,1.33s,1876.27\nTransfer/sec:,"626.60KB\n"")",1,,,
94.13,271.84,2.79s,1875.26\nTransfer/sec:,"626.26KB\n"")",1,,,
62.9,116.29,1.02s,1865.33\nTransfer/sec:,"622.94KB\n"")",1,,,
76.29,211.61,1.97s,1870.14\nTransfer/sec:,"624.55KB\n"")",1,,,
44.54,87.36,967.17,1870.19\nTransfer/sec:,"624.57KB\n"")",0,,,
38.37,63.91,979.97,1870.18\nTransfer/sec:,"624.56KB\n"")",0,,,
44.9,20.37,264.7,1863.05\nTransfer/sec:,"622.18KB\n"")",0,,,
40.91,19.04,329.98,1860.20\nTransfer/sec:,"621.23KB\n"")",0,,,
46.83,92.14,1.01s,1863.31\nTransfer/sec:,"622.27KB\n"")",0,,,
259,833.29,7.44s,1859.58\nTransfer/sec:,"621.02KB\n"")",1,,,
66.29,124.88,1.06s,1848.11\nTransfer/sec:,"617.19KB\n"")",1,,,
57.26,165.45,1.78s,1852.35\nTransfer/sec:,"618.61KB\n"")",0,,,
67.79,217.25,3.86s,1847.78\nTransfer/sec:,"617.08KB\n"")",1,,,
30.54,9.93,80.64,1841.52\nTransfer/sec:,"614.99KB\n"")",0,,,
46.31,94.67,992.77,1835.81\nTransfer/sec:,"613.08KB\n"")",0,,,
71.32,189.81,1.83s,1830.66\nTransfer/sec:,"611.36KB\n"")",1,,,
143.41,404.62,3.84s,1826.06\nTransfer/sec:,"609.83KB\n"")",1,,,
51.28,112.02,1.03s,1819.04\nTransfer/sec:,"607.48KB\n"")",0,,,
79.59,240.61,1.81s,1809.29\nTransfer/sec:,"604.23KB\n"")",1,,,
33.14,10.24,68.61,1806.33\nTransfer/sec:,"603.24KB\n"")",0,,,
34.61,10.39,79.55,1801.91\nTransfer/sec:,"601.76KB\n"")",0,,,
130.45,356.49,3.85s,1798.52\nTransfer/sec:,"600.63KB\n"")",1,,,
63.96,171.73,1.72s,1794.29\nTransfer/sec:,"599.22KB\n"")",1,,,
54.79,136.62,1.75s,1789.32\nTransfer/sec:,"597.56KB\n"")",0,,,
41.6,80.1,980.99,1783.36\nTransfer/sec:,"595.57KB\n"")",0,,,
44.03,92.5,981.5,1778.63\nTransfer/sec:,"593.98KB\n"")",0,,,
32.19,11.61,76.35,1773.41\nTransfer/sec:,"592.24KB\n"")",0,,,
34.09,10.44,75.71,1766.87\nTransfer/sec:,"590.06KB\n"")",0,,,
33.02,10.35,81.28,1760.61\nTransfer/sec:,"587.97KB\n"")",0,,,
66.38,117.26,1.04s,1751.93\nTransfer/sec:,"585.07KB\n"")",1,,,
147.69,405.77,3.92s,1755.86\nTransfer/sec:,"586.38KB\n"")",1,,,
48.88,105.68,1.02s,1755.91\nTransfer/sec:,"586.40KB\n"")",0,,,
101.2,276.44,1.97s,1750.70\nTransfer/sec:,"584.66KB\n"")",1,,,
40.93,79.36,965.63,1746.99\nTransfer/sec:,"583.42KB\n"")",0,,,
33.14,10.21,91.84,1741.85\nTransfer/sec:,"581.70KB\n"")",0,,,
32.73,10.21,88.13,1738.22\nTransfer/sec:,"580.49KB\n"")",0,,,
348.9,811.65,7.70s,1725.45\nTransfer/sec:,"576.22KB\n"")",1,,,
82.23,160.91,1.29s,1730.60\nTransfer/sec:,"577.94KB\n"")",1,,,
42.22,87.95,985.09,1731.04\nTransfer/sec:,"578.09KB\n"")",0,,,
64.65,191.28,2.58s,1728.27\nTransfer/sec:,"577.17KB\n"")",1,,,
42.64,81.77,966.66,1727.46\nTransfer/sec:,"576.90KB\n"")",0,,,
67.23,171.83,1.88s,1723.11\nTransfer/sec:,"575.44KB\n"")",1,,,
33.68,10.48,88.19,1728.31\nTransfer/sec:,"577.18KB\n"")",0,,,
43.31,33.51,1.25s,1723.55\nTransfer/sec:,"575.59KB\n"")",0,,,
99.93,251.74,2.04s,1723.31\nTransfer/sec:,"575.51KB\n"")",1,,,
56.04,125.45,1.79s,1730.04\nTransfer/sec:,"577.76KB\n"")",0,,,
142.11,372.28,3.62s,1724.29\nTransfer/sec:,"575.84KB\n"")",1,,,
110.01,295.88,2.10s,1731.94\nTransfer/sec:,"578.39KB\n"")",1,,,
32.16,17.32,270.59,1733.75\nTransfer/sec:,"579.00KB\n"")",0,,,
33.17,10.24,80.06,1733.95\nTransfer/sec:,"579.06KB\n"")",0,,,
33.33,10.21,87.94,1732.95\nTransfer/sec:,"578.73KB\n"")",0,,,
46.21,112.74,1.72s,1731.80\nTransfer/sec:,"578.35KB\n"")",0,,,
50.83,112.48,1.74s,1734.00\nTransfer/sec:,"579.08KB\n"")",0,,,
44.7,92.39,988.16,1733.67\nTransfer/sec:,"578.97KB\n"")",0,,,
63.35,163.9,1.74s,1734.02\nTransfer/sec:,"579.09KB\n"")",1,,,
56,123.44,1.01s,1736.07\nTransfer/sec:,"579.77KB\n"")",0,,,
44.56,87.77,989.7,1736.23\nTransfer/sec:,"579.83KB\n"")",0,,,
48.99,103.45,979.97,1735.03\nTransfer/sec:,"579.42KB\n"")",0,,,
37.51,57.26,989.7,1717.40\nTransfer/sec:,"573.54KB\n"")",0,,,
33.17,10.21,81.28,1727.43\nTransfer/sec:,"576.89KB\n"")",0,,,
74.75,218.92,1.81s,1718.45\nTransfer/sec:,"573.89KB\n"")",1,,,
50.54,109.32,998.91,1715.46\nTransfer/sec:,"572.89KB\n"")",0,,,
45.86,94.75,1.01s,1714.07\nTransfer/sec:,"572.42KB\n"")",0,,,
44.62,94.66,1.69s,1711.35\nTransfer/sec:,"571.52KB\n"")",0,,,
50.37,125.16,1.71s,1711.33\nTransfer/sec:,"571.51KB\n"")",0,,,
137.62,415.67,3.50s,1711.36\nTransfer/sec:,"571.52KB\n"")",1,,,
48.69,105.73,1.69s,1711.29\nTransfer/sec:,"571.50KB\n"")",0,,,
32.4,12.03,86.4,1712.15\nTransfer/sec:,"571.78KB\n"")",0,,,
33.39,10.28,75.65,1711.20\nTransfer/sec:,"571.47KB\n"")",0,,,
33.84,10.3,80.77,1706.47\nTransfer/sec:,"569.89KB\n"")",0,,,
56.75,105.43,1.74s,1698.10\nTransfer/sec:,"567.09KB\n"")",0,,,
51.12,107.23,999.42,1702.30\nTransfer/sec:,"568.49KB\n"")",0,,,
44.18,92.72,983.04,1699.56\nTransfer/sec:,"567.58KB\n"")",0,,,
93.13,274.05,2.74s,1696.77\nTransfer/sec:,"566.65KB\n"")",1,,,
43.4,91.62,981.5,1692.46\nTransfer/sec:,"565.21KB\n"")",0,,,
61.85,111.42,1.01s,1683.26\nTransfer/sec:,"562.13KB\n"")",1,,,
52.28,86.54,1.94s,1670.21\nTransfer/sec:,"557.78KB\n"")",0,,,
29.92,9.61,70.4,1683.65\nTransfer/sec:,"562.26KB\n"")",0,,,
91.36,233.63,1.86s,1682.59\nTransfer/sec:,"561.91KB\n"")",1,,,
42.41,78.81,960.51,1679.71\nTransfer/sec:,"560.95KB\n"")",0,,,
180.95,460.91,7.70s,1671.53\nTransfer/sec:,"558.22KB\n"")",1,,,
84.04,181.74,1.91s,1667.76\nTransfer/sec:,"556.96KB\n"")",1,,,
40.08,67.03,992.26,1668.95\nTransfer/sec:,"557.35KB\n"")",0,,,
33.6,10.28,80.96,1665.10\nTransfer/sec:,"556.07KB\n"")",0,,,
33.24,10.19,81.73,1659.02\nTransfer/sec:,"554.04KB\n"")",0,,,
110.48,280.54,2.06s,1649.77\nTransfer/sec:,"550.95KB\n"")",1,,,
60.76,149.29,1.82s,1643.77\nTransfer/sec:,"548.94KB\n"")",1,,,
66.61,167.16,1.83s,1641.10\nTransfer/sec:,"548.05KB\n"")",1,,,
110.43,314.11,3.59s,1647.44\nTransfer/sec:,"550.17KB\n"")",1,,,
68.85,198.37,1.96s,1646.31\nTransfer/sec:,"549.79KB\n"")",1,,,
33.65,10.2,70.78,1645.40\nTransfer/sec:,"549.49KB\n"")",0,,,
56.28,29.06,470.78,1628.37\nTransfer/sec:,"543.80KB\n"")",0,,,
104.88,297.21,3.59s,1637.54\nTransfer/sec:,"546.87KB\n"")",1,,,
58.25,129.51,1.04s,1637.42\nTransfer/sec:,"546.82KB\n"")",0,,,
52.78,101.29,1.02s,1628.45\nTransfer/sec:,"543.83KB\n"")",0,,,
115.56,347.79,3.92s,1584.14\nTransfer/sec:,"529.03KB\n"")",1,,,
30.36,9.83,69.31,1620.74\nTransfer/sec:,"541.25KB\n"")",0,,,
46.95,77.35,1.78s,1612.70\nTransfer/sec:,"538.57KB\n"")",0,,,
79.15,223.27,1.96s,1616.80\nTransfer/sec:,"539.94KB\n"")",1,,,
83,216.92,1.87s,1613.42\nTransfer/sec:,"538.81KB\n"")",1,,,
46.45,99.06,986.11,1619.61\nTransfer/sec:,"540.87KB\n"")",0,,,
142.95,406.82,3.92s,1617.65\nTransfer/sec:,"540.22KB\n"")",1,,,
44.6,88.89,980.48,1619.55\nTransfer/sec:,"540.86KB\n"")",0,,,
90.48,229.03,1.86s,1613.29\nTransfer/sec:,"538.77KB\n"")",1,,,
39.92,16.66,231.68,1620.66\nTransfer/sec:,"541.23KB\n"")",0,,,
121.32,536.51,7.82s,1627.71\nTransfer/sec:,"543.58KB\n"")",1,,,
73.32,172.61,1.79s,1628.46\nTransfer/sec:,"543.83KB\n"")",1,,,
67.45,140.52,1.97s,1623.30\nTransfer/sec:,"542.11KB\n"")",1,,,
48.48,98.8,1.02s,1630.47\nTransfer/sec:,"544.50KB\n"")",0,,,
49.24,125.01,1.76s,1634.24\nTransfer/sec:,"545.76KB\n"")",0,,,
58.93,173.48,3.86s,1586.93\nTransfer/sec:,"529.96KB\n"")",0,,,
37.96,17.61,199.55,1639.44\nTransfer/sec:,"547.50KB\n"")",0,,,
55.09,112.1,1.07s,1648.27\nTransfer/sec:,"550.45KB\n"")",0,,,
43.51,86.88,991.23,1654.12\nTransfer/sec:,"552.40KB\n"")",0,,,
46.47,92.95,985.09,1661.93\nTransfer/sec:,"555.01KB\n"")",0,,,
61.27,143.61,1.69s,1669.91\nTransfer/sec:,"557.67KB\n"")",1,,,
47.39,108.19,1.74s,1677.81\nTransfer/sec:,"560.31KB\n"")",0,,,
66.4,197.84,1.80s,1683.44\nTransfer/sec:,"562.20KB\n"")",1,,,
32.96,10.1,67.39,1690.57\nTransfer/sec:,"564.57KB\n"")",0,,,
97.85,343.15,6.84s,1696.83\nTransfer/sec:,"566.67KB\n"")",1,,,
87.78,284.01,3.37s,1720.36\nTransfer/sec:,"574.52KB\n"")",1,,,
56.16,120.07,1.69s,1739.08\nTransfer/sec:,"580.78KB\n"")",0,,,
331.63,844.03,7.70s,1752.67\nTransfer/sec:,"585.31KB\n"")",1,,,
45.96,100.17,1.99s,1762.08\nTransfer/sec:,"588.46KB\n"")",0,,,
29.8,9.69,65.47,1780.49\nTransfer/sec:,"594.61KB\n"")",0,,,
93.56,286.63,3.31s,1790.76\nTransfer/sec:,"598.04KB\n"")",1,,,
89.74,246.08,1.84s,1809.17\nTransfer/sec:,"604.19KB\n"")",1,,,
132.36,344.98,2.73s,1823.83\nTransfer/sec:,"609.08KB\n"")",1,,,
53.74,121.42,992.26,1837.83\nTransfer/sec:,"613.76KB\n"")",0,,,
50.95,82.3,946.69,1844.60\nTransfer/sec:,"616.02KB\n"")",0,,,
37.07,18.52,243.97,1826.73\nTransfer/sec:,"610.05KB\n"")",0,,,
33.78,10.43,90.18,1875.29\nTransfer/sec:,"626.27KB\n"")",0,,,
33.32,10.17,66.82,1889.19\nTransfer/sec:,"630.91KB\n"")",0,,,
47.17,96.04,1.01s,1907.94\nTransfer/sec:,"637.17KB\n"")",0,,,
262.21,781.02,7.70s,1929.71\nTransfer/sec:,"644.44KB\n"")",1,,,
100.14,264.65,1.84s,1950.26\nTransfer/sec:,"651.31KB\n"")",1,,,
45.52,92.76,1.00s,1966.17\nTransfer/sec:,"656.62KB\n"")",0,,,
44.25,90.59,980.99,1982.74\nTransfer/sec:,"662.14KB\n"")",0,,,
33.37,10.47,94.85,2000.65\nTransfer/sec:,"668.11KB\n"")",0,,,
91.7,250.78,1.82s,2007.00\nTransfer/sec:,"670.21KB\n"")",1,,,
130.48,426.13,3.38s,2024.59\nTransfer/sec:,"676.08KB\n"")",1,,,
113.29,371.54,3.36s,2051.22\nTransfer/sec:,"684.98KB\n"")",1,,,
84.76,248.77,1.81s,2067.68\nTransfer/sec:,"690.47KB\n"")",1,,,
102.65,266.61,1.82s,2072.51\nTransfer/sec:,"692.09KB\n"")",1,,,
31.09,11.89,114.82,2090.36\nTransfer/sec:,"698.05KB\n"")",0,,,
31.11,11.19,107.2,2103.37\nTransfer/sec:,"702.40KB\n"")",0,,,
87.07,251.35,1.78s,2116.18\nTransfer/sec:,"706.67KB\n"")",1,,,
132.42,414.69,3.38s,2125.95\nTransfer/sec:,"709.94KB\n"")",1,,,
247.18,660.35,3.43s,2136.60\nTransfer/sec:,"713.49KB\n"")",1,,,
87.31,254.07,1.85s,2144.69\nTransfer/sec:,"716.20KB\n"")",1,,,
37.38,63.94,1.02s,2151.80\nTransfer/sec:,"718.57KB\n"")",0,,,
39.69,23.85,310.53,2148.86\nTransfer/sec:,"717.59KB\n"")",0,,,
242.8,648.61,3.44s,2154.46\nTransfer/sec:,"719.46KB\n"")",1,,,
313.73,759.84,3.56s,2170.60\nTransfer/sec:,"724.85KB\n"")",1,,,
141.41,352.38,2.28s,2180.45\nTransfer/sec:,"728.14KB\n"")",1,,,
269.28,688.95,3.42s,2197.64\nTransfer/sec:,"733.88KB\n"")",1,,,
68.27,216.56,2.01s,2220.91\nTransfer/sec:,"741.65KB\n"")",1,,,
32.05,13.84,126.27,2233.69\nTransfer/sec:,"745.92KB\n"")",0,,,
90.38,254.19,1.79s,2239.52\nTransfer/sec:,"747.87KB\n"")",1,,,
121.09,251.26,1.81s,2232.96\nTransfer/sec:,"745.68KB\n"")",1,,,
164.19,458.67,3.39s,2265.04\nTransfer/sec:,"756.39KB\n"")",1,,,
228.31,622.6,3.43s,2281.90\nTransfer/sec:,"762.02KB\n"")",1,,,
132.42,440.48,3.63s,2164.99\nTransfer/sec:,"722.98KB\n"")",1,,,
32.14,14.24,129.79,2287.85\nTransfer/sec:,"764.01KB\n"")",0,,,
32.38,13.71,124.86,2284.00\nTransfer/sec:,"762.72KB\n"")",0,,,
87.09,252.39,1.78s,2283.09\nTransfer/sec:,"762.42KB\n"")",1,,,
190.64,573.16,3.45s,2285.84\nTransfer/sec:,"763.34KB\n"")",1,,,
125.21,319.91,2.02s,2287.93\nTransfer/sec:,"764.04KB\n"")",1,,,
297.38,689.62,3.43s,2287.74\nTransfer/sec:,"763.97KB\n"")",1,,,
91.79,282.62,2.90s,2227.07\nTransfer/sec:,"743.71KB\n"")",1,,,
32.67,14.73,129.98,2288.77\nTransfer/sec:,"764.31KB\n"")",0,,,
33.08,15.68,135.94,2286.75\nTransfer/sec:,"763.64KB\n"")",0,,,
93.43,258.61,1.79s,2287.60\nTransfer/sec:,"763.92KB\n"")",1,,,
134.5,375.73,3.35s,2292.79\nTransfer/sec:,"765.66KB\n"")",1,,,
117.77,309.27,1.99s,2302.53\nTransfer/sec:,"768.91KB\n"")",1,,,
318.86,774.08,3.66s,2306.52\nTransfer/sec:,"770.24KB\n"")",1,,,
35.34,51.71,996.35,2314.70\nTransfer/sec:,"772.98KB\n"")",0,,,
32.6,14.74,138.24,2319.85\nTransfer/sec:,"774.70KB\n"")",0,,,
121.6,394.91,3.37s,2321.46\nTransfer/sec:,"775.23KB\n"")",1,,,
128.36,323.47,2.00s,2321.52\nTransfer/sec:,"775.25KB\n"")",1,,,
126.75,324.61,2.09s,2319.49\nTransfer/sec:,"774.58KB\n"")",1,,,
87.68,254.27,1.79s,2317.46\nTransfer/sec:,"773.90KB\n"")",1,,,
188.31,505.25,3.96s,2318.52\nTransfer/sec:,"774.25KB\n"")",1,,,
36.27,49.44,979.97,2319.56\nTransfer/sec:,"774.60KB\n"")",0,,,
32.39,14.21,126.21,2318.36\nTransfer/sec:,"774.20KB\n"")",0,,,
92.09,262.49,1.86s,2310.62\nTransfer/sec:,"771.61KB\n"")",1,,,
397.32,940.11,4.61s,2295.70\nTransfer/sec:,"766.63KB\n"")",1,,,
90.3,260.97,1.79s,2297.59\nTransfer/sec:,"767.26KB\n"")",1,,,
96,264.57,1.78s,2299.75\nTransfer/sec:,"767.98KB\n"")",1,,,
34.95,23.35,298.5,2224.86\nTransfer/sec:,"742.97KB\n"")",0,,,
33.65,14.71,128.83,2297.49\nTransfer/sec:,"767.23KB\n"")",0,,,
146.39,515.43,4.35s,2288.59\nTransfer/sec:,"764.26KB\n"")",1,,,
356.87,775.61,3.94s,2306.67\nTransfer/sec:,"770.30KB\n"")",1,,,
148.5,371.1,2.94s,2309.46\nTransfer/sec:,"771.23KB\n"")",1,,,
93.02,258.25,1.79s,2312.62\nTransfer/sec:,"772.28KB\n"")",1,,,
94.65,264.88,1.84s,2313.75\nTransfer/sec:,"772.66KB\n"")",1,,,
32.41,14.51,126.02,2315.34\nTransfer/sec:,"773.19KB\n"")",0,,,
126.14,314.73,2.00s,2312.33\nTransfer/sec:,"772.18KB\n"")",1,,,
93.27,268.45,1.84s,2320.42\nTransfer/sec:,"774.89KB\n"")",1,,,
132.59,338.81,1.99s,2322.54\nTransfer/sec:,"775.59KB\n"")",1,,,
120.9,300.51,1.99s,2319.91\nTransfer/sec:,"774.72KB\n"")",1,,,
40.94,40.53,1.24s,2264.86\nTransfer/sec:,"756.33KB\n"")",0,,,
32.71,15.49,143.62,2333.49\nTransfer/sec:,"779.25KB\n"")",0,,,
102.44,258.16,1.79s,2328.81\nTransfer/sec:,"777.69KB\n"")",1,,,
112.41,300.74,1.85s,2334.37\nTransfer/sec:,"779.55KB\n"")",1,,,
267.47,683.8,3.42s,2335.10\nTransfer/sec:,"779.79KB\n"")",1,,,
303.36,704.13,3.63s,2334.31\nTransfer/sec:,"779.53KB\n"")",1,,,
108.73,396.82,4.12s,2252.64\nTransfer/sec:,"752.25KB\n"")",1,,,
33.51,16.04,138.5,2342.08\nTransfer/sec:,"782.12KB\n"")",0,,,
253.42,668.11,3.42s,2348.90\nTransfer/sec:,"784.40KB\n"")",1,,,
322.38,727.24,3.42s,2357.91\nTransfer/sec:,"787.41KB\n"")",1,,,
139.01,347.04,2.12s,2364.91\nTransfer/sec:,"789.74KB\n"")",1,,,
426.75,803.97,3.80s,2370.85\nTransfer/sec:,"791.73KB\n"")",1,,,
136.36,363.15,3.33s,2373.10\nTransfer/sec:,"792.48KB\n"")",1,,,
33.06,15.99,145.28,2376.70\nTransfer/sec:,"793.68KB\n"")",0,,,
235.03,626.04,3.42s,2374.61\nTransfer/sec:,"792.98KB\n"")",1,,,
263.95,658.53,3.42s,2373.78\nTransfer/sec:,"792.71KB\n"")",1,,,
97.14,267.26,1.82s,2373.79\nTransfer/sec:,"792.71KB\n"")",1,,,
104.67,272.8,1.79s,2372.71\nTransfer/sec:,"792.35KB\n"")",1,,,
306.52,710.69,3.44s,2371.71\nTransfer/sec:,"792.01KB\n"")",1,,,
66.12,135.37,2.00s,2352.57\nTransfer/sec:,"785.62KB\n"")",1,,,
32.99,14.97,134.53,2362.04\nTransfer/sec:,"788.79KB\n"")",0,,,
93.49,269.19,3.33s,2352.03\nTransfer/sec:,"785.44KB\n"")",1,,,
408.15,877.11,4.01s,2351.13\nTransfer/sec:,"785.14KB\n"")",1,,,
393.41,838.67,3.95s,2348.95\nTransfer/sec:,"784.41KB\n"")",1,,,
119.14,327.22,2.02s,2346.09\nTransfer/sec:,"783.46KB\n"")",1,,,
83.64,253.48,2.07s,2342.28\nTransfer/sec:,"782.19KB\n"")",1,,,
33.06,15.48,147.71,2335.26\nTransfer/sec:,"779.84KB\n"")",0,,,
33.36,14.73,125.76,2330.28\nTransfer/sec:,"778.18KB\n"")",0,,,
98.73,266.06,1.80s,2324.48\nTransfer/sec:,"776.24KB\n"")",1,,,
272.43,646.02,3.41s,2311.95\nTransfer/sec:,"772.06KB\n"")",1,,,
105.96,263.21,1.83s,2306.34\nTransfer/sec:,"770.18KB\n"")",1,,,
134.63,431.49,3.36s,2306.43\nTransfer/sec:,"770.21KB\n"")",1,,,
72.89,226.81,2.04s,2306.59\nTransfer/sec:,"770.27KB\n"")",1,,,
31.42,12.61,154.37,2320.36\nTransfer/sec:,"774.87KB\n"")",0,,,
242.39,650.86,3.43s,2312.73\nTransfer/sec:,"772.32KB\n"")",1,,,
184.9,560.79,3.39s,2306.43\nTransfer/sec:,"770.21KB\n"")",1,,,
114.16,279.38,1.99s,2291.90\nTransfer/sec:,"765.36KB\n"")",1,,,
143.81,346.91,2.00s,2281.07\nTransfer/sec:,"761.74KB\n"")",1,,,
75,232.64,2.03s,2154.21\nTransfer/sec:,"719.38KB\n"")",1,,,
32.13,13.69,125.44,2267.10\nTransfer/sec:,"757.08KB\n"")",0,,,
31.96,14.52,140.03,2258.06\nTransfer/sec:,"754.06KB\n"")",0,,,
92.37,258.93,1.78s,2251.51\nTransfer/sec:,"751.87KB\n"")",1,,,
272,686.49,3.44s,2234.12\nTransfer/sec:,"746.06KB\n"")",1,,,
117.91,310.58,2.00s,2237.42\nTransfer/sec:,"747.16KB\n"")",1,,,
128.9,321.55,1.99s,2237.31\nTransfer/sec:,"747.13KB\n"")",1,,,
47.31,131.76,2.00s,2241.67\nTransfer/sec:,"748.59KB\n"")",0,,,
31.96,12.68,118.14,2251.47\nTransfer/sec:,"751.86KB\n"")",0,,,
90.58,255.15,1.85s,2268.07\nTransfer/sec:,"757.40KB\n"")",1,,,
143.09,352.26,2.24s,2258.20\nTransfer/sec:,"754.11KB\n"")",1,,,
87.11,257.17,1.79s,2250.49\nTransfer/sec:,"751.53KB\n"")",1,,,
141.23,431.35,3.41s,2244.87\nTransfer/sec:,"749.66KB\n"")",1,,,
119.86,390.95,3.39s,2176.54\nTransfer/sec:,"726.83KB\n"")",1,,,
32.59,15.03,136.7,2251.35\nTransfer/sec:,"751.82KB\n"")",0,,,
31.92,13.59,121.79,2247.30\nTransfer/sec:,"750.46KB\n"")",0,,,
333.93,758.15,3.61s,2244.41\nTransfer/sec:,"749.50KB\n"")",1,,,
277.09,693.77,3.42s,2244.42\nTransfer/sec:,"749.50KB\n"")",1,,,
262.62,656.92,3.42s,2235.86\nTransfer/sec:,"746.64KB\n"")",1,,,
121.2,344.02,2.14s,2244.17\nTransfer/sec:,"749.42KB\n"")",1,,,
54.55,167.25,2.04s,2210.25\nTransfer/sec:,"738.09KB\n"")",0,,,
32.97,14.96,142.59,2240.46\nTransfer/sec:,"748.18KB\n"")",0,,,
345.57,785.31,3.97s,2235.44\nTransfer/sec:,"746.51KB\n"")",1,,,
335.9,762.48,3.96s,2232.78\nTransfer/sec:,"745.62KB\n"")",1,,,
391.59,833.49,3.96s,2220.97\nTransfer/sec:,"741.67KB\n"")",1,,,
228.93,651.01,3.41s,2132.39\nTransfer/sec:,"712.09KB\n"")",1,,,
31.5,12.48,118.78,2200.99\nTransfer/sec:,"735.00KB\n"")",0,,,
65.79,173.93,1.78s,2196.92\nTransfer/sec:,"733.64KB\n"")",1,,,
92.8,258.89,1.78s,2194.11\nTransfer/sec:,"732.70KB\n"")",1,,,
398.84,851.17,3.97s,2196.80\nTransfer/sec:,"733.60KB\n"")",1,,,
259.12,671.27,3.44s,2197.83\nTransfer/sec:,"733.94KB\n"")",1,,,
271.17,689.53,3.95s,2182.85\nTransfer/sec:,"728.94KB\n"")",1,,,
31.96,12.64,125.12,2194.19\nTransfer/sec:,"732.73KB\n"")",0,,,
89.4,236.41,1.95s,2182.74\nTransfer/sec:,"728.90KB\n"")",1,,,
316.03,758.12,4.01s,2185.23\nTransfer/sec:,"729.73KB\n"")",1,,,
86.51,256.77,1.80s,2179.45\nTransfer/sec:,"727.81KB\n"")",1,,,
113.64,303.53,1.97s,2172.51\nTransfer/sec:,"725.49KB\n"")",1,,,
90.86,257.88,1.82s,2160.65\nTransfer/sec:,"721.53KB\n"")",1,,,
87.99,274.19,2.90s,2142.87\nTransfer/sec:,"715.59KB\n"")",1,,,
39.25,22.8,280.58,2110.05\nTransfer/sec:,"704.63KB\n"")",0,,,
242.7,659.58,3.43s,2115.89\nTransfer/sec:,"706.57KB\n"")",1,,,
97.88,257.85,1.82s,2105.62\nTransfer/sec:,"703.15KB\n"")",1,,,
141.56,371.84,3.31s,2100.45\nTransfer/sec:,"701.42KB\n"")",1,,,
280.86,682.45,3.43s,2083.64\nTransfer/sec:,"695.81KB\n"")",1,,,
59.99,212.53,1.92s,2026.44\nTransfer/sec:,"676.70KB\n"")",0,,,
30.62,10.69,134.53,2073.83\nTransfer/sec:,"692.53KB\n"")",0,,,
30.92,11.71,124.16,2068.67\nTransfer/sec:,"690.81KB\n"")",0,,,
276.13,656.71,3.48s,2055.57\nTransfer/sec:,"686.43KB\n"")",1,,,
129.59,378.57,3.37s,2056.93\nTransfer/sec:,"686.88KB\n"")",1,,,
213.07,579.73,3.59s,2043.47\nTransfer/sec:,"682.39KB\n"")",1,,,
80.83,244.38,1.79s,2046.99\nTransfer/sec:,"683.57KB\n"")",1,,,
28.68,12.01,79.36,2042.10\nTransfer/sec:,"681.93KB\n"")",0,,,
31.29,11.01,112.06,2035.25\nTransfer/sec:,"679.65KB\n"")",0,,,
93.52,250.59,1.82s,2025.20\nTransfer/sec:,"676.29KB\n"")",1,,,
233.38,647.39,3.42s,2026.23\nTransfer/sec:,"676.63KB\n"")",1,,,
397.35,850.21,4.00s,2024.27\nTransfer/sec:,"675.98KB\n"")",1,,,
216.21,621.07,3.49s,2023.29\nTransfer/sec:,"675.65KB\n"")",1,,,
86.02,271.57,2.21s,1966.88\nTransfer/sec:,"656.85KB\n"")",1,,,
30.85,11.74,119.36,2018.19\nTransfer/sec:,"673.95KB\n"")",0,,,
31.34,10.14,147.58,2010.18\nTransfer/sec:,"671.28KB\n"")",0,,,
89.38,255.44,1.84s,2003.48\nTransfer/sec:,"669.05KB\n"")",1,,,
292.13,754.39,3.73s,1991.24\nTransfer/sec:,"664.98KB\n"")",1,,,
94.22,253.14,1.82s,1983.64\nTransfer/sec:,"662.45KB\n"")",1,,,
85.32,249.89,1.82s,1983.81\nTransfer/sec:,"662.50KB\n"")",1,,,
107.78,259.04,2.11s,1965.18\nTransfer/sec:,"656.29KB\n"")",1,,,
30.05,9.87,91.84,1974.00\nTransfer/sec:,"659.23KB\n"")",0,,,
82.18,244.97,1.82s,1970.05\nTransfer/sec:,"657.92KB\n"")",1,,,
276.08,666.78,3.42s,1968.19\nTransfer/sec:,"657.29KB\n"")",1,,,
269.31,676.93,3.51s,1966.23\nTransfer/sec:,"656.64KB\n"")",1,,,
81.31,250.54,1.83s,1964.01\nTransfer/sec:,"655.90KB\n"")",1,,,
42.35,29.76,547.84,1955.89\nTransfer/sec:,"653.19KB\n"")",0,,,
30.51,9.88,72.64,1960.33\nTransfer/sec:,"654.67KB\n"")",0,,,
82.72,243.72,1.83s,1959.29\nTransfer/sec:,"654.32KB\n"")",1,,,
85.22,251.82,1.84s,1956.26\nTransfer/sec:,"653.31KB\n"")",1,,,
293.15,708.94,3.61s,1956.26\nTransfer/sec:,"653.31KB\n"")",1,,,
111.18,303.96,1.99s,1950.34\nTransfer/sec:,"651.33KB\n"")",1,,,
87.09,252.09,1.80s,1949.35\nTransfer/sec:,"651.00KB\n"")",1,,,
30.46,10.38,89.09,1949.26\nTransfer/sec:,"650.97KB\n"")",0,,,
30.38,9.68,76.54,1945.34\nTransfer/sec:,"649.67KB\n"")",0,,,
172.34,544.11,3.40s,1945.53\nTransfer/sec:,"649.73KB\n"")",1,,,
332.29,783.02,3.60s,1941.42\nTransfer/sec:,"648.35KB\n"")",1,,,
129.54,342.07,2.03s,1940.41\nTransfer/sec:,"648.02KB\n"")",1,,,
80.46,246.3,1.82s,1939.51\nTransfer/sec:,"647.72KB\n"")",1,,,
35.78,61.74,987.14,1938.42\nTransfer/sec:,"647.35KB\n"")",0,,,
30.11,9.78,80.19,1934.63\nTransfer/sec:,"646.09KB\n"")",0,,,
226.68,639.87,3.42s,1929.62\nTransfer/sec:,"644.41KB\n"")",1,,,
404.96,866.67,4.00s,1925.70\nTransfer/sec:,"643.10KB\n"")",1,,,
102.42,246.07,3.29s,1907.36\nTransfer/sec:,"636.98KB\n"")",1,,,
269.46,668.27,3.41s,1916.83\nTransfer/sec:,"640.14KB\n"")",1,,,
76.9,203.03,1.93s,1918.84\nTransfer/sec:,"640.81KB\n"")",1,,,
33.11,10.26,89.28,1919.83\nTransfer/sec:,"641.14KB\n"")",0,,,
103.56,287.01,3.79s,1918.86\nTransfer/sec:,"640.82KB\n"")",1,,,
258.83,671.91,4.30s,1922.87\nTransfer/sec:,"642.16KB\n"")",1,,,
91.45,251.61,1.87s,1924.94\nTransfer/sec:,"642.85KB\n"")",1,,,
85.72,250.6,1.87s,1932.55\nTransfer/sec:,"645.39KB\n"")",1,,,
77.15,248.53,2.04s,1932.43\nTransfer/sec:,"645.35KB\n"")",1,,,
30.06,9.69,71.62,1930.55\nTransfer/sec:,"644.73KB\n"")",0,,,
81.01,243.67,1.81s,1927.77\nTransfer/sec:,"643.80KB\n"")",1,,,
54.92,118.74,1.74s,1924.62\nTransfer/sec:,"642.75KB\n"")",0,,,
220.92,705.64,7.57s,1923.64\nTransfer/sec:,"642.42KB\n"")",1,,,
108.44,251.48,1.88s,1907.38\nTransfer/sec:,"636.98KB\n"")",1,,,
40.53,90.25,1.04s,1923.54\nTransfer/sec:,"642.38KB\n"")",0,,,
29.5,9.58,72.26,1922.64\nTransfer/sec:,"642.08KB\n"")",0,,,
236.03,637.42,3.46s,1918.90\nTransfer/sec:,"640.83KB\n"")",1,,,
109.63,301.62,1.99s,1924.70\nTransfer/sec:,"642.77KB\n"")",1,,,
90,247.13,1.79s,1922.03\nTransfer/sec:,"641.88KB\n"")",1,,,
273.82,686.92,3.93s,1926.81\nTransfer/sec:,"643.47KB\n"")",1,,,
90.28,248.52,1.93s,1920.85\nTransfer/sec:,"641.49KB\n"")",1,,,
30.25,10.79,459.78,1910.73\nTransfer/sec:,"638.10KB\n"")",0,,,
29.78,9.68,80.45,1927.76\nTransfer/sec:,"643.79KB\n"")",0,,,
114.59,402.92,3.36s,1928.78\nTransfer/sec:,"644.13KB\n"")",1,,,
59.43,134.7,1.79s,1927.59\nTransfer/sec:,"643.74KB\n"")",0,,,
153.14,405.68,3.91s,1928.64\nTransfer/sec:,"644.09KB\n"")",1,,,
118.08,346.88,3.41s,1925.23\nTransfer/sec:,"642.95KB\n"")",1,,,
30.23,9.8,84.99,1936.65\nTransfer/sec:,"646.76KB\n"")",0,,,
95.81,294.09,2.52s,1938.63\nTransfer/sec:,"647.42KB\n"")",1,,,
128.86,324.29,2.00s,1934.17\nTransfer/sec:,"645.93KB\n"")",1,,,
94.33,260.71,1.83s,1944.46\nTransfer/sec:,"649.37KB\n"")",1,,,
80.69,245.26,1.83s,1944.43\nTransfer/sec:,"649.36KB\n"")",1,,,
118.99,323.63,3.59s,1941.54\nTransfer/sec:,"648.39KB\n"")",1,,,
26.98,12.53,70.46,1939.44\nTransfer/sec:,"647.69KB\n"")",0,,,
30.04,9.72,74.05,1931.51\nTransfer/sec:,"645.04KB\n"")",0,,,
96.34,241.64,1.82s,1921.95\nTransfer/sec:,"641.85KB\n"")",1,,,
113.88,311.32,1.97s,1923.68\nTransfer/sec:,"642.43KB\n"")",1,,,
130.4,342.14,3.39s,1922.77\nTransfer/sec:,"642.13KB\n"")",1,,,
48.91,102.38,995.84,1921.55\nTransfer/sec:,"641.72KB\n"")",0,,,
64.06,175.41,1.79s,1917.74\nTransfer/sec:,"640.45KB\n"")",1,,,
45.97,91.76,987.14,1913.71\nTransfer/sec:,"639.10KB\n"")",0,,,
35,31.03,562.69,1913.64\nTransfer/sec:,"639.08KB\n"")",0,,,
33.28,10.29,81.6,1911.69\nTransfer/sec:,"638.42KB\n"")",0,,,
197.7,604.58,7.70s,1908.00\nTransfer/sec:,"637.19KB\n"")",1,,,
84.08,205.67,2.02s,1899.83\nTransfer/sec:,"634.47KB\n"")",1,,,
243.38,752.41,7.83s,1891.90\nTransfer/sec:,"631.82KB\n"")",1,,,
89.69,283.34,1.99s,1846.40\nTransfer/sec:,"616.62KB\n"")",1,,,
30.07,9.67,84.86,1882.23\nTransfer/sec:,"628.59KB\n"")",0,,,
43.28,19.57,221.95,1872.63\nTransfer/sec:,"625.38KB\n"")",0,,,
276.56,843.2,7.57s,1873.27\nTransfer/sec:,"625.59KB\n"")",1,,,
51.39,107.23,1.05s,1869.39\nTransfer/sec:,"624.30KB\n"")",0,,,
245.69,720.66,7.57s,1864.47\nTransfer/sec:,"622.66KB\n"")",1,,,
41.47,44.15,917.5,1855.48\nTransfer/sec:,"619.65KB\n"")",0,,,
30.84,10.02,83.97,1858.75\nTransfer/sec:,"620.74KB\n"")",0,,,
150.69,466.47,3.45s,1849.63\nTransfer/sec:,"617.70KB\n"")",1,,,
80.62,240.25,1.81s,1848.85\nTransfer/sec:,"617.44KB\n"")",1,,,
76.16,175.15,2.00s,1840.61\nTransfer/sec:,"614.69KB\n"")",1,,,
210.64,659.01,7.70s,1834.81\nTransfer/sec:,"612.75KB\n"")",1,,,
30.33,10.21,79.17,1829.13\nTransfer/sec:,"610.85KB\n"")",0,,,
33.15,10.29,78.66,1823.69\nTransfer/sec:,"609.03KB\n"")",0,,,
70.3,173.2,1.80s,1812.73\nTransfer/sec:,"605.38KB\n"")",1,,,
55.87,124.48,1.68s,1819.03\nTransfer/sec:,"607.48KB\n"")",0,,,
42.35,85.83,966.14,1821.78\nTransfer/sec:,"608.40KB\n"")",0,,,
269.34,832.34,7.44s,1821.83\nTransfer/sec:,"608.41KB\n"")",1,,,
87.85,248.36,1.83s,1816.65\nTransfer/sec:,"606.68KB\n"")",1,,,
41.23,26.65,505.09,1817.47\nTransfer/sec:,"606.96KB\n"")",0,,,
36.29,16.78,254.34,1815.22\nTransfer/sec:,"606.21KB\n"")",0,,,
79.07,241.98,1.83s,1820.85\nTransfer/sec:,"608.09KB\n"")",1,,,
70.27,130.56,1.04s,1815.10\nTransfer/sec:,"606.16KB\n"")",1,,,
271.85,855.33,7.83s,1822.90\nTransfer/sec:,"608.77KB\n"")",1,,,
105.7,250.38,1.88s,1816.21\nTransfer/sec:,"606.54KB\n"")",1,,,
39.72,16.79,244.99,1816.42\nTransfer/sec:,"606.61KB\n"")",0,,,
110.98,406.09,5.92s,1823.93\nTransfer/sec:,"609.11KB\n"")",1,,,
103.08,259.25,1.85s,1824.01\nTransfer/sec:,"609.14KB\n"")",1,,,
233.11,641.11,3.42s,1838.12\nTransfer/sec:,"613.85KB\n"")",1,,,
92.76,248.33,1.98s,1844.55\nTransfer/sec:,"616.00KB\n"")",1,,,
86.28,280.45,4.99s,1820.98\nTransfer/sec:,"608.13KB\n"")",1,,,
30.33,9.72,66.11,1856.74\nTransfer/sec:,"620.07KB\n"")",0,,,
111.54,387.02,3.60s,1863.36\nTransfer/sec:,"622.28KB\n"")",1,,,
236.55,631.99,3.53s,1871.17\nTransfer/sec:,"624.89KB\n"")",1,,,
136.59,389.55,3.43s,1873.58\nTransfer/sec:,"625.70KB\n"")",1,,,
237.37,650.91,3.49s,1882.76\nTransfer/sec:,"628.76KB\n"")",1,,,
36.67,21.8,268.54,1891.86\nTransfer/sec:,"631.80KB\n"")",0,,,
30.32,9.86,73.02,1906.99\nTransfer/sec:,"636.86KB\n"")",0,,,
207.95,599.83,3.42s,1917.88\nTransfer/sec:,"640.49KB\n"")",1,,,
139.27,415.75,3.42s,1927.65\nTransfer/sec:,"643.76KB\n"")",1,,,
239.66,680.26,3.59s,1939.59\nTransfer/sec:,"647.74KB\n"")",1,,,
231.6,647.37,3.44s,1949.35\nTransfer/sec:,"651.00KB\n"")",1,,,
241.26,656.61,3.46s,1929.10\nTransfer/sec:,"644.24KB\n"")",1,,,
30.43,9.8,71.74,1976.99\nTransfer/sec:,"660.23KB\n"")",0,,,
30.2,9.88,75.78,1989.65\nTransfer/sec:,"664.44KB\n"")",0,,,
229.02,647.96,3.44s,1999.63\nTransfer/sec:,"667.77KB\n"")",1,,,
220.2,637.45,3.48s,2007.27\nTransfer/sec:,"670.31KB\n"")",1,,,
95.49,263.43,1.79s,2021.35\nTransfer/sec:,"675.00KB\n"")",1,,,
82.82,249.54,1.79s,2036.15\nTransfer/sec:,"679.95KB\n"")",1,,,
29.64,20.96,491.01,2052.09\nTransfer/sec:,"685.27KB\n"")",0,,,
34.96,20.39,238.98,2059.08\nTransfer/sec:,"687.60KB\n"")",0,,,
248.5,660.66,3.48s,2074.93\nTransfer/sec:,"692.90KB\n"")",1,,,
104.52,279.12,1.80s,2096.34\nTransfer/sec:,"700.05KB\n"")",1,,,
98.05,268.54,3.30s,2111.02\nTransfer/sec:,"704.95KB\n"")",1,,,
247.56,661.39,3.40s,2129.87\nTransfer/sec:,"711.24KB\n"")",1,,,
149.93,484.67,3.71s,2073.39\nTransfer/sec:,"692.38KB\n"")",1,,,
34.41,13.88,132.1,2159.09\nTransfer/sec:,"721.00KB\n"")",0,,,
70.6,76.28,1.07s,2157.43\nTransfer/sec:,"720.45KB\n"")",1,,,
102.47,272.79,3.32s,2181.83\nTransfer/sec:,"728.60KB\n"")",1,,,
85.27,254.44,1.78s,2201.24\nTransfer/sec:,"735.08KB\n"")",1,,,
87.19,255.05,1.79s,2211.95\nTransfer/sec:,"738.66KB\n"")",1,,,
141.25,343.36,2.02s,2222.85\nTransfer/sec:,"742.30KB\n"")",1,,,
35.4,61.91,1.02s,2236.44\nTransfer/sec:,"746.84KB\n"")",0,,,
31.98,13.53,135.81,2247.19\nTransfer/sec:,"750.43KB\n"")",0,,,
260.38,680.56,3.42s,2261.11\nTransfer/sec:,"755.08KB\n"")",1,,,
133,331.54,2.03s,2271.93\nTransfer/sec:,"758.69KB\n"")",1,,,
96.91,261.41,1.83s,2274.53\nTransfer/sec:,"759.56KB\n"")",1,,,
99.47,264.43,1.83s,2287.66\nTransfer/sec:,"763.95KB\n"")",1,,,
68.94,180.21,2.58s,2229.67\nTransfer/sec:,"744.58KB\n"")",1,,,
32.96,15.73,140.8,2305.62\nTransfer/sec:,"769.94KB\n"")",0,,,
99.16,258.05,1.80s,2304.58\nTransfer/sec:,"769.60KB\n"")",1,,,
114.98,280.56,3.37s,2312.67\nTransfer/sec:,"772.30KB\n"")",1,,,
140.18,347.24,2.11s,2326.26\nTransfer/sec:,"776.84KB\n"")",1,,,
106.09,284.17,1.96s,2331.44\nTransfer/sec:,"778.57KB\n"")",1,,,
131.43,330.65,2.05s,2335.23\nTransfer/sec:,"779.83KB\n"")",1,,,
32.74,15.96,148.99,2335.88\nTransfer/sec:,"780.05KB\n"")",0,,,
33.76,16.88,145.28,2348.98\nTransfer/sec:,"784.42KB\n"")",0,,,
91.24,256.31,1.78s,2352.98\nTransfer/sec:,"785.76KB\n"")",1,,,
261.54,645.52,3.46s,2356.94\nTransfer/sec:,"787.08KB\n"")",1,,,
124.37,317.18,1.98s,2364.79\nTransfer/sec:,"789.70KB\n"")",1,,,
147.83,351.93,2.06s,2369.73\nTransfer/sec:,"791.36KB\n"")",1,,,
38.53,74.83,1.05s,2311.69\nTransfer/sec:,"771.97KB\n"")",0,,,
33.27,16.37,145.02,2383.59\nTransfer/sec:,"795.98KB\n"")",0,,,
33.31,16.47,144.13,2388.59\nTransfer/sec:,"797.65KB\n"")",0,,,
94.9,263.07,1.79s,2389.46\nTransfer/sec:,"797.94KB\n"")",1,,,
184.92,459.88,3.39s,2390.53\nTransfer/sec:,"798.30KB\n"")",1,,,
99.38,261.31,1.81s,2385.11\nTransfer/sec:,"796.49KB\n"")",1,,,
122.08,335.1,2.09s,2395.26\nTransfer/sec:,"799.88KB\n"")",1,,,
37.41,26.03,302.59,2394.05\nTransfer/sec:,"799.48KB\n"")",0,,,
32.79,15.98,143.36,2406.44\nTransfer/sec:,"803.61KB\n"")",0,,,
280.33,692.51,3.44s,2408.35\nTransfer/sec:,"804.25KB\n"")",1,,,
324.86,768.39,3.43s,2422.05\nTransfer/sec:,"808.83KB\n"")",1,,,
310.63,713.5,3.47s,2418.36\nTransfer/sec:,"807.60KB\n"")",1,,,
202.21,536.99,4.33s,2421.25\nTransfer/sec:,"808.56KB\n"")",1,,,
141.41,350.47,2.90s,2413.72\nTransfer/sec:,"806.05KB\n"")",1,,,
33.77,17.09,146.3,2430.97\nTransfer/sec:,"811.81KB\n"")",0,,,
33.79,17.72,157.06,2436.96\nTransfer/sec:,"813.81KB\n"")",0,,,
97.75,267.28,1.79s,2442.72\nTransfer/sec:,"815.73KB\n"")",1,,,
135.51,338,1.98s,2444.73\nTransfer/sec:,"816.40KB\n"")",1,,,
96.19,272.42,3.31s,2450.53\nTransfer/sec:,"818.34KB\n"")",1,,,
148.41,370.41,3.41s,2457.59\nTransfer/sec:,"820.70KB\n"")",1,,,
66.34,227.63,1.85s,2412.64\nTransfer/sec:,"805.69KB\n"")",1,,,
42.29,27.96,345.6,2455.93\nTransfer/sec:,"820.14KB\n"")",0,,,
269.19,687.33,3.42s,2465.55\nTransfer/sec:,"823.36KB\n"")",1,,,
102.52,264.89,1.80s,2459.76\nTransfer/sec:,"821.42KB\n"")",1,,,
95.97,276.8,3.39s,2472.46\nTransfer/sec:,"825.66KB\n"")",1,,,
157.83,370.53,2.12s,2471.24\nTransfer/sec:,"825.26KB\n"")",1,,,
96.11,271.92,1.79s,2467.71\nTransfer/sec:,"824.08KB\n"")",1,,,
32.11,19.42,154.11,2463.53\nTransfer/sec:,"822.68KB\n"")",0,,,
59.76,114.56,1.27s,2449.41\nTransfer/sec:,"817.97KB\n"")",0,,,
33.93,19.55,139.01,2454.94\nTransfer/sec:,"819.81KB\n"")",0,,,
220.02,561.78,3.75s,2450.72\nTransfer/sec:,"818.41KB\n"")",1,,,
155.14,368.47,3.33s,2448.76\nTransfer/sec:,"817.75KB\n"")",1,,,
103.52,289.85,1.91s,2447.77\nTransfer/sec:,"817.42KB\n"")",1,,,
50.95,127.18,1.97s,2386.66\nTransfer/sec:,"797.01KB\n"")",0,,,
34.67,18.54,163.58,2453.49\nTransfer/sec:,"819.33KB\n"")",0,,,
47.18,26.92,350.98,2444.37\nTransfer/sec:,"816.28KB\n"")",0,,,
99.81,269.05,1.79s,2449.84\nTransfer/sec:,"818.11KB\n"")",1,,,
132.79,332.99,2.03s,2443.81\nTransfer/sec:,"816.10KB\n"")",1,,,
106.47,267.88,1.80s,2429.09\nTransfer/sec:,"811.18KB\n"")",1,,,
126.06,337.26,3.33s,2428.06\nTransfer/sec:,"810.84KB\n"")",1,,,
58.52,174.84,2.03s,2422.31\nTransfer/sec:,"808.92KB\n"")",0,,,
34.07,17.93,157.31,2417.17\nTransfer/sec:,"807.20KB\n"")",0,,,
63.29,181.88,2.11s,2413.95\nTransfer/sec:,"806.12KB\n"")",1,,,
98.98,268.34,1.80s,2413.15\nTransfer/sec:,"805.86KB\n"")",1,,,
117.8,304.93,2.01s,2408.32\nTransfer/sec:,"804.24KB\n"")",1,,,
116.44,298.4,1.97s,2405.21\nTransfer/sec:,"803.20KB\n"")",1,,,
174.76,396.13,2.13s,2400.30\nTransfer/sec:,"801.56KB\n"")",1,,,
89.66,246.87,2.19s,2322.09\nTransfer/sec:,"775.44KB\n"")",1,,,
33.6,16.04,136.58,2390.39\nTransfer/sec:,"798.26KB\n"")",0,,,
33.55,17.28,151.3,2385.60\nTransfer/sec:,"796.66KB\n"")",0,,,
105.6,264.37,1.81s,2374.28\nTransfer/sec:,"792.88KB\n"")",1,,,
91.01,262.56,1.80s,2373.64\nTransfer/sec:,"792.66KB\n"")",1,,,
96.66,303.72,3.31s,2365.83\nTransfer/sec:,"790.05KB\n"")",1,,,
103.34,302.07,2.53s,2359.04\nTransfer/sec:,"787.78KB\n"")",1,,,
31.22,23.73,496.64,2351.16\nTransfer/sec:,"785.15KB\n"")",0,,,
32.55,15.7,147.71,2343.14\nTransfer/sec:,"782.47KB\n"")",0,,,
102.9,258.85,1.78s,2334.79\nTransfer/sec:,"779.69KB\n"")",1,,,
96.95,265.77,1.79s,2338.08\nTransfer/sec:,"780.79KB\n"")",1,,,
131.43,382.56,2.77s,2324.32\nTransfer/sec:,"776.19KB\n"")",1,,,
91.06,260.32,1.79s,2324.53\nTransfer/sec:,"776.26KB\n"")",1,,,
266.06,697.82,3.43s,2313.97\nTransfer/sec:,"772.73KB\n"")",1,,,
40.31,74.76,1.01s,2306.30\nTransfer/sec:,"770.17KB\n"")",0,,,
33.36,16.14,168.58,2295.73\nTransfer/sec:,"766.64KB\n"")",0,,,
98.97,260.06,1.79s,2273.68\nTransfer/sec:,"759.28KB\n"")",1,,,
332.25,813.99,3.65s,2268.07\nTransfer/sec:,"757.40KB\n"")",1,,,
97.66,266.82,1.78s,2258.16\nTransfer/sec:,"754.09KB\n"")",1,,,
91.81,256.57,1.77s,2250.45\nTransfer/sec:,"751.52KB\n"")",1,,,
36.78,65.07,1.05s,2182.44\nTransfer/sec:,"728.80KB\n"")",0,,,
32.4,14.53,123.52,2237.46\nTransfer/sec:,"747.18KB\n"")",0,,,
198.18,572.24,3.42s,2224.07\nTransfer/sec:,"742.71KB\n"")",1,,,
99.6,267.51,1.80s,2228.51\nTransfer/sec:,"744.19KB\n"")",1,,,
198.82,574.53,3.41s,2217.56\nTransfer/sec:,"740.53KB\n"")",1,,,
86.08,253.92,1.80s,2207.91\nTransfer/sec:,"737.31KB\n"")",1,,,
155.86,384.76,2.05s,2195.03\nTransfer/sec:,"733.01KB\n"")",1,,,
32.17,14.85,130.94,2155.78\nTransfer/sec:,"719.90KB\n"")",0,,,
32.29,14.38,131.46,2172.63\nTransfer/sec:,"725.53KB\n"")",0,,,
90.21,257.07,1.80s,2164.53\nTransfer/sec:,"722.82KB\n"")",1,,,
120.82,315.59,2.00s,2156.51\nTransfer/sec:,"720.14KB\n"")",1,,,
120.91,303.76,2.77s,2141.67\nTransfer/sec:,"715.19KB\n"")",1,,,
233.56,625.89,3.46s,2133.18\nTransfer/sec:,"712.35KB\n"")",1,,,
100,294.75,2.99s,2130.77\nTransfer/sec:,"711.55KB\n"")",1,,,
32.02,13.86,126.34,2126.70\nTransfer/sec:,"710.19KB\n"")",0,,,
46.15,116.99,1.82s,2123.21\nTransfer/sec:,"709.02KB\n"")",0,,,
338.87,745.22,4.21s,2104.15\nTransfer/sec:,"702.66KB\n"")",1,,,
159.51,394.18,2.86s,2113.37\nTransfer/sec:,"705.73KB\n"")",1,,,
103.69,278.63,1.97s,2106.16\nTransfer/sec:,"703.33KB\n"")",1,,,
127.76,332.92,2.02s,2098.14\nTransfer/sec:,"700.65KB\n"")",1,,,
36.56,69.02,1.03s,2092.65\nTransfer/sec:,"698.82KB\n"")",0,,,
46.36,25.8,333.57,2080.96\nTransfer/sec:,"694.91KB\n"")",0,,,
242.6,658.56,3.47s,2081.73\nTransfer/sec:,"695.17KB\n"")",1,,,
138.95,431.06,3.39s,2073.03\nTransfer/sec:,"692.26KB\n"")",1,,,
81.71,250.21,1.84s,2078.62\nTransfer/sec:,"694.13KB\n"")",1,,,
137.32,342.38,3.32s,2072.93\nTransfer/sec:,"692.23KB\n"")",1,,,
83.52,278.58,2.04s,2043.26\nTransfer/sec:,"682.32KB\n"")",1,,,
31.61,11.64,131.46,2082.73\nTransfer/sec:,"695.50KB\n"")",0,,,
282.75,757.07,4.17s,2082.81\nTransfer/sec:,"695.53KB\n"")",1,,,
84.74,253.55,1.78s,2081.84\nTransfer/sec:,"695.20KB\n"")",1,,,
174.19,451.32,2.79s,2080.73\nTransfer/sec:,"694.83KB\n"")",1,,,
137.07,348.61,2.06s,2075.66\nTransfer/sec:,"693.14KB\n"")",1,,,
107.51,270.4,1.82s,2062.44\nTransfer/sec:,"688.73KB\n"")",1,,,
31.38,12.17,110.21,2061.96\nTransfer/sec:,"688.57KB\n"")",0,,,
31.72,13.48,118.46,2057.84\nTransfer/sec:,"687.19KB\n"")",0,,,
90.36,252.29,1.81s,2051.03\nTransfer/sec:,"684.92KB\n"")",1,,,
121.31,327.5,2.95s,2052.86\nTransfer/sec:,"685.52KB\n"")",1,,,
83.86,250.52,1.79s,2055.93\nTransfer/sec:,"686.55KB\n"")",1,,,
80.43,243.71,1.79s,2052.07\nTransfer/sec:,"685.26KB\n"")",1,,,
47.83,107.25,1.95s,2041.61\nTransfer/sec:,"681.77KB\n"")",0,,,
30.56,10.85,112.32,2042.20\nTransfer/sec:,"681.96KB\n"")",0,,,
137.92,477.4,3.40s,2038.10\nTransfer/sec:,"680.60KB\n"")",1,,,
86.64,248.49,1.83s,2034.22\nTransfer/sec:,"679.30KB\n"")",1,,,
324.78,749.96,3.60s,2028.77\nTransfer/sec:,"677.48KB\n"")",1,,,
445.37,907.25,4.01s,2026.25\nTransfer/sec:,"676.64KB\n"")",1,,,
154.81,380.04,2.78s,2004.27\nTransfer/sec:,"669.30KB\n"")",1,,,
33.99,49.61,980.99,2022.26\nTransfer/sec:,"675.31KB\n"")",0,,,
30.66,11.46,111.04,2020.18\nTransfer/sec:,"674.61KB\n"")",0,,,
86.41,258.85,3.32s,2021.42\nTransfer/sec:,"675.02KB\n"")",1,,,
205.74,557.69,3.41s,2021.29\nTransfer/sec:,"674.98KB\n"")",1,,,
122.45,330.86,2.76s,2023.28\nTransfer/sec:,"675.65KB\n"")",1,,,
289.55,679.24,3.50s,2016.66\nTransfer/sec:,"673.44KB\n"")",1,,,
27.64,19.66,489.47,1915.87\nTransfer/sec:,"639.82KB\n"")",0,,,
30.63,11.12,105.28,2020.66\nTransfer/sec:,"674.77KB\n"")",0,,,
38.46,19.44,300.03,2007.17\nTransfer/sec:,"670.27KB\n"")",0,,,
258.93,664.78,3.50s,2000.08\nTransfer/sec:,"667.91KB\n"")",1,,,
112.14,318.24,2.16s,1998.50\nTransfer/sec:,"667.39KB\n"")",1,,,
80.58,245.12,1.80s,1994.58\nTransfer/sec:,"666.09KB\n"")",1,,,
87.98,253.73,1.83s,1986.76\nTransfer/sec:,"663.48KB\n"")",1,,,
36.35,73.14,995.84,1979.95\nTransfer/sec:,"661.21KB\n"")",0,,,
30.37,10.34,95.42,1972.91\nTransfer/sec:,"658.87KB\n"")",0,,,
30.01,9.78,87.81,1971.01\nTransfer/sec:,"658.24KB\n"")",0,,,
267.59,671.83,3.42s,1970.09\nTransfer/sec:,"657.93KB\n"")",1,,,
103.55,289.93,1.86s,1969.24\nTransfer/sec:,"657.65KB\n"")",1,,,
80.85,247.19,1.87s,1966.24\nTransfer/sec:,"656.64KB\n"")",1,,,
81.32,242.8,1.81s,1959.35\nTransfer/sec:,"654.34KB\n"")",1,,,
78.59,251.5,2.05s,1898.70\nTransfer/sec:,"634.09KB\n"")",1,,,
36.93,17.03,258.18,1942.50\nTransfer/sec:,"648.72KB\n"")",0,,,
225.13,621.26,3.50s,1938.08\nTransfer/sec:,"647.24KB\n"")",1,,,
226.57,620.9,3.97s,1940.40\nTransfer/sec:,"648.02KB\n"")",1,,,
115.45,346.97,3.38s,1925.26\nTransfer/sec:,"642.96KB\n"")",1,,,
266.35,695.78,4.26s,1926.66\nTransfer/sec:,"643.43KB\n"")",1,,,
79.28,252.67,3.31s,1922.65\nTransfer/sec:,"642.09KB\n"")",1,,,
40.59,19.5,303.87,1913.04\nTransfer/sec:,"638.88KB\n"")",0,,,
30.44,9.77,75.39,1916.78\nTransfer/sec:,"640.13KB\n"")",0,,,
110.26,308.47,2.00s,1913.80\nTransfer/sec:,"639.13KB\n"")",1,,,
254.96,638.8,3.59s,1910.79\nTransfer/sec:,"638.12KB\n"")",1,,,
264.38,669.65,3.44s,1906.99\nTransfer/sec:,"636.86KB\n"")",1,,,
111.87,306.52,1.97s,1900.80\nTransfer/sec:,"634.79KB\n"")",1,,,
27.48,19.37,489.47,1898.01\nTransfer/sec:,"633.86KB\n"")",0,,,
36.86,17.42,247.42,1883.84\nTransfer/sec:,"629.12KB\n"")",0,,,
80.18,239.5,1.86s,1883.14\nTransfer/sec:,"628.89KB\n"")",1,,,
371.45,824.99,3.98s,1874.35\nTransfer/sec:,"625.95KB\n"")",1,,,
83.81,248.92,1.79s,1868.59\nTransfer/sec:,"624.03KB\n"")",1,,,
91.24,257.75,1.81s,1866.56\nTransfer/sec:,"623.35KB\n"")",1,,,
95.86,245.53,1.84s,1858.82\nTransfer/sec:,"620.77KB\n"")",1,,,
37.67,17.7,293.89,1860.34\nTransfer/sec:,"621.28KB\n"")",0,,,
29.74,9.63,71.62,1863.45\nTransfer/sec:,"622.31KB\n"")",0,,,
59.19,111.27,1.71s,1855.33\nTransfer/sec:,"619.60KB\n"")",0,,,
275.28,677.42,3.80s,1861.23\nTransfer/sec:,"621.57KB\n"")",1,,,
86.5,251.24,1.83s,1857.71\nTransfer/sec:,"620.40KB\n"")",1,,,
65.05,177.11,1.83s,1852.27\nTransfer/sec:,"618.58KB\n"")",1,,,
32.99,10.28,85.82,1850.48\nTransfer/sec:,"617.98KB\n"")",0,,,
106.28,366.97,3.44s,1850.47\nTransfer/sec:,"617.98KB\n"")",1,,,
70.38,153.87,1.74s,1847.55\nTransfer/sec:,"617.01KB\n"")",1,,,
190.05,572.59,7.34s,1843.90\nTransfer/sec:,"615.78KB\n"")",1,,,
126.49,311.52,2.06s,1843.78\nTransfer/sec:,"615.75KB\n"")",1,,,
74.96,39.68,581.63,1832.02\nTransfer/sec:,"611.82KB\n"")",1,,,
30.06,9.8,91.97,1849.71\nTransfer/sec:,"617.73KB\n"")",0,,,
207.04,592.71,3.50s,1844.28\nTransfer/sec:,"615.91KB\n"")",1,,,
332.76,781.51,3.97s,1852.31\nTransfer/sec:,"618.60KB\n"")",1,,,
122.27,327.13,3.29s,1852.52\nTransfer/sec:,"618.66KB\n"")",1,,,
83.09,246.9,1.82s,1850.52\nTransfer/sec:,"618.00KB\n"")",1,,,
102.15,280.71,3.67s,1758.84\nTransfer/sec:,"587.38KB\n"")",1,,,
45.22,21.53,291.84,1835.78\nTransfer/sec:,"613.07KB\n"")",0,,,
31.39,59.15,3.29s,1836.91\nTransfer/sec:,"613.45KB\n"")",0,,,
87.14,244.48,1.87s,1824.54\nTransfer/sec:,"609.32KB\n"")",1,,,
93.6,237.12,2.00s,1826.02\nTransfer/sec:,"609.81KB\n"")",1,,,
49.26,112.02,1.74s,1823.81\nTransfer/sec:,"609.08KB\n"")",0,,,
199.65,623.84,3.92s,1752.14\nTransfer/sec:,"585.14KB\n"")",1,,,
39.27,18.94,250.62,1814.14\nTransfer/sec:,"605.85KB\n"")",0,,,
36.97,18.06,217.86,1814.68\nTransfer/sec:,"606.02KB\n"")",0,,,
105.96,294.17,2.00s,1821.01\nTransfer/sec:,"608.14KB\n"")",1,,,
270.67,644.63,3.77s,1814.74\nTransfer/sec:,"606.04KB\n"")",1,,,
99.78,319.77,3.41s,1819.18\nTransfer/sec:,"607.53KB\n"")",1,,,
103.23,259.41,3.35s,1813.20\nTransfer/sec:,"605.53KB\n"")",1,,,
33.24,14.57,488.7,1796.18\nTransfer/sec:,"599.85KB\n"")",0,,,
170.49,1.10s,15.14s,1804.63\nTransfer/sec:,"602.67KB\n"")",1,,,
104.89,292.93,1.98s,1808.51\nTransfer/sec:,"603.97KB\n"")",1,,,
247.65,666.72,3.48s,1806.32\nTransfer/sec:,"603.23KB\n"")",1,,,
86.13,250.01,1.83s,1806.27\nTransfer/sec:,"603.22KB\n"")",1,,,
122.68,338.59,3.31s,1803.11\nTransfer/sec:,"602.16KB\n"")",1,,,
29.8,22.65,511.74,1800.11\nTransfer/sec:,"601.16KB\n"")",0,,,
29.83,9.78,78.91,1795.34\nTransfer/sec:,"599.57KB\n"")",0,,,
88.51,249.16,3.29s,1785.86\nTransfer/sec:,"596.40KB\n"")",1,,,
247.24,642.29,3.47s,1787.63\nTransfer/sec:,"596.99KB\n"")",1,,,
201.72,550.84,3.38s,1779.74\nTransfer/sec:,"594.36KB\n"")",1,,,
60.86,153.22,1.90s,1771.41\nTransfer/sec:,"591.57KB\n"")",1,,,
56.96,127.86,1.95s,1751.33\nTransfer/sec:,"584.87KB\n"")",0,,,
51.27,24.01,194.56,1751.63\nTransfer/sec:,"584.97KB\n"")",0,,,
110.59,276.69,1.95s,1752.38\nTransfer/sec:,"585.22KB\n"")",1,,,
348.98,934.08,7.57s,1746.13\nTransfer/sec:,"583.13KB\n"")",1,,,
63.84,138.49,1.76s,1732.44\nTransfer/sec:,"578.56KB\n"")",1,,,
51.3,132.74,1.94s,1689.83\nTransfer/sec:,"564.33KB\n"")",0,,,
44.03,21.39,263.17,1723.80\nTransfer/sec:,"575.67KB\n"")",0,,,
65.65,149.96,1.95s,1729.29\nTransfer/sec:,"577.51KB\n"")",1,,,
388.77,1.02s,7.84s,1724.22\nTransfer/sec:,"575.81KB\n"")",1,,,
166.1,536.85,3.47s,1718.48\nTransfer/sec:,"573.90KB\n"")",1,,,
84.25,320.01,3.91s,1711.14\nTransfer/sec:,"571.45KB\n"")",1,,,
30.03,9.7,72.64,1701.56\nTransfer/sec:,"568.25KB\n"")",0,,,
79.07,237.38,1.82s,1693.49\nTransfer/sec:,"565.55KB\n"")",1,,,
59.88,127.67,1.02s,1685.91\nTransfer/sec:,"563.02KB\n"")",0,,,
42.86,81.5,958.98,1678.78\nTransfer/sec:,"560.64KB\n"")",0,,,
150.77,492.2,7.81s,1669.12\nTransfer/sec:,"557.41KB\n"")",1,,,
40.33,81.4,945.15,1647.72\nTransfer/sec:,"550.26KB\n"")",0,,,
33.89,10.34,79.94,1656.21\nTransfer/sec:,"553.10KB\n"")",0,,,
33.11,10.23,89.22,1650.23\nTransfer/sec:,"551.10KB\n"")",0,,,
56.53,103.53,1.73s,1636.82\nTransfer/sec:,"546.62KB\n"")",0,,,
52.54,113.95,1.01s,1634.15\nTransfer/sec:,"545.73KB\n"")",0,,,
68.45,207.16,1.84s,1624.41\nTransfer/sec:,"542.48KB\n"")",1,,,
57.65,138.64,1.98s,1615.61\nTransfer/sec:,"539.54KB\n"")",0,,,
213.79,511.4,4.32s,1604.11\nTransfer/sec:,"535.70KB\n"")",1,,,
46.31,53.28,940.03,1595.69\nTransfer/sec:,"532.89KB\n"")",0,,,
32.95,10.13,75.26,1597.82\nTransfer/sec:,"533.60KB\n"")",0,,,
33.12,10.11,65.18,1594.87\nTransfer/sec:,"532.61KB\n"")",0,,,
83.94,234.06,1.85s,1591.89\nTransfer/sec:,"531.62KB\n"")",1,,,
65.09,135.7,1.96s,1590.21\nTransfer/sec:,"531.06KB\n"")",1,,,
50.83,108.05,1.02s,1594.96\nTransfer/sec:,"532.64KB\n"")",0,,,
55.39,122.01,1.21s,1597.75\nTransfer/sec:,"533.57KB\n"")",0,,,
41.92,82.9,961.02,1598.84\nTransfer/sec:,"533.94KB\n"")",0,,,
123.25,570.83,7.83s,1560.38\nTransfer/sec:,"521.09KB\n"")",1,,,
30.03,9.51,65.25,1605.79\nTransfer/sec:,"536.26KB\n"")",0,,,
30,9.56,69.18,1607.93\nTransfer/sec:,"536.98KB\n"")",0,,,
106.8,301.21,1.97s,1608.86\nTransfer/sec:,"537.29KB\n"")",1,,,
48.66,99.81,1.03s,1607.66\nTransfer/sec:,"536.88KB\n"")",0,,,
71.89,179.12,1.96s,1609.67\nTransfer/sec:,"537.56KB\n"")",1,,,
51.51,112,982.53,1613.61\nTransfer/sec:,"538.87KB\n"")",0,,,
57.23,136.8,1.77s,1622.61\nTransfer/sec:,"541.88KB\n"")",0,,,
55.71,141.36,1.80s,1632.35\nTransfer/sec:,"545.13KB\n"")",0,,,
33.05,10.16,71.23,1640.30\nTransfer/sec:,"547.79KB\n"")",0,,,
184.98,732.8,7.71s,1650.27\nTransfer/sec:,"551.12KB\n"")",1,,,
124.52,344.08,3.59s,1661.00\nTransfer/sec:,"554.70KB\n"")",1,,,
130.41,347.82,2.03s,1671.88\nTransfer/sec:,"558.33KB\n"")",1,,,
54.41,132.33,1.77s,1687.78\nTransfer/sec:,"563.64KB\n"")",0,,,
68.21,237.33,3.91s,1626.51\nTransfer/sec:,"543.18KB\n"")",1,,,
29.98,9.7,76.8,1706.81\nTransfer/sec:,"570.00KB\n"")",0,,,
77.93,241.95,1.87s,1717.69\nTransfer/sec:,"573.63KB\n"")",1,,,
77.62,243.41,1.84s,1732.91\nTransfer/sec:,"578.72KB\n"")",1,,,
98.5,278.56,3.29s,1747.36\nTransfer/sec:,"583.54KB\n"")",1,,,
69.16,158.6,1.74s,1761.48\nTransfer/sec:,"588.26KB\n"")",1,,,
92.88,248.45,1.84s,1773.00\nTransfer/sec:,"592.11KB\n"")",1,,,
33.22,10.24,90.37,1796.23\nTransfer/sec:,"599.86KB\n"")",0,,,
33.47,10.41,106.11,1816.96\nTransfer/sec:,"606.79KB\n"")",0,,,
300.44,737.09,7.69s,1826.88\nTransfer/sec:,"610.10KB\n"")",1,,,
62.18,116.41,1.72s,1835.65\nTransfer/sec:,"613.03KB\n"")",1,,,
169.93,526.67,7.82s,1855.84\nTransfer/sec:,"619.77KB\n"")",1,,,
86.43,245.6,1.82s,1860.79\nTransfer/sec:,"621.43KB\n"")",1,,,
30.38,9.7,75.58,1882.94\nTransfer/sec:,"628.83KB\n"")",0,,,
29.78,9.69,79.36,1898.09\nTransfer/sec:,"633.88KB\n"")",0,,,
79.14,243.44,1.82s,1914.78\nTransfer/sec:,"639.46KB\n"")",1,,,
104.37,271.39,1.99s,1922.97\nTransfer/sec:,"642.19KB\n"")",1,,,
107.78,295.74,1.98s,1944.32\nTransfer/sec:,"649.32KB\n"")",1,,,
82,250.84,1.82s,1964.26\nTransfer/sec:,"655.98KB\n"")",1,,,
26.49,13.07,89.73,1927.89\nTransfer/sec:,"643.84KB\n"")",0,,,
30.38,11.31,108.99,2000.69\nTransfer/sec:,"668.12KB\n"")",0,,,
30.93,11.22,120.32,2016.45\nTransfer/sec:,"673.37KB\n"")",0,,,
133.83,344.72,2.04s,2042.29\nTransfer/sec:,"682.00KB\n"")",1,,,
175.24,440.51,2.87s,2067.82\nTransfer/sec:,"690.52KB\n"")",1,,,
84.55,250.35,1.82s,2090.49\nTransfer/sec:,"698.09KB\n"")",1,,,
303.12,696.87,3.60s,2098.35\nTransfer/sec:,"700.72KB\n"")",1,,,
29.99,21.67,517.89,2116.96\nTransfer/sec:,"706.94KB\n"")",0,,,
47.6,28.83,381.18,2117.55\nTransfer/sec:,"707.13KB\n"")",0,,,
98,318.79,3.33s,2128.93\nTransfer/sec:,"710.93KB\n"")",1,,,
88.84,250.63,1.81s,2132.02\nTransfer/sec:,"711.96KB\n"")",1,,,
86.33,257.26,1.86s,2139.77\nTransfer/sec:,"714.55KB\n"")",1,,,
101.32,270.81,1.82s,2145.70\nTransfer/sec:,"716.53KB\n"")",1,,,
179.83,512.82,3.60s,2137.22\nTransfer/sec:,"713.70KB\n"")",1,,,
32.69,14.12,127.49,2160.50\nTransfer/sec:,"721.47KB\n"")",0,,,
35.4,29.38,442.11,2167.26\nTransfer/sec:,"723.73KB\n"")",0,,,
246.89,666.22,3.44s,2172.64\nTransfer/sec:,"725.53KB\n"")",1,,,
107.81,349.26,3.39s,2176.11\nTransfer/sec:,"726.69KB\n"")",1,,,
93.43,251.57,1.80s,2171.42\nTransfer/sec:,"725.12KB\n"")",1,,,
88.34,256.17,1.79s,2177.27\nTransfer/sec:,"727.08KB\n"")",1,,,
38.47,80.15,1.79s,2107.32\nTransfer/sec:,"703.72KB\n"")",0,,,
38.83,16.77,160.51,2181.39\nTransfer/sec:,"728.45KB\n"")",0,,,
49.99,110.22,1.31s,2184.98\nTransfer/sec:,"729.65KB\n"")",0,,,
322.51,739.66,3.96s,2189.24\nTransfer/sec:,"731.07KB\n"")",1,,,
98.98,270.72,3.31s,2192.31\nTransfer/sec:,"732.10KB\n"")",1,,,
277.58,663.9,3.43s,2193.21\nTransfer/sec:,"732.40KB\n"")",1,,,
154.26,363.07,2.24s,2194.08\nTransfer/sec:,"732.69KB\n"")",1,,,
36.66,52.75,1.01s,2194.97\nTransfer/sec:,"732.99KB\n"")",0,,,
31.96,13.45,174.21,2195.04\nTransfer/sec:,"733.01KB\n"")",0,,,
94.19,254.73,1.82s,2184.99\nTransfer/sec:,"729.65KB\n"")",1,,,
145.73,320.04,2.04s,2177.17\nTransfer/sec:,"727.04KB\n"")",1,,,
253.12,676.72,3.42s,2191.20\nTransfer/sec:,"731.73KB\n"")",1,,,
106.75,353.31,3.34s,2191.28\nTransfer/sec:,"731.75KB\n"")",1,,,
38.16,56.88,1.00s,2116.26\nTransfer/sec:,"706.70KB\n"")",0,,,
31.81,13.75,131.97,2163.57\nTransfer/sec:,"722.50KB\n"")",0,,,
240.8,653.42,3.49s,2162.71\nTransfer/sec:,"722.21KB\n"")",1,,,
169.69,454.66,3.36s,2165.29\nTransfer/sec:,"723.08KB\n"")",1,,,
143.55,355.34,2.06s,2174.39\nTransfer/sec:,"726.12KB\n"")",1,,,
99.93,271.48,1.95s,2177.24\nTransfer/sec:,"727.07KB\n"")",1,,,
141.76,345.16,2.01s,2181.39\nTransfer/sec:,"728.45KB\n"")",1,,,
38.12,65.37,1.02s,2190.19\nTransfer/sec:,"731.39KB\n"")",0,,,
32.53,14.37,149.12,2192.28\nTransfer/sec:,"732.09KB\n"")",0,,,
90.25,257.28,1.81s,2194.14\nTransfer/sec:,"732.71KB\n"")",1,,,
187.79,536.71,3.47s,2185.56\nTransfer/sec:,"729.85KB\n"")",1,,,
155.28,408.64,3.41s,2192.31\nTransfer/sec:,"732.10KB\n"")",1,,,
138.85,347.53,2.07s,2186.93\nTransfer/sec:,"730.30KB\n"")",1,,,
106.91,286.58,1.90s,2176.38\nTransfer/sec:,"726.78KB\n"")",1,,,
37.36,22.19,298.24,2181.09\nTransfer/sec:,"728.35KB\n"")",0,,,
32.38,15.49,136.58,2187.92\nTransfer/sec:,"730.63KB\n"")",0,,,
256.73,671.88,3.44s,2189.04\nTransfer/sec:,"731.01KB\n"")",1,,,
315.15,722.29,6.56s,2182.64\nTransfer/sec:,"728.87KB\n"")",1,,,
133.85,336.96,2.02s,2189.02\nTransfer/sec:,"731.00KB\n"")",1,,,
127.04,369.88,2.75s,2182.32\nTransfer/sec:,"728.76KB\n"")",1,,,
29.42,16.17,143.74,2185.30\nTransfer/sec:,"729.76KB\n"")",0,,,
33.06,16.07,144.26,2177.14\nTransfer/sec:,"727.03KB\n"")",0,,,
90.68,257.45,1.78s,2169.45\nTransfer/sec:,"724.46KB\n"")",1,,,
264.29,628.55,3.41s,2155.08\nTransfer/sec:,"719.66KB\n"")",1,,,
261.68,672,3.48s,2155.53\nTransfer/sec:,"719.82KB\n"")",1,,,
84.4,249.79,1.82s,2152.81\nTransfer/sec:,"718.91KB\n"")",1,,,
70.99,234.57,1.84s,2111.04\nTransfer/sec:,"704.96KB\n"")",1,,,
31.54,12.05,116.99,2138.67\nTransfer/sec:,"714.18KB\n"")",0,,,
33.51,16.14,139.26,2131.05\nTransfer/sec:,"711.64KB\n"")",0,,,
96.45,264.35,1.80s,2122.23\nTransfer/sec:,"708.69KB\n"")",1,,,
87.86,260.08,3.25s,2112.33\nTransfer/sec:,"705.39KB\n"")",1,,,
101.25,309.85,3.38s,2096.94\nTransfer/sec:,"700.25KB\n"")",1,,,
140.11,351,2.02s,2092.47\nTransfer/sec:,"698.76KB\n"")",1,,,
51.89,37.8,515.58,2065.03\nTransfer/sec:,"689.59KB\n"")",0,,,
40.66,24.03,311.3,2054.02\nTransfer/sec:,"685.91KB\n"")",0,,,
32.33,14.04,139.9,2053.20\nTransfer/sec:,"685.64KB\n"")",0,,,
83.01,247.25,1.80s,2044.14\nTransfer/sec:,"682.61KB\n"")",1,,,
141.31,452.21,3.46s,2033.28\nTransfer/sec:,"678.99KB\n"")",1,,,
245.76,651.56,3.47s,2018.73\nTransfer/sec:,"674.13KB\n"")",1,,,
237.69,656,3.46s,2019.22\nTransfer/sec:,"674.29KB\n"")",1,,,
73.15,232.79,2.01s,2012.55\nTransfer/sec:,"672.07KB\n"")",1,,,
30.55,11.93,112.45,2003.58\nTransfer/sec:,"669.08KB\n"")",0,,,
88.44,280.69,3.38s,1995.55\nTransfer/sec:,"666.41KB\n"")",1,,,
248.08,655.76,3.48s,1987.62\nTransfer/sec:,"663.77KB\n"")",1,,,
79.05,244.57,1.81s,1975.43\nTransfer/sec:,"659.71KB\n"")",1,,,
209.78,593.88,3.40s,1967.05\nTransfer/sec:,"656.92KB\n"")",1,,,
82.22,251.15,1.83s,1953.14\nTransfer/sec:,"652.27KB\n"")",1,,,
29.69,9.74,86.14,1941.51\nTransfer/sec:,"648.38KB\n"")",0,,,
45.62,23.98,304.64,1923.21\nTransfer/sec:,"642.27KB\n"")",0,,,
115.75,313.75,1.98s,1915.78\nTransfer/sec:,"639.79KB\n"")",1,,,
80.31,243.62,1.79s,1907.08\nTransfer/sec:,"636.89KB\n"")",1,,,
196.59,593.12,3.41s,1899.87\nTransfer/sec:,"634.48KB\n"")",1,,,
134.85,368.81,3.39s,1893.01\nTransfer/sec:,"632.19KB\n"")",1,,,
26.52,12.68,69.38,1883.07\nTransfer/sec:,"628.87KB\n"")",0,,,
30.06,10,86.59,1874.35\nTransfer/sec:,"625.95KB\n"")",0,,,
83.01,245.72,1.84s,1861.28\nTransfer/sec:,"621.59KB\n"")",1,,,
118.49,302.08,2.01s,1845.55\nTransfer/sec:,"616.33KB\n"")",1,,,
126.59,342.83,2.90s,1846.68\nTransfer/sec:,"616.71KB\n"")",1,,,
220.13,632.02,3.49s,1838.99\nTransfer/sec:,"614.14KB\n"")",1,,,
125.68,317.82,2.03s,1823.68\nTransfer/sec:,"609.03KB\n"")",1,,,
36.47,64.71,989.7,1820.84\nTransfer/sec:,"608.08KB\n"")",0,,,
38.07,18.37,246.91,1804.14\nTransfer/sec:,"602.51KB\n"")",0,,,
79.13,240.3,1.81s,1803.01\nTransfer/sec:,"602.13KB\n"")",1,,,
85.15,274.67,3.37s,1795.55\nTransfer/sec:,"599.64KB\n"")",1,,,
83.81,248.83,1.80s,1786.58\nTransfer/sec:,"596.64KB\n"")",1,,,
60.15,133.43,1.72s,1772.34\nTransfer/sec:,"591.88KB\n"")",1,,,
131.97,378.93,5.08s,1748.13\nTransfer/sec:,"583.80KB\n"")",1,,,
42.64,21.92,233.73,1743.57\nTransfer/sec:,"582.28KB\n"")",0,,,
103.17,361.51,3.42s,1736.52\nTransfer/sec:,"579.92KB\n"")",1,,,
84.22,239.41,1.83s,1719.69\nTransfer/sec:,"574.30KB\n"")",1,,,
121.04,419.53,3.40s,1715.35\nTransfer/sec:,"572.85KB\n"")",1,,,
57.59,149.2,1.77s,1706.65\nTransfer/sec:,"569.95KB\n"")",0,,,
43.21,87.7,1.95s,1691.03\nTransfer/sec:,"564.73KB\n"")",0,,,
45.18,22.98,244.99,1691.41\nTransfer/sec:,"564.86KB\n"")",0,,,
85.68,242.23,1.83s,1692.50\nTransfer/sec:,"565.22KB\n"")",1,,,
164.02,427.46,3.85s,1680.55\nTransfer/sec:,"561.23KB\n"")",1,,,
64.01,107.11,1.05s,1677.52\nTransfer/sec:,"560.22KB\n"")",1,,,
50.37,107.47,2.41s,1662.20\nTransfer/sec:,"555.10KB\n"")",0,,,
29.54,9.58,67.9,1680.57\nTransfer/sec:,"561.24KB\n"")",0,,,
77.26,239.72,1.82s,1677.16\nTransfer/sec:,"560.10KB\n"")",1,,,
211.44,616.35,3.49s,1669.04\nTransfer/sec:,"557.38KB\n"")",1,,,
79.66,241.55,1.84s,1661.18\nTransfer/sec:,"554.76KB\n"")",1,,,
75.7,238.54,1.82s,1653.13\nTransfer/sec:,"552.07KB\n"")",1,,,
66.17,218.32,1.83s,1621.69\nTransfer/sec:,"541.57KB\n"")",1,,,
35.63,15.39,232.96,1634.43\nTransfer/sec:,"545.82KB\n"")",0,,,
126.09,455.86,3.46s,1634.42\nTransfer/sec:,"545.82KB\n"")",1,,,
91.48,251.36,1.87s,1629.57\nTransfer/sec:,"544.20KB\n"")",1,,,
173.26,513.5,7.05s,1621.61\nTransfer/sec:,"541.54KB\n"")",1,,,
62.53,117.75,1.04s,1610.93\nTransfer/sec:,"537.98KB\n"")",1,,,
53.73,94.52,979.97,1594.14\nTransfer/sec:,"532.37KB\n"")",0,,,
33.86,10.24,75.9,1607.67\nTransfer/sec:,"536.89KB\n"")",0,,,
80.25,270.73,7.31s,1604.94\nTransfer/sec:,"535.98KB\n"")",1,,,
75.79,139.49,1.09s,1591.81\nTransfer/sec:,"531.59KB\n"")",1,,,
52.54,116.4,1.02s,1590.89\nTransfer/sec:,"531.28KB\n"")",0,,,
207.33,687.7,7.57s,1586.22\nTransfer/sec:,"529.72KB\n"")",1,,,
52.94,118.97,1.80s,1575.73\nTransfer/sec:,"526.22KB\n"")",0,,,
33.19,10.18,75.26,1580.21\nTransfer/sec:,"527.72KB\n"")",0,,,
41.7,18.38,225.28,1573.75\nTransfer/sec:,"525.56KB\n"")",0,,,
47.98,100.33,979.46,1577.17\nTransfer/sec:,"526.70KB\n"")",0,,,
40.42,77.02,976.9,1573.23\nTransfer/sec:,"525.38KB\n"")",0,,,
66.29,102.4,1.01s,1557.31\nTransfer/sec:,"520.07KB\n"")",1,,,
42.36,87.38,976.9,1564.40\nTransfer/sec:,"522.44KB\n"")",0,,,
56.02,124.35,1.24s,1560.42\nTransfer/sec:,"521.11KB\n"")",0,,,
42.66,85.59,963.58,1558.41\nTransfer/sec:,"520.44KB\n"")",0,,,
59.68,181.47,1.84s,1551.42\nTransfer/sec:,"518.10KB\n"")",0,,,
33.58,21.26,494.08,1548.35\nTransfer/sec:,"517.08KB\n"")",0,,,
33.23,10.16,74.62,1538.54\nTransfer/sec:,"513.80KB\n"")",0,,,
34.83,28.17,928.77,1531.82\nTransfer/sec:,"511.56KB\n"")",0,,,
280.92,780.74,7.83s,1521.14\nTransfer/sec:,"507.99KB\n"")",1,,,
75.72,211.16,1.77s,1520.92\nTransfer/sec:,"507.92KB\n"")",1,,,
138.25,427.71,3.96s,1475.57\nTransfer/sec:,"492.77KB\n"")",1,,,
29.95,9.64,72.96,1514.15\nTransfer/sec:,"505.65KB\n"")",0,,,
79.26,233.79,1.86s,1510.17\nTransfer/sec:,"504.33KB\n"")",1,,,
46.22,115.99,1.76s,1504.34\nTransfer/sec:,"502.38KB\n"")",0,,,
42.66,80.54,961.54,1500.28\nTransfer/sec:,"501.02KB\n"")",0,,,
388.06,812.66,4.85s,1495.31\nTransfer/sec:,"499.36KB\n"")",1,,,
59.72,139.96,1.77s,1488.13\nTransfer/sec:,"496.96KB\n"")",0,,,
33.2,10.14,83.46,1486.17\nTransfer/sec:,"496.31KB\n"")",0,,,
261.83,861.78,7.83s,1484.48\nTransfer/sec:,"495.74KB\n"")",1,,,
105.92,301.18,1.99s,1480.66\nTransfer/sec:,"494.47KB\n"")",1,,,
55.91,124.41,1.06s,1474.53\nTransfer/sec:,"492.42KB\n"")",0,,,
337.85,992.74,7.71s,1468.62\nTransfer/sec:,"490.45KB\n"")",1,,,
29.76,9.66,70.27,1466.11\nTransfer/sec:,"489.61KB\n"")",0,,,
32.43,10.13,82.43,1461.96\nTransfer/sec:,"488.22KB\n"")",0,,,
162.46,528.06,3.58s,1461.89\nTransfer/sec:,"488.20KB\n"")",1,,,
186.93,508.31,3.94s,1459.80\nTransfer/sec:,"487.50KB\n"")",1,,,
133.6,466.29,3.39s,1454.94\nTransfer/sec:,"485.88KB\n"")",1,,,
55.61,98.89,1.00s,1444.36\nTransfer/sec:,"482.35KB\n"")",0,,,
33.35,10.18,70.72,1444.98\nTransfer/sec:,"482.55KB\n"")",0,,,
48.49,27.8,384.51,1432.73\nTransfer/sec:,"478.46KB\n"")",0,,,
56.24,155.42,1.78s,1439.92\nTransfer/sec:,"480.86KB\n"")",0,,,
346.97,898.18,7.84s,1435.13\nTransfer/sec:,"479.26KB\n"")",1,,,
110.58,301.02,2.75s,1424.72\nTransfer/sec:,"475.79KB\n"")",1,,,
65.26,149.32,1.04s,1422.50\nTransfer/sec:,"475.04KB\n"")",1,,,
43.94,21.35,243.07,1414.62\nTransfer/sec:,"472.41KB\n"")",0,,,
33.36,10.21,83.14,1416.14\nTransfer/sec:,"472.92KB\n"")",0,,,
38.09,14.93,227.84,1410.63\nTransfer/sec:,"471.08KB\n"")",0,,,
39.93,73.45,926.72,1412.65\nTransfer/sec:,"471.75KB\n"")",0,,,
70.1,111.36,1.06s,1398.99\nTransfer/sec:,"467.19KB\n"")",1,,,
42.27,83.67,954.88,1405.30\nTransfer/sec:,"469.30KB\n"")",0,,,
191.06,656.02,8.68s,1402.82\nTransfer/sec:,"468.47KB\n"")",1,,,
70.55,148.61,1.81s,1394.93\nTransfer/sec:,"465.84KB\n"")",1,,,
33.44,10.12,65.92,1398.27\nTransfer/sec:,"466.95KB\n"")",0,,,
33.49,10.24,81.09,1396.29\nTransfer/sec:,"466.29KB\n"")",0,,,
47.21,109.1,1.79s,1394.80\nTransfer/sec:,"465.79KB\n"")",0,,,
172.66,550.63,3.60s,1391.83\nTransfer/sec:,"464.80KB\n"")",1,,,
49.59,114.39,1.32s,1389.62\nTransfer/sec:,"464.06KB\n"")",0,,,
65.91,195.08,1.81s,1385.60\nTransfer/sec:,"462.72KB\n"")",1,,,
209.67,558,3.88s,1380.06\nTransfer/sec:,"460.87KB\n"")",1,,,
42.7,37.59,542.72,1373.77\nTransfer/sec:,"458.77KB\n"")",0,,,
33.36,10.19,67.52,1376.50\nTransfer/sec:,"459.68KB\n"")",0,,,
61.02,132.73,1.86s,1372.44\nTransfer/sec:,"458.32KB\n"")",1,,,
58.12,123.91,1.75s,1370.06\nTransfer/sec:,"457.53KB\n"")",0,,,
71.77,163.95,1.79s,1366.92\nTransfer/sec:,"456.48KB\n"")",1,,,
49.79,108.22,996.35,1368.73\nTransfer/sec:,"457.08KB\n"")",0,,,
44.53,87.1,982.53,1366.72\nTransfer/sec:,"456.41KB\n"")",0,,,
